{
  "path_d1": "uki_w1_s1_b4_d1.png",
  "path_d5": "uki_w1_s1_b4_d5.png",
  "masked_path_d1": "uki_w1_s1_b4_d1_masked.png",
  "masked_path_d5": "uki_w1_s1_b4_d5_masked.png",
  "mask_path_d1": "uki_w1_s1_b4_d1_mask.png",
  "mask_path_d5": "uki_w1_s1_b4_d5_mask.png",
  "metadata_path": "uki_w1_s1_b4_metadata.json",
  "week": 1,
  "shelf_row": "s",
  "shelf_column": "1",
  "well_row": "b",
  "well_column": "4",
  "num_leaves_d1": 5,
  "num_leaves_d5": 12,
  "area_d1": 11618,
  "area_d5": 25652,
  "leaves_d1": [
    {
      "masked_path": "d1/uki_w1_s1_b4_d1_01_masked.png",
      "mask_path": "d1/uki_w1_s1_b4_d1_01_mask.png",
      "area": 4257,
      "bb_left": 246,
      "bb_top": 200,
      "bb_width": 69,
      "bb_height": 80
    },
    {
      "masked_path": "d1/uki_w1_s1_b4_d1_02_masked.png",
      "mask_path": "d1/uki_w1_s1_b4_d1_02_mask.png",
      "area": 2937,
      "bb_left": 244,
      "bb_top": 275,
      "bb_width": 75,
      "bb_height": 54
    },
    {
      "masked_path": "d1/uki_w1_s1_b4_d1_03_masked.png",
      "mask_path": "d1/uki_w1_s1_b4_d1_03_mask.png",
      "area": 531,
      "bb_left": 233,
      "bb_top": 250,
      "bb_width": 24,
      "bb_height": 37
    },
    {
      "masked_path": "d1/uki_w1_s1_b4_d1_04_masked.png",
      "mask_path": "d1/uki_w1_s1_b4_d1_04_mask.png",
      "area": 3621,
      "bb_left": 182,
      "bb_top": 194,
      "bb_width": 63,
      "bb_height": 73
    },
    {
      "masked_path": "d1/uki_w1_s1_b4_d1_05_masked.png",
      "mask_path": "d1/uki_w1_s1_b4_d1_05_mask.png",
      "area": 332,
      "bb_left": 230,
      "bb_top": 193,
      "bb_width": 21,
      "bb_height": 27
    }
  ],
  "leaves_d5": [
    {
      "masked_path": "d5/uki_w1_s1_b4_d5_01_masked.png",
      "mask_path": "d5/uki_w1_s1_b4_d5_01_mask.png",
      "area": 4317,
      "bb_left": 263,
      "bb_top": 295,
      "bb_width": 74,
      "bb_height": 76
    },
    {
      "masked_path": "d5/uki_w1_s1_b4_d5_02_masked.png",
      "mask_path": "d5/uki_w1_s1_b4_d5_02_mask.png",
      "area": 4560,
      "bb_left": 277,
      "bb_top": 220,
      "bb_width": 75,
      "bb_height": 76
    },
    {
      "masked_path": "d5/uki_w1_s1_b4_d5_03_masked.png",
      "mask_path": "d5/uki_w1_s1_b4_d5_03_mask.png",
      "area": 335,
      "bb_left": 290,
      "bb_top": 283,
      "bb_width": 41,
      "bb_height": 20
    },
    {
      "masked_path": "d5/uki_w1_s1_b4_d5_04_masked.png",
      "mask_path": "d5/uki_w1_s1_b4_d5_04_mask.png",
      "area": 1256,
      "bb_left": 233,
      "bb_top": 308,
      "bb_width": 39,
      "bb_height": 42
    },
    {
      "masked_path": "d5/uki_w1_s1_b4_d5_05_masked.png",
      "mask_path": "d5/uki_w1_s1_b4_d5_05_mask.png",
      "area": 2174,
      "bb_left": 238,
      "bb_top": 243,
      "bb_width": 44,
      "bb_height": 66
    },
    {
      "masked_path": "d5/uki_w1_s1_b4_d5_06_masked.png",
      "mask_path": "d5/uki_w1_s1_b4_d5_06_mask.png",
      "area": 2374,
      "bb_left": 190,
      "bb_top": 264,
      "bb_width": 50,
      "bb_height": 63
    },
    {
      "masked_path": "d5/uki_w1_s1_b4_d5_07_masked.png",
      "mask_path": "d5/uki_w1_s1_b4_d5_07_mask.png",
      "area": 2428,
      "bb_left": 191,
      "bb_top": 215,
      "bb_width": 53,
      "bb_height": 64
    },
    {
      "masked_path": "d5/uki_w1_s1_b4_d5_08_masked.png",
      "mask_path": "d5/uki_w1_s1_b4_d5_08_mask.png",
      "area": 206,
      "bb_left": 189,
      "bb_top": 261,
      "bb_width": 16,
      "bb_height": 23
    },
    {
      "masked_path": "d5/uki_w1_s1_b4_d5_09_masked.png",
      "mask_path": "d5/uki_w1_s1_b4_d5_09_mask.png",
      "area": 3410,
      "bb_left": 219,
      "bb_top": 131,
      "bb_width": 70,
      "bb_height": 61
    },
    {
      "masked_path": "d5/uki_w1_s1_b4_d5_10_masked.png",
      "mask_path": "d5/uki_w1_s1_b4_d5_10_mask.png",
      "area": 3227,
      "bb_left": 278,
      "bb_top": 158,
      "bb_width": 66,
      "bb_height": 63
    },
    {
      "masked_path": "d5/uki_w1_s1_b4_d5_11_masked.png",
      "mask_path": "d5/uki_w1_s1_b4_d5_11_mask.png",
      "area": 1217,
      "bb_left": 287,
      "bb_top": 133,
      "bb_width": 49,
      "bb_height": 35
    },
    {
      "masked_path": "d5/uki_w1_s1_b4_d5_12_masked.png",
      "mask_path": "d5/uki_w1_s1_b4_d5_12_mask.png",
      "area": 393,
      "bb_left": 264,
      "bb_top": 121,
      "bb_width": 30,
      "bb_height": 21
    }
  ]
}