{
  "path_d1": "uki_w1_t3_c5_d1.png",
  "path_d5": "uki_w1_t3_c5_d5.png",
  "masked_path_d1": "uki_w1_t3_c5_d1_masked.png",
  "masked_path_d5": "uki_w1_t3_c5_d5_masked.png",
  "mask_path_d1": "uki_w1_t3_c5_d1_mask.png",
  "mask_path_d5": "uki_w1_t3_c5_d5_mask.png",
  "metadata_path": "uki_w1_t3_c5_metadata.json",
  "week": 1,
  "shelf_row": "t",
  "shelf_column": "3",
  "well_row": "c",
  "well_column": "5",
  "num_leaves_d1": 2,
  "num_leaves_d5": 8,
  "area_d1": 5972,
  "area_d5": 23317,
  "leaves_d1": [
    {
      "masked_path": "d1/uki_w1_t3_c5_d1_01_masked.png",
      "mask_path": "d1/uki_w1_t3_c5_d1_01_mask.png",
      "area": 2966,
      "bb_left": 236,
      "bb_top": 263,
      "bb_width": 66,
      "bb_height": 61
    },
    {
      "masked_path": "d1/uki_w1_t3_c5_d1_02_masked.png",
      "mask_path": "d1/uki_w1_t3_c5_d1_02_mask.png",
      "area": 3016,
      "bb_left": 240,
      "bb_top": 201,
      "bb_width": 54,
      "bb_height": 69
    }
  ],
  "leaves_d5": [
    {
      "masked_path": "d5/uki_w1_t3_c5_d5_01_masked.png",
      "mask_path": "d5/uki_w1_t3_c5_d5_01_mask.png",
      "area": 6238,
      "bb_left": 278,
      "bb_top": 227,
      "bb_width": 80,
      "bb_height": 106
    },
    {
      "masked_path": "d5/uki_w1_t3_c5_d5_02_masked.png",
      "mask_path": "d5/uki_w1_t3_c5_d5_02_mask.png",
      "area": 2389,
      "bb_left": 332,
      "bb_top": 220,
      "bb_width": 58,
      "bb_height": 62
    },
    {
      "masked_path": "d5/uki_w1_t3_c5_d5_03_masked.png",
      "mask_path": "d5/uki_w1_t3_c5_d5_03_mask.png",
      "area": 350,
      "bb_left": 283,
      "bb_top": 234,
      "bb_width": 27,
      "bb_height": 30
    },
    {
      "masked_path": "d5/uki_w1_t3_c5_d5_04_masked.png",
      "mask_path": "d5/uki_w1_t3_c5_d5_04_mask.png",
      "area": 3563,
      "bb_left": 207,
      "bb_top": 249,
      "bb_width": 57,
      "bb_height": 85
    },
    {
      "masked_path": "d5/uki_w1_t3_c5_d5_05_masked.png",
      "mask_path": "d5/uki_w1_t3_c5_d5_05_mask.png",
      "area": 3930,
      "bb_left": 168,
      "bb_top": 208,
      "bb_width": 72,
      "bb_height": 70
    },
    {
      "masked_path": "d5/uki_w1_t3_c5_d5_06_masked.png",
      "mask_path": "d5/uki_w1_t3_c5_d5_06_mask.png",
      "area": 3137,
      "bb_left": 232,
      "bb_top": 191,
      "bb_width": 77,
      "bb_height": 51
    },
    {
      "masked_path": "d5/uki_w1_t3_c5_d5_07_masked.png",
      "mask_path": "d5/uki_w1_t3_c5_d5_07_mask.png",
      "area": 3666,
      "bb_left": 191,
      "bb_top": 142,
      "bb_width": 62,
      "bb_height": 77
    },
    {
      "masked_path": "d5/uki_w1_t3_c5_d5_08_masked.png",
      "mask_path": "d5/uki_w1_t3_c5_d5_08_mask.png",
      "area": 198,
      "bb_left": 254,
      "bb_top": 256,
      "bb_width": 16,
      "bb_height": 21
    }
  ]
}