{
  "path_d1": "uki_w1_q4_c4_d1.png",
  "path_d5": "uki_w1_q4_c4_d5.png",
  "masked_path_d1": "uki_w1_q4_c4_d1_masked.png",
  "masked_path_d5": "uki_w1_q4_c4_d5_masked.png",
  "mask_path_d1": "uki_w1_q4_c4_d1_mask.png",
  "mask_path_d5": "uki_w1_q4_c4_d5_mask.png",
  "metadata_path": "uki_w1_q4_c4_metadata.json",
  "week": 1,
  "shelf_row": "q",
  "shelf_column": "4",
  "well_row": "c",
  "well_column": "4",
  "num_leaves_d1": 3,
  "num_leaves_d5": 11,
  "area_d1": 6836,
  "area_d5": 22246,
  "leaves_d1": [
    {
      "masked_path": "d1/uki_w1_q4_c4_d1_01_masked.png",
      "mask_path": "d1/uki_w1_q4_c4_d1_01_mask.png",
      "area": 2805,
      "bb_left": 243,
      "bb_top": 240,
      "bb_width": 76,
      "bb_height": 50
    },
    {
      "masked_path": "d1/uki_w1_q4_c4_d1_02_masked.png",
      "mask_path": "d1/uki_w1_q4_c4_d1_02_mask.png",
      "area": 492,
      "bb_left": 251,
      "bb_top": 285,
      "bb_width": 36,
      "bb_height": 18
    },
    {
      "masked_path": "d1/uki_w1_q4_c4_d1_03_masked.png",
      "mask_path": "d1/uki_w1_q4_c4_d1_03_mask.png",
      "area": 3568,
      "bb_left": 208,
      "bb_top": 199,
      "bb_width": 68,
      "bb_height": 73
    }
  ],
  "leaves_d5": [
    {
      "masked_path": "d5/uki_w1_q4_c4_d5_01_masked.png",
      "mask_path": "d5/uki_w1_q4_c4_d5_01_mask.png",
      "area": 3887,
      "bb_left": 158,
      "bb_top": 268,
      "bb_width": 80,
      "bb_height": 63
    },
    {
      "masked_path": "d5/uki_w1_q4_c4_d5_02_masked.png",
      "mask_path": "d5/uki_w1_q4_c4_d5_02_mask.png",
      "area": 669,
      "bb_left": 189,
      "bb_top": 250,
      "bb_width": 44,
      "bb_height": 24
    },
    {
      "masked_path": "d5/uki_w1_q4_c4_d5_03_masked.png",
      "mask_path": "d5/uki_w1_q4_c4_d5_03_mask.png",
      "area": 2364,
      "bb_left": 207,
      "bb_top": 285,
      "bb_width": 58,
      "bb_height": 66
    },
    {
      "masked_path": "d5/uki_w1_q4_c4_d5_04_masked.png",
      "mask_path": "d5/uki_w1_q4_c4_d5_04_mask.png",
      "area": 2286,
      "bb_left": 229,
      "bb_top": 240,
      "bb_width": 68,
      "bb_height": 48
    },
    {
      "masked_path": "d5/uki_w1_q4_c4_d5_05_masked.png",
      "mask_path": "d5/uki_w1_q4_c4_d5_05_mask.png",
      "area": 2031,
      "bb_left": 216,
      "bb_top": 208,
      "bb_width": 56,
      "bb_height": 52
    },
    {
      "masked_path": "d5/uki_w1_q4_c4_d5_06_masked.png",
      "mask_path": "d5/uki_w1_q4_c4_d5_06_mask.png",
      "area": 2273,
      "bb_left": 265,
      "bb_top": 202,
      "bb_width": 56,
      "bb_height": 54
    },
    {
      "masked_path": "d5/uki_w1_q4_c4_d5_07_masked.png",
      "mask_path": "d5/uki_w1_q4_c4_d5_07_mask.png",
      "area": 3926,
      "bb_left": 252,
      "bb_top": 138,
      "bb_width": 71,
      "bb_height": 73
    },
    {
      "masked_path": "d5/uki_w1_q4_c4_d5_08_masked.png",
      "mask_path": "d5/uki_w1_q4_c4_d5_08_mask.png",
      "area": 4237,
      "bb_left": 176,
      "bb_top": 139,
      "bb_width": 77,
      "bb_height": 72
    },
    {
      "masked_path": "d5/uki_w1_q4_c4_d5_09_masked.png",
      "mask_path": "d5/uki_w1_q4_c4_d5_09_mask.png",
      "area": 130,
      "bb_left": 242,
      "bb_top": 154,
      "bb_width": 12,
      "bb_height": 18
    },
    {
      "masked_path": "d5/uki_w1_q4_c4_d5_10_masked.png",
      "mask_path": "d5/uki_w1_q4_c4_d5_10_mask.png",
      "area": 281,
      "bb_left": 207,
      "bb_top": 205,
      "bb_width": 31,
      "bb_height": 25
    },
    {
      "masked_path": "d5/uki_w1_q4_c4_d5_11_masked.png",
      "mask_path": "d5/uki_w1_q4_c4_d5_11_mask.png",
      "area": 241,
      "bb_left": 234,
      "bb_top": 196,
      "bb_width": 24,
      "bb_height": 18
    }
  ]
}