{
  "path_d1": "uki_w1_t3_a6_d1.png",
  "path_d5": "uki_w1_t3_a6_d5.png",
  "masked_path_d1": "uki_w1_t3_a6_d1_masked.png",
  "masked_path_d5": "uki_w1_t3_a6_d5_masked.png",
  "mask_path_d1": "uki_w1_t3_a6_d1_mask.png",
  "mask_path_d5": "uki_w1_t3_a6_d5_mask.png",
  "metadata_path": "uki_w1_t3_a6_metadata.json",
  "week": 1,
  "shelf_row": "t",
  "shelf_column": "3",
  "well_row": "a",
  "well_column": "6",
  "num_leaves_d1": 2,
  "num_leaves_d5": 6,
  "area_d1": 5401,
  "area_d5": 13816,
  "leaves_d1": [
    {
      "masked_path": "d1/uki_w1_t3_a6_d1_01_masked.png",
      "mask_path": "d1/uki_w1_t3_a6_d1_01_mask.png",
      "area": 2962,
      "bb_left": 213,
      "bb_top": 237,
      "bb_width": 53,
      "bb_height": 74
    },
    {
      "masked_path": "d1/uki_w1_t3_a6_d1_02_masked.png",
      "mask_path": "d1/uki_w1_t3_a6_d1_02_mask.png",
      "area": 2460,
      "bb_left": 225,
      "bb_top": 202,
      "bb_width": 65,
      "bb_height": 56
    }
  ],
  "leaves_d5": [
    {
      "masked_path": "d5/uki_w1_t3_a6_d5_01_masked.png",
      "mask_path": "d5/uki_w1_t3_a6_d5_01_mask.png",
      "area": 2848,
      "bb_left": 171,
      "bb_top": 174,
      "bb_width": 75,
      "bb_height": 50
    },
    {
      "masked_path": "d5/uki_w1_t3_a6_d5_02_masked.png",
      "mask_path": "d5/uki_w1_t3_a6_d5_02_mask.png",
      "area": 5640,
      "bb_left": 175,
      "bb_top": 217,
      "bb_width": 74,
      "bb_height": 100
    },
    {
      "masked_path": "d5/uki_w1_t3_a6_d5_03_masked.png",
      "mask_path": "d5/uki_w1_t3_a6_d5_03_mask.png",
      "area": 190,
      "bb_left": 183,
      "bb_top": 224,
      "bb_width": 13,
      "bb_height": 24
    },
    {
      "masked_path": "d5/uki_w1_t3_a6_d5_04_masked.png",
      "mask_path": "d5/uki_w1_t3_a6_d5_04_mask.png",
      "area": 1371,
      "bb_left": 235,
      "bb_top": 211,
      "bb_width": 40,
      "bb_height": 51
    },
    {
      "masked_path": "d5/uki_w1_t3_a6_d5_05_masked.png",
      "mask_path": "d5/uki_w1_t3_a6_d5_05_mask.png",
      "area": 1610,
      "bb_left": 218,
      "bb_top": 156,
      "bb_width": 48,
      "bb_height": 47
    },
    {
      "masked_path": "d5/uki_w1_t3_a6_d5_06_masked.png",
      "mask_path": "d5/uki_w1_t3_a6_d5_06_mask.png",
      "area": 2289,
      "bb_left": 244,
      "bb_top": 188,
      "bb_width": 69,
      "bb_height": 50
    }
  ]
}