{
  "path_d1": "uki_w1_t2_b1_d1.png",
  "path_d5": "uki_w1_t2_b1_d5.png",
  "masked_path_d1": "uki_w1_t2_b1_d1_masked.png",
  "masked_path_d5": "uki_w1_t2_b1_d5_masked.png",
  "mask_path_d1": "uki_w1_t2_b1_d1_mask.png",
  "mask_path_d5": "uki_w1_t2_b1_d5_mask.png",
  "metadata_path": "uki_w1_t2_b1_metadata.json",
  "week": 1,
  "shelf_row": "t",
  "shelf_column": "2",
  "well_row": "b",
  "well_column": "1",
  "num_leaves_d1": 2,
  "num_leaves_d5": 9,
  "area_d1": 7026,
  "area_d5": 24902,
  "leaves_d1": [
    {
      "masked_path": "d1/uki_w1_t2_b1_d1_01_masked.png",
      "mask_path": "d1/uki_w1_t2_b1_d1_01_mask.png",
      "area": 3387,
      "bb_left": 257,
      "bb_top": 183,
      "bb_width": 53,
      "bb_height": 82
    },
    {
      "masked_path": "d1/uki_w1_t2_b1_d1_02_masked.png",
      "mask_path": "d1/uki_w1_t2_b1_d1_02_mask.png",
      "area": 3672,
      "bb_left": 197,
      "bb_top": 231,
      "bb_width": 83,
      "bb_height": 62
    }
  ],
  "leaves_d5": [
    {
      "masked_path": "d5/uki_w1_t2_b1_d5_01_masked.png",
      "mask_path": "d5/uki_w1_t2_b1_d5_01_mask.png",
      "area": 4339,
      "bb_left": 148,
      "bb_top": 224,
      "bb_width": 88,
      "bb_height": 62
    },
    {
      "masked_path": "d5/uki_w1_t2_b1_d5_02_masked.png",
      "mask_path": "d5/uki_w1_t2_b1_d5_02_mask.png",
      "area": 5771,
      "bb_left": 217,
      "bb_top": 248,
      "bb_width": 79,
      "bb_height": 99
    },
    {
      "masked_path": "d5/uki_w1_t2_b1_d5_03_masked.png",
      "mask_path": "d5/uki_w1_t2_b1_d5_03_mask.png",
      "area": 4114,
      "bb_left": 281,
      "bb_top": 165,
      "bb_width": 81,
      "bb_height": 66
    },
    {
      "masked_path": "d5/uki_w1_t2_b1_d5_04_masked.png",
      "mask_path": "d5/uki_w1_t2_b1_d5_04_mask.png",
      "area": 3237,
      "bb_left": 265,
      "bb_top": 127,
      "bb_width": 64,
      "bb_height": 102
    },
    {
      "masked_path": "d5/uki_w1_t2_b1_d5_05_masked.png",
      "mask_path": "d5/uki_w1_t2_b1_d5_05_mask.png",
      "area": 1856,
      "bb_left": 233,
      "bb_top": 231,
      "bb_width": 61,
      "bb_height": 45
    },
    {
      "masked_path": "d5/uki_w1_t2_b1_d5_06_masked.png",
      "mask_path": "d5/uki_w1_t2_b1_d5_06_mask.png",
      "area": 1167,
      "bb_left": 236,
      "bb_top": 201,
      "bb_width": 40,
      "bb_height": 35
    },
    {
      "masked_path": "d5/uki_w1_t2_b1_d5_07_masked.png",
      "mask_path": "d5/uki_w1_t2_b1_d5_07_mask.png",
      "area": 1810,
      "bb_left": 180,
      "bb_top": 184,
      "bb_width": 55,
      "bb_height": 41
    },
    {
      "masked_path": "d5/uki_w1_t2_b1_d5_08_masked.png",
      "mask_path": "d5/uki_w1_t2_b1_d5_08_mask.png",
      "area": 220,
      "bb_left": 206,
      "bb_top": 274,
      "bb_width": 11,
      "bb_height": 28
    },
    {
      "masked_path": "d5/uki_w1_t2_b1_d5_09_masked.png",
      "mask_path": "d5/uki_w1_t2_b1_d5_09_mask.png",
      "area": 2683,
      "bb_left": 216,
      "bb_top": 148,
      "bb_width": 60,
      "bb_height": 72
    }
  ]
}