{
  "path_d1": "uki_w1_p2_c5_d1.png",
  "path_d5": "uki_w1_p2_c5_d5.png",
  "masked_path_d1": "uki_w1_p2_c5_d1_masked.png",
  "masked_path_d5": "uki_w1_p2_c5_d5_masked.png",
  "mask_path_d1": "uki_w1_p2_c5_d1_mask.png",
  "mask_path_d5": "uki_w1_p2_c5_d5_mask.png",
  "metadata_path": "uki_w1_p2_c5_metadata.json",
  "week": 1,
  "shelf_row": "p",
  "shelf_column": "2",
  "well_row": "c",
  "well_column": "5",
  "num_leaves_d1": 3,
  "num_leaves_d5": 9,
  "area_d1": 9137,
  "area_d5": 30093,
  "leaves_d1": [
    {
      "masked_path": "d1/uki_w1_p2_c5_d1_01_masked.png",
      "mask_path": "d1/uki_w1_p2_c5_d1_01_mask.png",
      "area": 5603,
      "bb_left": 215,
      "bb_top": 201,
      "bb_width": 93,
      "bb_height": 79
    },
    {
      "masked_path": "d1/uki_w1_p2_c5_d1_02_masked.png",
      "mask_path": "d1/uki_w1_p2_c5_d1_02_mask.png",
      "area": 342,
      "bb_left": 294,
      "bb_top": 224,
      "bb_width": 22,
      "bb_height": 32
    },
    {
      "masked_path": "d1/uki_w1_p2_c5_d1_03_masked.png",
      "mask_path": "d1/uki_w1_p2_c5_d1_03_mask.png",
      "area": 3192,
      "bb_left": 257,
      "bb_top": 272,
      "bb_width": 61,
      "bb_height": 66
    }
  ],
  "leaves_d5": [
    {
      "masked_path": "d5/uki_w1_p2_c5_d5_01_masked.png",
      "mask_path": "d5/uki_w1_p2_c5_d5_01_mask.png",
      "area": 5199,
      "bb_left": 204,
      "bb_top": 128,
      "bb_width": 75,
      "bb_height": 92
    },
    {
      "masked_path": "d5/uki_w1_p2_c5_d5_02_masked.png",
      "mask_path": "d5/uki_w1_p2_c5_d5_02_mask.png",
      "area": 4944,
      "bb_left": 270,
      "bb_top": 203,
      "bb_width": 88,
      "bb_height": 81
    },
    {
      "masked_path": "d5/uki_w1_p2_c5_d5_03_masked.png",
      "mask_path": "d5/uki_w1_p2_c5_d5_03_mask.png",
      "area": 3261,
      "bb_left": 276,
      "bb_top": 159,
      "bb_width": 75,
      "bb_height": 59
    },
    {
      "masked_path": "d5/uki_w1_p2_c5_d5_04_masked.png",
      "mask_path": "d5/uki_w1_p2_c5_d5_04_mask.png",
      "area": 953,
      "bb_left": 258,
      "bb_top": 213,
      "bb_width": 29,
      "bb_height": 52
    },
    {
      "masked_path": "d5/uki_w1_p2_c5_d5_05_masked.png",
      "mask_path": "d5/uki_w1_p2_c5_d5_05_mask.png",
      "area": 2217,
      "bb_left": 204,
      "bb_top": 198,
      "bb_width": 54,
      "bb_height": 55
    },
    {
      "masked_path": "d5/uki_w1_p2_c5_d5_06_masked.png",
      "mask_path": "d5/uki_w1_p2_c5_d5_06_mask.png",
      "area": 4531,
      "bb_left": 96,
      "bb_top": 211,
      "bb_width": 96,
      "bb_height": 62
    },
    {
      "masked_path": "d5/uki_w1_p2_c5_d5_07_masked.png",
      "mask_path": "d5/uki_w1_p2_c5_d5_07_mask.png",
      "area": 2351,
      "bb_left": 145,
      "bb_top": 176,
      "bb_width": 64,
      "bb_height": 52
    },
    {
      "masked_path": "d5/uki_w1_p2_c5_d5_08_masked.png",
      "mask_path": "d5/uki_w1_p2_c5_d5_08_mask.png",
      "area": 6356,
      "bb_left": 146,
      "bb_top": 244,
      "bb_width": 84,
      "bb_height": 100
    },
    {
      "masked_path": "d5/uki_w1_p2_c5_d5_09_masked.png",
      "mask_path": "d5/uki_w1_p2_c5_d5_09_mask.png",
      "area": 475,
      "bb_left": 188,
      "bb_top": 234,
      "bb_width": 30,
      "bb_height": 33
    }
  ]
}