{
  "path_d1": "uki_w1_q3_c3_d1.png",
  "path_d5": "uki_w1_q3_c3_d5.png",
  "masked_path_d1": "uki_w1_q3_c3_d1_masked.png",
  "masked_path_d5": "uki_w1_q3_c3_d5_masked.png",
  "mask_path_d1": "uki_w1_q3_c3_d1_mask.png",
  "mask_path_d5": "uki_w1_q3_c3_d5_mask.png",
  "metadata_path": "uki_w1_q3_c3_metadata.json",
  "week": 1,
  "shelf_row": "q",
  "shelf_column": "3",
  "well_row": "c",
  "well_column": "3",
  "num_leaves_d1": 4,
  "num_leaves_d5": 7,
  "area_d1": 6806,
  "area_d5": 21880,
  "leaves_d1": [
    {
      "masked_path": "d1/uki_w1_q3_c3_d1_01_masked.png",
      "mask_path": "d1/uki_w1_q3_c3_d1_01_mask.png",
      "area": 3433,
      "bb_left": 206,
      "bb_top": 202,
      "bb_width": 53,
      "bb_height": 85
    },
    {
      "masked_path": "d1/uki_w1_q3_c3_d1_02_masked.png",
      "mask_path": "d1/uki_w1_q3_c3_d1_02_mask.png",
      "area": 3053,
      "bb_left": 236,
      "bb_top": 263,
      "bb_width": 61,
      "bb_height": 69
    },
    {
      "masked_path": "d1/uki_w1_q3_c3_d1_03_masked.png",
      "mask_path": "d1/uki_w1_q3_c3_d1_03_mask.png",
      "area": 282,
      "bb_left": 252,
      "bb_top": 253,
      "bb_width": 27,
      "bb_height": 16
    },
    {
      "masked_path": "d1/uki_w1_q3_c3_d1_04_masked.png",
      "mask_path": "d1/uki_w1_q3_c3_d1_04_mask.png",
      "area": 76,
      "bb_left": 297,
      "bb_top": 295,
      "bb_width": 3,
      "bb_height": 20
    }
  ],
  "leaves_d5": [
    {
      "masked_path": "d5/uki_w1_q3_c3_d5_01_masked.png",
      "mask_path": "d5/uki_w1_q3_c3_d5_01_mask.png",
      "area": 5194,
      "bb_left": 325,
      "bb_top": 160,
      "bb_width": 90,
      "bb_height": 74
    },
    {
      "masked_path": "d5/uki_w1_q3_c3_d5_02_masked.png",
      "mask_path": "d5/uki_w1_q3_c3_d5_02_mask.png",
      "area": 2812,
      "bb_left": 279,
      "bb_top": 168,
      "bb_width": 54,
      "bb_height": 65
    },
    {
      "masked_path": "d5/uki_w1_q3_c3_d5_03_masked.png",
      "mask_path": "d5/uki_w1_q3_c3_d5_03_mask.png",
      "area": 1620,
      "bb_left": 294,
      "bb_top": 225,
      "bb_width": 85,
      "bb_height": 37
    },
    {
      "masked_path": "d5/uki_w1_q3_c3_d5_04_masked.png",
      "mask_path": "d5/uki_w1_q3_c3_d5_04_mask.png",
      "area": 3351,
      "bb_left": 288,
      "bb_top": 235,
      "bb_width": 68,
      "bb_height": 69
    },
    {
      "masked_path": "d5/uki_w1_q3_c3_d5_05_masked.png",
      "mask_path": "d5/uki_w1_q3_c3_d5_05_mask.png",
      "area": 2905,
      "bb_left": 235,
      "bb_top": 233,
      "bb_width": 60,
      "bb_height": 68
    },
    {
      "masked_path": "d5/uki_w1_q3_c3_d5_06_masked.png",
      "mask_path": "d5/uki_w1_q3_c3_d5_06_mask.png",
      "area": 3643,
      "bb_left": 225,
      "bb_top": 154,
      "bb_width": 53,
      "bb_height": 87
    },
    {
      "masked_path": "d5/uki_w1_q3_c3_d5_07_masked.png",
      "mask_path": "d5/uki_w1_q3_c3_d5_07_mask.png",
      "area": 2469,
      "bb_left": 198,
      "bb_top": 209,
      "bb_width": 58,
      "bb_height": 60
    }
  ]
}