{
  "path_d1": "uki_w1_t2_b2_d1.png",
  "path_d5": "uki_w1_t2_b2_d5.png",
  "masked_path_d1": "uki_w1_t2_b2_d1_masked.png",
  "masked_path_d5": "uki_w1_t2_b2_d5_masked.png",
  "mask_path_d1": "uki_w1_t2_b2_d1_mask.png",
  "mask_path_d5": "uki_w1_t2_b2_d5_mask.png",
  "metadata_path": "uki_w1_t2_b2_metadata.json",
  "week": 1,
  "shelf_row": "t",
  "shelf_column": "2",
  "well_row": "b",
  "well_column": "2",
  "num_leaves_d1": 2,
  "num_leaves_d5": 6,
  "area_d1": 5936,
  "area_d5": 23016,
  "leaves_d1": [
    {
      "masked_path": "d1/uki_w1_t2_b2_d1_01_masked.png",
      "mask_path": "d1/uki_w1_t2_b2_d1_01_mask.png",
      "area": 4693,
      "bb_left": 229,
      "bb_top": 219,
      "bb_width": 65,
      "bb_height": 93
    },
    {
      "masked_path": "d1/uki_w1_t2_b2_d1_02_masked.png",
      "mask_path": "d1/uki_w1_t2_b2_d1_02_mask.png",
      "area": 1257,
      "bb_left": 247,
      "bb_top": 199,
      "bb_width": 46,
      "bb_height": 40
    }
  ],
  "leaves_d5": [
    {
      "masked_path": "d5/uki_w1_t2_b2_d5_01_masked.png",
      "mask_path": "d5/uki_w1_t2_b2_d5_01_mask.png",
      "area": 5546,
      "bb_left": 263,
      "bb_top": 256,
      "bb_width": 101,
      "bb_height": 76
    },
    {
      "masked_path": "d5/uki_w1_t2_b2_d5_02_masked.png",
      "mask_path": "d5/uki_w1_t2_b2_d5_02_mask.png",
      "area": 4896,
      "bb_left": 163,
      "bb_top": 228,
      "bb_width": 75,
      "bb_height": 87
    },
    {
      "masked_path": "d5/uki_w1_t2_b2_d5_03_masked.png",
      "mask_path": "d5/uki_w1_t2_b2_d5_03_mask.png",
      "area": 2366,
      "bb_left": 240,
      "bb_top": 274,
      "bb_width": 58,
      "bb_height": 60
    },
    {
      "masked_path": "d5/uki_w1_t2_b2_d5_04_masked.png",
      "mask_path": "d5/uki_w1_t2_b2_d5_04_mask.png",
      "area": 1298,
      "bb_left": 230,
      "bb_top": 224,
      "bb_width": 36,
      "bb_height": 46
    },
    {
      "masked_path": "d5/uki_w1_t2_b2_d5_05_masked.png",
      "mask_path": "d5/uki_w1_t2_b2_d5_05_mask.png",
      "area": 4541,
      "bb_left": 261,
      "bb_top": 191,
      "bb_width": 81,
      "bb_height": 68
    },
    {
      "masked_path": "d5/uki_w1_t2_b2_d5_06_masked.png",
      "mask_path": "d5/uki_w1_t2_b2_d5_06_mask.png",
      "area": 4491,
      "bb_left": 158,
      "bb_top": 163,
      "bb_width": 73,
      "bb_height": 83
    }
  ]
}