{
  "path_d1": "uki_w1_r4_b2_d1.png",
  "path_d5": "uki_w1_r4_b2_d5.png",
  "masked_path_d1": "uki_w1_r4_b2_d1_masked.png",
  "masked_path_d5": "uki_w1_r4_b2_d5_masked.png",
  "mask_path_d1": "uki_w1_r4_b2_d1_mask.png",
  "mask_path_d5": "uki_w1_r4_b2_d5_mask.png",
  "metadata_path": "uki_w1_r4_b2_metadata.json",
  "week": 1,
  "shelf_row": "r",
  "shelf_column": "4",
  "well_row": "b",
  "well_column": "2",
  "num_leaves_d1": 3,
  "num_leaves_d5": 9,
  "area_d1": 7656,
  "area_d5": 16069,
  "leaves_d1": [
    {
      "masked_path": "d1/uki_w1_r4_b2_d1_01_masked.png",
      "mask_path": "d1/uki_w1_r4_b2_d1_01_mask.png",
      "area": 3875,
      "bb_left": 199,
      "bb_top": 199,
      "bb_width": 83,
      "bb_height": 61
    },
    {
      "masked_path": "d1/uki_w1_r4_b2_d1_02_masked.png",
      "mask_path": "d1/uki_w1_r4_b2_d1_02_mask.png",
      "area": 3492,
      "bb_left": 242,
      "bb_top": 238,
      "bb_width": 64,
      "bb_height": 75
    },
    {
      "masked_path": "d1/uki_w1_r4_b2_d1_03_masked.png",
      "mask_path": "d1/uki_w1_r4_b2_d1_03_mask.png",
      "area": 319,
      "bb_left": 254,
      "bb_top": 201,
      "bb_width": 28,
      "bb_height": 25
    }
  ],
  "leaves_d5": [
    {
      "masked_path": "d5/uki_w1_r4_b2_d5_01_masked.png",
      "mask_path": "d5/uki_w1_r4_b2_d5_01_mask.png",
      "area": 3797,
      "bb_left": 218,
      "bb_top": 276,
      "bb_width": 56,
      "bb_height": 87
    },
    {
      "masked_path": "d5/uki_w1_r4_b2_d5_02_masked.png",
      "mask_path": "d5/uki_w1_r4_b2_d5_02_mask.png",
      "area": 3356,
      "bb_left": 251,
      "bb_top": 246,
      "bb_width": 64,
      "bb_height": 67
    },
    {
      "masked_path": "d5/uki_w1_r4_b2_d5_03_masked.png",
      "mask_path": "d5/uki_w1_r4_b2_d5_03_mask.png",
      "area": 182,
      "bb_left": 238,
      "bb_top": 261,
      "bb_width": 18,
      "bb_height": 23
    },
    {
      "masked_path": "d5/uki_w1_r4_b2_d5_04_masked.png",
      "mask_path": "d5/uki_w1_r4_b2_d5_04_mask.png",
      "area": 3253,
      "bb_left": 167,
      "bb_top": 224,
      "bb_width": 73,
      "bb_height": 58
    },
    {
      "masked_path": "d5/uki_w1_r4_b2_d5_05_masked.png",
      "mask_path": "d5/uki_w1_r4_b2_d5_05_mask.png",
      "area": 393,
      "bb_left": 224,
      "bb_top": 241,
      "bb_width": 26,
      "bb_height": 34
    },
    {
      "masked_path": "d5/uki_w1_r4_b2_d5_06_masked.png",
      "mask_path": "d5/uki_w1_r4_b2_d5_06_mask.png",
      "area": 652,
      "bb_left": 202,
      "bb_top": 274,
      "bb_width": 29,
      "bb_height": 39
    },
    {
      "masked_path": "d5/uki_w1_r4_b2_d5_07_masked.png",
      "mask_path": "d5/uki_w1_r4_b2_d5_07_mask.png",
      "area": 3276,
      "bb_left": 213,
      "bb_top": 170,
      "bb_width": 66,
      "bb_height": 62
    },
    {
      "masked_path": "d5/uki_w1_r4_b2_d5_08_masked.png",
      "mask_path": "d5/uki_w1_r4_b2_d5_08_mask.png",
      "area": 196,
      "bb_left": 229,
      "bb_top": 229,
      "bb_width": 29,
      "bb_height": 12
    },
    {
      "masked_path": "d5/uki_w1_r4_b2_d5_09_masked.png",
      "mask_path": "d5/uki_w1_r4_b2_d5_09_mask.png",
      "area": 1080,
      "bb_left": 188,
      "bb_top": 182,
      "bb_width": 34,
      "bb_height": 43
    }
  ]
}