{
  "path_d1": "uki_w1_r4_b4_d1.png",
  "path_d5": "uki_w1_r4_b4_d5.png",
  "masked_path_d1": "uki_w1_r4_b4_d1_masked.png",
  "masked_path_d5": "uki_w1_r4_b4_d5_masked.png",
  "mask_path_d1": "uki_w1_r4_b4_d1_mask.png",
  "mask_path_d5": "uki_w1_r4_b4_d5_mask.png",
  "metadata_path": "uki_w1_r4_b4_metadata.json",
  "week": 1,
  "shelf_row": "r",
  "shelf_column": "4",
  "well_row": "b",
  "well_column": "4",
  "num_leaves_d1": 2,
  "num_leaves_d5": 6,
  "area_d1": 4974,
  "area_d5": 10525,
  "leaves_d1": [
    {
      "masked_path": "d1/uki_w1_r4_b4_d1_01_masked.png",
      "mask_path": "d1/uki_w1_r4_b4_d1_01_mask.png",
      "area": 2663,
      "bb_left": 231,
      "bb_top": 197,
      "bb_width": 55,
      "bb_height": 59
    },
    {
      "masked_path": "d1/uki_w1_r4_b4_d1_02_masked.png",
      "mask_path": "d1/uki_w1_r4_b4_d1_02_mask.png",
      "area": 2312,
      "bb_left": 235,
      "bb_top": 252,
      "bb_width": 52,
      "bb_height": 63
    }
  ],
  "leaves_d5": [
    {
      "masked_path": "d5/uki_w1_r4_b4_d5_01_masked.png",
      "mask_path": "d5/uki_w1_r4_b4_d5_01_mask.png",
      "area": 3516,
      "bb_left": 263,
      "bb_top": 229,
      "bb_width": 84,
      "bb_height": 54
    },
    {
      "masked_path": "d5/uki_w1_r4_b4_d5_02_masked.png",
      "mask_path": "d5/uki_w1_r4_b4_d5_02_mask.png",
      "area": 507,
      "bb_left": 267,
      "bb_top": 273,
      "bb_width": 34,
      "bb_height": 25
    },
    {
      "masked_path": "d5/uki_w1_r4_b4_d5_03_masked.png",
      "mask_path": "d5/uki_w1_r4_b4_d5_03_mask.png",
      "area": 2617,
      "bb_left": 217,
      "bb_top": 259,
      "bb_width": 52,
      "bb_height": 68
    },
    {
      "masked_path": "d5/uki_w1_r4_b4_d5_04_masked.png",
      "mask_path": "d5/uki_w1_r4_b4_d5_04_mask.png",
      "area": 70,
      "bb_left": 268,
      "bb_top": 290,
      "bb_width": 9,
      "bb_height": 14
    },
    {
      "masked_path": "d5/uki_w1_r4_b4_d5_05_masked.png",
      "mask_path": "d5/uki_w1_r4_b4_d5_05_mask.png",
      "area": 1566,
      "bb_left": 207,
      "bb_top": 232,
      "bb_width": 47,
      "bb_height": 46
    },
    {
      "masked_path": "d5/uki_w1_r4_b4_d5_06_masked.png",
      "mask_path": "d5/uki_w1_r4_b4_d5_06_mask.png",
      "area": 2321,
      "bb_left": 238,
      "bb_top": 199,
      "bb_width": 56,
      "bb_height": 65
    }
  ]
}