{
  "path_d1": "uki_w1_s2_b6_d1.png",
  "path_d5": "uki_w1_s2_b6_d5.png",
  "masked_path_d1": "uki_w1_s2_b6_d1_masked.png",
  "masked_path_d5": "uki_w1_s2_b6_d5_masked.png",
  "mask_path_d1": "uki_w1_s2_b6_d1_mask.png",
  "mask_path_d5": "uki_w1_s2_b6_d5_mask.png",
  "metadata_path": "uki_w1_s2_b6_metadata.json",
  "week": 1,
  "shelf_row": "s",
  "shelf_column": "2",
  "well_row": "b",
  "well_column": "6",
  "num_leaves_d1": 2,
  "num_leaves_d5": 6,
  "area_d1": 4223,
  "area_d5": 13746,
  "leaves_d1": [
    {
      "masked_path": "d1/uki_w1_s2_b6_d1_01_masked.png",
      "mask_path": "d1/uki_w1_s2_b6_d1_01_mask.png",
      "area": 2226,
      "bb_left": 229,
      "bb_top": 207,
      "bb_width": 66,
      "bb_height": 43
    },
    {
      "masked_path": "d1/uki_w1_s2_b6_d1_02_masked.png",
      "mask_path": "d1/uki_w1_s2_b6_d1_02_mask.png",
      "area": 2012,
      "bb_left": 217,
      "bb_top": 242,
      "bb_width": 48,
      "bb_height": 53
    }
  ],
  "leaves_d5": [
    {
      "masked_path": "d5/uki_w1_s2_b6_d5_01_masked.png",
      "mask_path": "d5/uki_w1_s2_b6_d5_01_mask.png",
      "area": 5250,
      "bb_left": 298,
      "bb_top": 224,
      "bb_width": 90,
      "bb_height": 74
    },
    {
      "masked_path": "d5/uki_w1_s2_b6_d5_02_masked.png",
      "mask_path": "d5/uki_w1_s2_b6_d5_02_mask.png",
      "area": 2565,
      "bb_left": 262,
      "bb_top": 229,
      "bb_width": 48,
      "bb_height": 78
    },
    {
      "masked_path": "d5/uki_w1_s2_b6_d5_03_masked.png",
      "mask_path": "d5/uki_w1_s2_b6_d5_03_mask.png",
      "area": 111,
      "bb_left": 310,
      "bb_top": 220,
      "bb_width": 23,
      "bb_height": 10
    },
    {
      "masked_path": "d5/uki_w1_s2_b6_d5_04_masked.png",
      "mask_path": "d5/uki_w1_s2_b6_d5_04_mask.png",
      "area": 2311,
      "bb_left": 288,
      "bb_top": 171,
      "bb_width": 64,
      "bb_height": 48
    },
    {
      "masked_path": "d5/uki_w1_s2_b6_d5_05_masked.png",
      "mask_path": "d5/uki_w1_s2_b6_d5_05_mask.png",
      "area": 1895,
      "bb_left": 261,
      "bb_top": 157,
      "bb_width": 48,
      "bb_height": 54
    },
    {
      "masked_path": "d5/uki_w1_s2_b6_d5_06_masked.png",
      "mask_path": "d5/uki_w1_s2_b6_d5_06_mask.png",
      "area": 1728,
      "bb_left": 248,
      "bb_top": 207,
      "bb_width": 51,
      "bb_height": 49
    }
  ]
}