{
  "path_d1": "uki_w1_s1_c2_d1.png",
  "path_d5": "uki_w1_s1_c2_d5.png",
  "masked_path_d1": "uki_w1_s1_c2_d1_masked.png",
  "masked_path_d5": "uki_w1_s1_c2_d5_masked.png",
  "mask_path_d1": "uki_w1_s1_c2_d1_mask.png",
  "mask_path_d5": "uki_w1_s1_c2_d5_mask.png",
  "metadata_path": "uki_w1_s1_c2_metadata.json",
  "week": 1,
  "shelf_row": "s",
  "shelf_column": "1",
  "well_row": "c",
  "well_column": "2",
  "num_leaves_d1": 3,
  "num_leaves_d5": 7,
  "area_d1": 5168,
  "area_d5": 11413,
  "leaves_d1": [
    {
      "masked_path": "d1/uki_w1_s1_c2_d1_01_masked.png",
      "mask_path": "d1/uki_w1_s1_c2_d1_01_mask.png",
      "area": 3299,
      "bb_left": 254,
      "bb_top": 218,
      "bb_width": 58,
      "bb_height": 73
    },
    {
      "masked_path": "d1/uki_w1_s1_c2_d1_02_masked.png",
      "mask_path": "d1/uki_w1_s1_c2_d1_02_mask.png",
      "area": 1738,
      "bb_left": 217,
      "bb_top": 236,
      "bb_width": 40,
      "bb_height": 53
    },
    {
      "masked_path": "d1/uki_w1_s1_c2_d1_03_masked.png",
      "mask_path": "d1/uki_w1_s1_c2_d1_03_mask.png",
      "area": 191,
      "bb_left": 273,
      "bb_top": 276,
      "bb_width": 26,
      "bb_height": 17
    }
  ],
  "leaves_d5": [
    {
      "masked_path": "d5/uki_w1_s1_c2_d5_01_masked.png",
      "mask_path": "d5/uki_w1_s1_c2_d5_01_mask.png",
      "area": 3606,
      "bb_left": 259,
      "bb_top": 219,
      "bb_width": 56,
      "bb_height": 83
    },
    {
      "masked_path": "d5/uki_w1_s1_c2_d5_02_masked.png",
      "mask_path": "d5/uki_w1_s1_c2_d5_02_mask.png",
      "area": 1477,
      "bb_left": 243,
      "bb_top": 269,
      "bb_width": 46,
      "bb_height": 46
    },
    {
      "masked_path": "d5/uki_w1_s1_c2_d5_03_masked.png",
      "mask_path": "d5/uki_w1_s1_c2_d5_03_mask.png",
      "area": 169,
      "bb_left": 307,
      "bb_top": 266,
      "bb_width": 13,
      "bb_height": 29
    },
    {
      "masked_path": "d5/uki_w1_s1_c2_d5_04_masked.png",
      "mask_path": "d5/uki_w1_s1_c2_d5_04_mask.png",
      "area": 2837,
      "bb_left": 197,
      "bb_top": 189,
      "bb_width": 68,
      "bb_height": 52
    },
    {
      "masked_path": "d5/uki_w1_s1_c2_d5_05_masked.png",
      "mask_path": "d5/uki_w1_s1_c2_d5_05_mask.png",
      "area": 98,
      "bb_left": 193,
      "bb_top": 204,
      "bb_width": 11,
      "bb_height": 22
    },
    {
      "masked_path": "d5/uki_w1_s1_c2_d5_06_masked.png",
      "mask_path": "d5/uki_w1_s1_c2_d5_06_mask.png",
      "area": 3011,
      "bb_left": 190,
      "bb_top": 238,
      "bb_width": 60,
      "bb_height": 63
    },
    {
      "masked_path": "d5/uki_w1_s1_c2_d5_07_masked.png",
      "mask_path": "d5/uki_w1_s1_c2_d5_07_mask.png",
      "area": 306,
      "bb_left": 239,
      "bb_top": 233,
      "bb_width": 17,
      "bb_height": 30
    }
  ]
}