{
  "path_d1": "uki_w1_p3_c5_d1.png",
  "path_d5": "uki_w1_p3_c5_d5.png",
  "masked_path_d1": "uki_w1_p3_c5_d1_masked.png",
  "masked_path_d5": "uki_w1_p3_c5_d5_masked.png",
  "mask_path_d1": "uki_w1_p3_c5_d1_mask.png",
  "mask_path_d5": "uki_w1_p3_c5_d5_mask.png",
  "metadata_path": "uki_w1_p3_c5_metadata.json",
  "week": 1,
  "shelf_row": "p",
  "shelf_column": "3",
  "well_row": "c",
  "well_column": "5",
  "num_leaves_d1": 2,
  "num_leaves_d5": 7,
  "area_d1": 4998,
  "area_d5": 16252,
  "leaves_d1": [
    {
      "masked_path": "d1/uki_w1_p3_c5_d1_01_masked.png",
      "mask_path": "d1/uki_w1_p3_c5_d1_01_mask.png",
      "area": 2692,
      "bb_left": 227,
      "bb_top": 202,
      "bb_width": 55,
      "bb_height": 72
    },
    {
      "masked_path": "d1/uki_w1_p3_c5_d1_02_masked.png",
      "mask_path": "d1/uki_w1_p3_c5_d1_02_mask.png",
      "area": 2323,
      "bb_left": 247,
      "bb_top": 249,
      "bb_width": 60,
      "bb_height": 57
    }
  ],
  "leaves_d5": [
    {
      "masked_path": "d5/uki_w1_p3_c5_d5_01_masked.png",
      "mask_path": "d5/uki_w1_p3_c5_d5_01_mask.png",
      "area": 3309,
      "bb_left": 209,
      "bb_top": 149,
      "bb_width": 65,
      "bb_height": 77
    },
    {
      "masked_path": "d5/uki_w1_p3_c5_d5_02_masked.png",
      "mask_path": "d5/uki_w1_p3_c5_d5_02_mask.png",
      "area": 3093,
      "bb_left": 258,
      "bb_top": 197,
      "bb_width": 48,
      "bb_height": 102
    },
    {
      "masked_path": "d5/uki_w1_p3_c5_d5_03_masked.png",
      "mask_path": "d5/uki_w1_p3_c5_d5_03_mask.png",
      "area": 3407,
      "bb_left": 306,
      "bb_top": 199,
      "bb_width": 67,
      "bb_height": 65
    },
    {
      "masked_path": "d5/uki_w1_p3_c5_d5_04_masked.png",
      "mask_path": "d5/uki_w1_p3_c5_d5_04_mask.png",
      "area": 1360,
      "bb_left": 290,
      "bb_top": 193,
      "bb_width": 35,
      "bb_height": 72
    },
    {
      "masked_path": "d5/uki_w1_p3_c5_d5_05_masked.png",
      "mask_path": "d5/uki_w1_p3_c5_d5_05_mask.png",
      "area": 793,
      "bb_left": 267,
      "bb_top": 173,
      "bb_width": 29,
      "bb_height": 50
    },
    {
      "masked_path": "d5/uki_w1_p3_c5_d5_06_masked.png",
      "mask_path": "d5/uki_w1_p3_c5_d5_06_mask.png",
      "area": 4264,
      "bb_left": 168,
      "bb_top": 195,
      "bb_width": 75,
      "bb_height": 70
    },
    {
      "masked_path": "d5/uki_w1_p3_c5_d5_07_masked.png",
      "mask_path": "d5/uki_w1_p3_c5_d5_07_mask.png",
      "area": 280,
      "bb_left": 240,
      "bb_top": 215,
      "bb_width": 17,
      "bb_height": 27
    }
  ]
}