{
  "path_d1": "uki_w1_s2_d3_d1.png",
  "path_d5": "uki_w1_s2_d3_d5.png",
  "masked_path_d1": "uki_w1_s2_d3_d1_masked.png",
  "masked_path_d5": "uki_w1_s2_d3_d5_masked.png",
  "mask_path_d1": "uki_w1_s2_d3_d1_mask.png",
  "mask_path_d5": "uki_w1_s2_d3_d5_mask.png",
  "metadata_path": "uki_w1_s2_d3_metadata.json",
  "week": 1,
  "shelf_row": "s",
  "shelf_column": "2",
  "well_row": "d",
  "well_column": "3",
  "num_leaves_d1": 3,
  "num_leaves_d5": 4,
  "area_d1": 6450,
  "area_d5": 10338,
  "leaves_d1": [
    {
      "masked_path": "d1/uki_w1_s2_d3_d1_01_masked.png",
      "mask_path": "d1/uki_w1_s2_d3_d1_01_mask.png",
      "area": 3137,
      "bb_left": 247,
      "bb_top": 233,
      "bb_width": 62,
      "bb_height": 62
    },
    {
      "masked_path": "d1/uki_w1_s2_d3_d1_02_masked.png",
      "mask_path": "d1/uki_w1_s2_d3_d1_02_mask.png",
      "area": 3196,
      "bb_left": 189,
      "bb_top": 228,
      "bb_width": 69,
      "bb_height": 68
    },
    {
      "masked_path": "d1/uki_w1_s2_d3_d1_03_masked.png",
      "mask_path": "d1/uki_w1_s2_d3_d1_03_mask.png",
      "area": 176,
      "bb_left": 250,
      "bb_top": 277,
      "bb_width": 30,
      "bb_height": 22
    }
  ],
  "leaves_d5": [
    {
      "masked_path": "d5/uki_w1_s2_d3_d5_01_masked.png",
      "mask_path": "d5/uki_w1_s2_d3_d5_01_mask.png",
      "area": 3310,
      "bb_left": 239,
      "bb_top": 247,
      "bb_width": 76,
      "bb_height": 57
    },
    {
      "masked_path": "d5/uki_w1_s2_d3_d5_02_masked.png",
      "mask_path": "d5/uki_w1_s2_d3_d5_02_mask.png",
      "area": 1876,
      "bb_left": 210,
      "bb_top": 262,
      "bb_width": 57,
      "bb_height": 54
    },
    {
      "masked_path": "d5/uki_w1_s2_d3_d5_03_masked.png",
      "mask_path": "d5/uki_w1_s2_d3_d5_03_mask.png",
      "area": 2780,
      "bb_left": 213,
      "bb_top": 204,
      "bb_width": 79,
      "bb_height": 54
    },
    {
      "masked_path": "d5/uki_w1_s2_d3_d5_04_masked.png",
      "mask_path": "d5/uki_w1_s2_d3_d5_04_mask.png",
      "area": 2406,
      "bb_left": 254,
      "bb_top": 182,
      "bb_width": 62,
      "bb_height": 61
    }
  ]
}