{
  "path_d1": "uki_w1_p4_a3_d1.png",
  "path_d5": "uki_w1_p4_a3_d5.png",
  "masked_path_d1": "uki_w1_p4_a3_d1_masked.png",
  "masked_path_d5": "uki_w1_p4_a3_d5_masked.png",
  "mask_path_d1": "uki_w1_p4_a3_d1_mask.png",
  "mask_path_d5": "uki_w1_p4_a3_d5_mask.png",
  "metadata_path": "uki_w1_p4_a3_metadata.json",
  "week": 1,
  "shelf_row": "p",
  "shelf_column": "4",
  "well_row": "a",
  "well_column": "3",
  "num_leaves_d1": 4,
  "num_leaves_d5": 9,
  "area_d1": 8418,
  "area_d5": 21543,
  "leaves_d1": [
    {
      "masked_path": "d1/uki_w1_p4_a3_d1_01_masked.png",
      "mask_path": "d1/uki_w1_p4_a3_d1_01_mask.png",
      "area": 3586,
      "bb_left": 199,
      "bb_top": 213,
      "bb_width": 57,
      "bb_height": 85
    },
    {
      "masked_path": "d1/uki_w1_p4_a3_d1_02_masked.png",
      "mask_path": "d1/uki_w1_p4_a3_d1_02_mask.png",
      "area": 672,
      "bb_left": 192,
      "bb_top": 263,
      "bb_width": 33,
      "bb_height": 37
    },
    {
      "masked_path": "d1/uki_w1_p4_a3_d1_03_masked.png",
      "mask_path": "d1/uki_w1_p4_a3_d1_03_mask.png",
      "area": 3366,
      "bb_left": 258,
      "bb_top": 220,
      "bb_width": 52,
      "bb_height": 84
    },
    {
      "masked_path": "d1/uki_w1_p4_a3_d1_04_masked.png",
      "mask_path": "d1/uki_w1_p4_a3_d1_04_mask.png",
      "area": 864,
      "bb_left": 245,
      "bb_top": 273,
      "bb_width": 37,
      "bb_height": 39
    }
  ],
  "leaves_d5": [
    {
      "masked_path": "d5/uki_w1_p4_a3_d5_01_masked.png",
      "mask_path": "d5/uki_w1_p4_a3_d5_01_mask.png",
      "area": 3305,
      "bb_left": 200,
      "bb_top": 198,
      "bb_width": 63,
      "bb_height": 69
    },
    {
      "masked_path": "d5/uki_w1_p4_a3_d5_02_masked.png",
      "mask_path": "d5/uki_w1_p4_a3_d5_02_mask.png",
      "area": 625,
      "bb_left": 213,
      "bb_top": 251,
      "bb_width": 40,
      "bb_height": 29
    },
    {
      "masked_path": "d5/uki_w1_p4_a3_d5_03_masked.png",
      "mask_path": "d5/uki_w1_p4_a3_d5_03_mask.png",
      "area": 1803,
      "bb_left": 171,
      "bb_top": 200,
      "bb_width": 40,
      "bb_height": 64
    },
    {
      "masked_path": "d5/uki_w1_p4_a3_d5_04_masked.png",
      "mask_path": "d5/uki_w1_p4_a3_d5_04_mask.png",
      "area": 3769,
      "bb_left": 220,
      "bb_top": 117,
      "bb_width": 65,
      "bb_height": 77
    },
    {
      "masked_path": "d5/uki_w1_p4_a3_d5_05_masked.png",
      "mask_path": "d5/uki_w1_p4_a3_d5_05_mask.png",
      "area": 4414,
      "bb_left": 244,
      "bb_top": 250,
      "bb_width": 75,
      "bb_height": 75
    },
    {
      "masked_path": "d5/uki_w1_p4_a3_d5_06_masked.png",
      "mask_path": "d5/uki_w1_p4_a3_d5_06_mask.png",
      "area": 1987,
      "bb_left": 313,
      "bb_top": 249,
      "bb_width": 44,
      "bb_height": 56
    },
    {
      "masked_path": "d5/uki_w1_p4_a3_d5_07_masked.png",
      "mask_path": "d5/uki_w1_p4_a3_d5_07_mask.png",
      "area": 522,
      "bb_left": 260,
      "bb_top": 237,
      "bb_width": 38,
      "bb_height": 22
    },
    {
      "masked_path": "d5/uki_w1_p4_a3_d5_08_masked.png",
      "mask_path": "d5/uki_w1_p4_a3_d5_08_mask.png",
      "area": 3376,
      "bb_left": 264,
      "bb_top": 188,
      "bb_width": 70,
      "bb_height": 64
    },
    {
      "masked_path": "d5/uki_w1_p4_a3_d5_09_masked.png",
      "mask_path": "d5/uki_w1_p4_a3_d5_09_mask.png",
      "area": 1918,
      "bb_left": 328,
      "bb_top": 199,
      "bb_width": 46,
      "bb_height": 56
    }
  ]
}