{
  "path_d1": "uki_w1_p4_b5_d1.png",
  "path_d5": "uki_w1_p4_b5_d5.png",
  "masked_path_d1": "uki_w1_p4_b5_d1_masked.png",
  "masked_path_d5": "uki_w1_p4_b5_d5_masked.png",
  "mask_path_d1": "uki_w1_p4_b5_d1_mask.png",
  "mask_path_d5": "uki_w1_p4_b5_d5_mask.png",
  "metadata_path": "uki_w1_p4_b5_metadata.json",
  "week": 1,
  "shelf_row": "p",
  "shelf_column": "4",
  "well_row": "b",
  "well_column": "5",
  "num_leaves_d1": 2,
  "num_leaves_d5": 7,
  "area_d1": 6486,
  "area_d5": 20845,
  "leaves_d1": [
    {
      "masked_path": "d1/uki_w1_p4_b5_d1_01_masked.png",
      "mask_path": "d1/uki_w1_p4_b5_d1_01_mask.png",
      "area": 3619,
      "bb_left": 214,
      "bb_top": 213,
      "bb_width": 58,
      "bb_height": 80
    },
    {
      "masked_path": "d1/uki_w1_p4_b5_d1_02_masked.png",
      "mask_path": "d1/uki_w1_p4_b5_d1_02_mask.png",
      "area": 2873,
      "bb_left": 269,
      "bb_top": 212,
      "bb_width": 60,
      "bb_height": 60
    }
  ],
  "leaves_d5": [
    {
      "masked_path": "d5/uki_w1_p4_b5_d5_01_masked.png",
      "mask_path": "d5/uki_w1_p4_b5_d5_01_mask.png",
      "area": 4086,
      "bb_left": 123,
      "bb_top": 232,
      "bb_width": 91,
      "bb_height": 58
    },
    {
      "masked_path": "d5/uki_w1_p4_b5_d5_02_masked.png",
      "mask_path": "d5/uki_w1_p4_b5_d5_02_mask.png",
      "area": 5288,
      "bb_left": 181,
      "bb_top": 256,
      "bb_width": 81,
      "bb_height": 85
    },
    {
      "masked_path": "d5/uki_w1_p4_b5_d5_03_masked.png",
      "mask_path": "d5/uki_w1_p4_b5_d5_03_mask.png",
      "area": 1690,
      "bb_left": 163,
      "bb_top": 197,
      "bb_width": 56,
      "bb_height": 38
    },
    {
      "masked_path": "d5/uki_w1_p4_b5_d5_04_masked.png",
      "mask_path": "d5/uki_w1_p4_b5_d5_04_mask.png",
      "area": 3590,
      "bb_left": 209,
      "bb_top": 162,
      "bb_width": 70,
      "bb_height": 65
    },
    {
      "masked_path": "d5/uki_w1_p4_b5_d5_05_masked.png",
      "mask_path": "d5/uki_w1_p4_b5_d5_05_mask.png",
      "area": 960,
      "bb_left": 229,
      "bb_top": 222,
      "bb_width": 44,
      "bb_height": 30
    },
    {
      "masked_path": "d5/uki_w1_p4_b5_d5_06_masked.png",
      "mask_path": "d5/uki_w1_p4_b5_d5_06_mask.png",
      "area": 4342,
      "bb_left": 278,
      "bb_top": 177,
      "bb_width": 78,
      "bb_height": 69
    },
    {
      "masked_path": "d5/uki_w1_p4_b5_d5_07_masked.png",
      "mask_path": "d5/uki_w1_p4_b5_d5_07_mask.png",
      "area": 1007,
      "bb_left": 266,
      "bb_top": 158,
      "bb_width": 47,
      "bb_height": 36
    }
  ]
}