{
  "path_d1": "uki_w1_r4_c4_d1.png",
  "path_d5": "uki_w1_r4_c4_d5.png",
  "masked_path_d1": "uki_w1_r4_c4_d1_masked.png",
  "masked_path_d5": "uki_w1_r4_c4_d5_masked.png",
  "mask_path_d1": "uki_w1_r4_c4_d1_mask.png",
  "mask_path_d5": "uki_w1_r4_c4_d5_mask.png",
  "metadata_path": "uki_w1_r4_c4_metadata.json",
  "week": 1,
  "shelf_row": "r",
  "shelf_column": "4",
  "well_row": "c",
  "well_column": "4",
  "num_leaves_d1": 3,
  "num_leaves_d5": 4,
  "area_d1": 5690,
  "area_d5": 9826,
  "leaves_d1": [
    {
      "masked_path": "d1/uki_w1_r4_c4_d1_01_masked.png",
      "mask_path": "d1/uki_w1_r4_c4_d1_01_mask.png",
      "area": 3652,
      "bb_left": 226,
      "bb_top": 197,
      "bb_width": 61,
      "bb_height": 75
    },
    {
      "masked_path": "d1/uki_w1_r4_c4_d1_02_masked.png",
      "mask_path": "d1/uki_w1_r4_c4_d1_02_mask.png",
      "area": 1785,
      "bb_left": 244,
      "bb_top": 266,
      "bb_width": 54,
      "bb_height": 43
    },
    {
      "masked_path": "d1/uki_w1_r4_c4_d1_03_masked.png",
      "mask_path": "d1/uki_w1_r4_c4_d1_03_mask.png",
      "area": 309,
      "bb_left": 234,
      "bb_top": 268,
      "bb_width": 18,
      "bb_height": 31
    }
  ],
  "leaves_d5": [
    {
      "masked_path": "d5/uki_w1_r4_c4_d5_01_masked.png",
      "mask_path": "d5/uki_w1_r4_c4_d5_01_mask.png",
      "area": 4420,
      "bb_left": 227,
      "bb_top": 176,
      "bb_width": 61,
      "bb_height": 95
    },
    {
      "masked_path": "d5/uki_w1_r4_c4_d5_02_masked.png",
      "mask_path": "d5/uki_w1_r4_c4_d5_02_mask.png",
      "area": 1808,
      "bb_left": 246,
      "bb_top": 238,
      "bb_width": 63,
      "bb_height": 45
    },
    {
      "masked_path": "d5/uki_w1_r4_c4_d5_03_masked.png",
      "mask_path": "d5/uki_w1_r4_c4_d5_03_mask.png",
      "area": 1770,
      "bb_left": 197,
      "bb_top": 222,
      "bb_width": 48,
      "bb_height": 58
    },
    {
      "masked_path": "d5/uki_w1_r4_c4_d5_04_masked.png",
      "mask_path": "d5/uki_w1_r4_c4_d5_04_mask.png",
      "area": 1884,
      "bb_left": 233,
      "bb_top": 278,
      "bb_width": 53,
      "bb_height": 45
    }
  ]
}