{
  "path_d1": "uki_w1_r2_d2_d1.png",
  "path_d5": "uki_w1_r2_d2_d5.png",
  "masked_path_d1": "uki_w1_r2_d2_d1_masked.png",
  "masked_path_d5": "uki_w1_r2_d2_d5_masked.png",
  "mask_path_d1": "uki_w1_r2_d2_d1_mask.png",
  "mask_path_d5": "uki_w1_r2_d2_d5_mask.png",
  "metadata_path": "uki_w1_r2_d2_metadata.json",
  "week": 1,
  "shelf_row": "r",
  "shelf_column": "2",
  "well_row": "d",
  "well_column": "2",
  "num_leaves_d1": 2,
  "num_leaves_d5": 7,
  "area_d1": 5122,
  "area_d5": 14649,
  "leaves_d1": [
    {
      "masked_path": "d1/uki_w1_r2_d2_d1_01_masked.png",
      "mask_path": "d1/uki_w1_r2_d2_d1_01_mask.png",
      "area": 2636,
      "bb_left": 236,
      "bb_top": 253,
      "bb_width": 69,
      "bb_height": 50
    },
    {
      "masked_path": "d1/uki_w1_r2_d2_d1_02_masked.png",
      "mask_path": "d1/uki_w1_r2_d2_d1_02_mask.png",
      "area": 2487,
      "bb_left": 262,
      "bb_top": 198,
      "bb_width": 54,
      "bb_height": 60
    }
  ],
  "leaves_d5": [
    {
      "masked_path": "d5/uki_w1_r2_d2_d5_01_masked.png",
      "mask_path": "d5/uki_w1_r2_d2_d5_01_mask.png",
      "area": 2726,
      "bb_left": 236,
      "bb_top": 281,
      "bb_width": 65,
      "bb_height": 57
    },
    {
      "masked_path": "d5/uki_w1_r2_d2_d5_02_masked.png",
      "mask_path": "d5/uki_w1_r2_d2_d5_02_mask.png",
      "area": 676,
      "bb_left": 227,
      "bb_top": 269,
      "bb_width": 42,
      "bb_height": 34
    },
    {
      "masked_path": "d5/uki_w1_r2_d2_d5_03_masked.png",
      "mask_path": "d5/uki_w1_r2_d2_d5_03_mask.png",
      "area": 1594,
      "bb_left": 254,
      "bb_top": 239,
      "bb_width": 45,
      "bb_height": 46
    },
    {
      "masked_path": "d5/uki_w1_r2_d2_d5_04_masked.png",
      "mask_path": "d5/uki_w1_r2_d2_d5_04_mask.png",
      "area": 2705,
      "bb_left": 192,
      "bb_top": 236,
      "bb_width": 64,
      "bb_height": 55
    },
    {
      "masked_path": "d5/uki_w1_r2_d2_d5_05_masked.png",
      "mask_path": "d5/uki_w1_r2_d2_d5_05_mask.png",
      "area": 2458,
      "bb_left": 212,
      "bb_top": 186,
      "bb_width": 58,
      "bb_height": 58
    },
    {
      "masked_path": "d5/uki_w1_r2_d2_d5_06_masked.png",
      "mask_path": "d5/uki_w1_r2_d2_d5_06_mask.png",
      "area": 2308,
      "bb_left": 263,
      "bb_top": 218,
      "bb_width": 71,
      "bb_height": 49
    },
    {
      "masked_path": "d5/uki_w1_r2_d2_d5_07_masked.png",
      "mask_path": "d5/uki_w1_r2_d2_d5_07_mask.png",
      "area": 2312,
      "bb_left": 263,
      "bb_top": 170,
      "bb_width": 56,
      "bb_height": 53
    }
  ]
}