{
  "path_d1": "uki_w1_s4_b4_d1.png",
  "path_d5": "uki_w1_s4_b4_d5.png",
  "masked_path_d1": "uki_w1_s4_b4_d1_masked.png",
  "masked_path_d5": "uki_w1_s4_b4_d5_masked.png",
  "mask_path_d1": "uki_w1_s4_b4_d1_mask.png",
  "mask_path_d5": "uki_w1_s4_b4_d5_mask.png",
  "metadata_path": "uki_w1_s4_b4_metadata.json",
  "week": 1,
  "shelf_row": "s",
  "shelf_column": "4",
  "well_row": "b",
  "well_column": "4",
  "num_leaves_d1": 3,
  "num_leaves_d5": 6,
  "area_d1": 6261,
  "area_d5": 17980,
  "leaves_d1": [
    {
      "masked_path": "d1/uki_w1_s4_b4_d1_01_masked.png",
      "mask_path": "d1/uki_w1_s4_b4_d1_01_mask.png",
      "area": 3371,
      "bb_left": 176,
      "bb_top": 258,
      "bb_width": 84,
      "bb_height": 52
    },
    {
      "masked_path": "d1/uki_w1_s4_b4_d1_02_masked.png",
      "mask_path": "d1/uki_w1_s4_b4_d1_02_mask.png",
      "area": 2588,
      "bb_left": 239,
      "bb_top": 225,
      "bb_width": 62,
      "bb_height": 56
    },
    {
      "masked_path": "d1/uki_w1_s4_b4_d1_03_masked.png",
      "mask_path": "d1/uki_w1_s4_b4_d1_03_mask.png",
      "area": 324,
      "bb_left": 227,
      "bb_top": 243,
      "bb_width": 18,
      "bb_height": 24
    }
  ],
  "leaves_d5": [
    {
      "masked_path": "d5/uki_w1_s4_b4_d5_01_masked.png",
      "mask_path": "d5/uki_w1_s4_b4_d5_01_mask.png",
      "area": 5558,
      "bb_left": 232,
      "bb_top": 293,
      "bb_width": 73,
      "bb_height": 100
    },
    {
      "masked_path": "d5/uki_w1_s4_b4_d5_02_masked.png",
      "mask_path": "d5/uki_w1_s4_b4_d5_02_mask.png",
      "area": 2616,
      "bb_left": 238,
      "bb_top": 266,
      "bb_width": 72,
      "bb_height": 56
    },
    {
      "masked_path": "d5/uki_w1_s4_b4_d5_03_masked.png",
      "mask_path": "d5/uki_w1_s4_b4_d5_03_mask.png",
      "area": 3127,
      "bb_left": 173,
      "bb_top": 272,
      "bb_width": 68,
      "bb_height": 58
    },
    {
      "masked_path": "d5/uki_w1_s4_b4_d5_04_masked.png",
      "mask_path": "d5/uki_w1_s4_b4_d5_04_mask.png",
      "area": 3486,
      "bb_left": 227,
      "bb_top": 213,
      "bb_width": 85,
      "bb_height": 54
    },
    {
      "masked_path": "d5/uki_w1_s4_b4_d5_05_masked.png",
      "mask_path": "d5/uki_w1_s4_b4_d5_05_mask.png",
      "area": 2077,
      "bb_left": 199,
      "bb_top": 199,
      "bb_width": 52,
      "bb_height": 56
    },
    {
      "masked_path": "d5/uki_w1_s4_b4_d5_06_masked.png",
      "mask_path": "d5/uki_w1_s4_b4_d5_06_mask.png",
      "area": 1257,
      "bb_left": 186,
      "bb_top": 229,
      "bb_width": 62,
      "bb_height": 45
    }
  ]
}