{
  "path_d1": "uki_w1_t1_c1_d1.png",
  "path_d5": "uki_w1_t1_c1_d5.png",
  "masked_path_d1": "uki_w1_t1_c1_d1_masked.png",
  "masked_path_d5": "uki_w1_t1_c1_d5_masked.png",
  "mask_path_d1": "uki_w1_t1_c1_d1_mask.png",
  "mask_path_d5": "uki_w1_t1_c1_d5_mask.png",
  "metadata_path": "uki_w1_t1_c1_metadata.json",
  "week": 1,
  "shelf_row": "t",
  "shelf_column": "1",
  "well_row": "c",
  "well_column": "1",
  "num_leaves_d1": 2,
  "num_leaves_d5": 7,
  "area_d1": 6468,
  "area_d5": 19593,
  "leaves_d1": [
    {
      "masked_path": "d1/uki_w1_t1_c1_d1_01_masked.png",
      "mask_path": "d1/uki_w1_t1_c1_d1_01_mask.png",
      "area": 3641,
      "bb_left": 190,
      "bb_top": 201,
      "bb_width": 87,
      "bb_height": 58
    },
    {
      "masked_path": "d1/uki_w1_t1_c1_d1_02_masked.png",
      "mask_path": "d1/uki_w1_t1_c1_d1_02_mask.png",
      "area": 2843,
      "bb_left": 243,
      "bb_top": 232,
      "bb_width": 58,
      "bb_height": 69
    }
  ],
  "leaves_d5": [
    {
      "masked_path": "d5/uki_w1_t1_c1_d5_01_masked.png",
      "mask_path": "d5/uki_w1_t1_c1_d5_01_mask.png",
      "area": 3890,
      "bb_left": 281,
      "bb_top": 231,
      "bb_width": 86,
      "bb_height": 59
    },
    {
      "masked_path": "d5/uki_w1_t1_c1_d5_02_masked.png",
      "mask_path": "d5/uki_w1_t1_c1_d5_02_mask.png",
      "area": 3511,
      "bb_left": 226,
      "bb_top": 282,
      "bb_width": 62,
      "bb_height": 79
    },
    {
      "masked_path": "d5/uki_w1_t1_c1_d5_03_masked.png",
      "mask_path": "d5/uki_w1_t1_c1_d5_03_mask.png",
      "area": 4365,
      "bb_left": 148,
      "bb_top": 264,
      "bb_width": 82,
      "bb_height": 65
    },
    {
      "masked_path": "d5/uki_w1_t1_c1_d5_04_masked.png",
      "mask_path": "d5/uki_w1_t1_c1_d5_04_mask.png",
      "area": 1519,
      "bb_left": 181,
      "bb_top": 323,
      "bb_width": 55,
      "bb_height": 38
    },
    {
      "masked_path": "d5/uki_w1_t1_c1_d5_05_masked.png",
      "mask_path": "d5/uki_w1_t1_c1_d5_05_mask.png",
      "area": 494,
      "bb_left": 232,
      "bb_top": 269,
      "bb_width": 34,
      "bb_height": 24
    },
    {
      "masked_path": "d5/uki_w1_t1_c1_d5_06_masked.png",
      "mask_path": "d5/uki_w1_t1_c1_d5_06_mask.png",
      "area": 1236,
      "bb_left": 274,
      "bb_top": 284,
      "bb_width": 50,
      "bb_height": 33
    },
    {
      "masked_path": "d5/uki_w1_t1_c1_d5_07_masked.png",
      "mask_path": "d5/uki_w1_t1_c1_d5_07_mask.png",
      "area": 4741,
      "bb_left": 233,
      "bb_top": 187,
      "bb_width": 75,
      "bb_height": 89
    }
  ]
}