{
  "path_d1": "uki_w1_t2_a4_d1.png",
  "path_d5": "uki_w1_t2_a4_d5.png",
  "masked_path_d1": "uki_w1_t2_a4_d1_masked.png",
  "masked_path_d5": "uki_w1_t2_a4_d5_masked.png",
  "mask_path_d1": "uki_w1_t2_a4_d1_mask.png",
  "mask_path_d5": "uki_w1_t2_a4_d5_mask.png",
  "metadata_path": "uki_w1_t2_a4_metadata.json",
  "week": 1,
  "shelf_row": "t",
  "shelf_column": "2",
  "well_row": "a",
  "well_column": "4",
  "num_leaves_d1": 2,
  "num_leaves_d5": 9,
  "area_d1": 7648,
  "area_d5": 35735,
  "leaves_d1": [
    {
      "masked_path": "d1/uki_w1_t2_a4_d1_01_masked.png",
      "mask_path": "d1/uki_w1_t2_a4_d1_01_mask.png",
      "area": 4841,
      "bb_left": 241,
      "bb_top": 206,
      "bb_width": 68,
      "bb_height": 98
    },
    {
      "masked_path": "d1/uki_w1_t2_a4_d1_02_masked.png",
      "mask_path": "d1/uki_w1_t2_a4_d1_02_mask.png",
      "area": 2844,
      "bb_left": 195,
      "bb_top": 260,
      "bb_width": 69,
      "bb_height": 56
    }
  ],
  "leaves_d5": [
    {
      "masked_path": "d5/uki_w1_t2_a4_d5_01_masked.png",
      "mask_path": "d5/uki_w1_t2_a4_d5_01_mask.png",
      "area": 5413,
      "bb_left": 203,
      "bb_top": 110,
      "bb_width": 72,
      "bb_height": 103
    },
    {
      "masked_path": "d5/uki_w1_t2_a4_d5_02_masked.png",
      "mask_path": "d5/uki_w1_t2_a4_d5_02_mask.png",
      "area": 6386,
      "bb_left": 308,
      "bb_top": 273,
      "bb_width": 76,
      "bb_height": 116
    },
    {
      "masked_path": "d5/uki_w1_t2_a4_d5_03_masked.png",
      "mask_path": "d5/uki_w1_t2_a4_d5_03_mask.png",
      "area": 3570,
      "bb_left": 347,
      "bb_top": 259,
      "bb_width": 75,
      "bb_height": 71
    },
    {
      "masked_path": "d5/uki_w1_t2_a4_d5_04_masked.png",
      "mask_path": "d5/uki_w1_t2_a4_d5_04_mask.png",
      "area": 1024,
      "bb_left": 295,
      "bb_top": 279,
      "bb_width": 36,
      "bb_height": 48
    },
    {
      "masked_path": "d5/uki_w1_t2_a4_d5_05_masked.png",
      "mask_path": "d5/uki_w1_t2_a4_d5_05_mask.png",
      "area": 5161,
      "bb_left": 308,
      "bb_top": 185,
      "bb_width": 76,
      "bb_height": 90
    },
    {
      "masked_path": "d5/uki_w1_t2_a4_d5_06_masked.png",
      "mask_path": "d5/uki_w1_t2_a4_d5_06_mask.png",
      "area": 2886,
      "bb_left": 259,
      "bb_top": 221,
      "bb_width": 57,
      "bb_height": 66
    },
    {
      "masked_path": "d5/uki_w1_t2_a4_d5_07_masked.png",
      "mask_path": "d5/uki_w1_t2_a4_d5_07_mask.png",
      "area": 3779,
      "bb_left": 272,
      "bb_top": 136,
      "bb_width": 66,
      "bb_height": 75
    },
    {
      "masked_path": "d5/uki_w1_t2_a4_d5_08_masked.png",
      "mask_path": "d5/uki_w1_t2_a4_d5_08_mask.png",
      "area": 6034,
      "bb_left": 144,
      "bb_top": 178,
      "bb_width": 93,
      "bb_height": 88
    },
    {
      "masked_path": "d5/uki_w1_t2_a4_d5_09_masked.png",
      "mask_path": "d5/uki_w1_t2_a4_d5_09_mask.png",
      "area": 1742,
      "bb_left": 219,
      "bb_top": 202,
      "bb_width": 46,
      "bb_height": 57
    }
  ]
}