{
  "path_d1": "uki_w1_t1_d3_d1.png",
  "path_d5": "uki_w1_t1_d3_d5.png",
  "masked_path_d1": "uki_w1_t1_d3_d1_masked.png",
  "masked_path_d5": "uki_w1_t1_d3_d5_masked.png",
  "mask_path_d1": "uki_w1_t1_d3_d1_mask.png",
  "mask_path_d5": "uki_w1_t1_d3_d5_mask.png",
  "metadata_path": "uki_w1_t1_d3_metadata.json",
  "week": 1,
  "shelf_row": "t",
  "shelf_column": "1",
  "well_row": "d",
  "well_column": "3",
  "num_leaves_d1": 3,
  "num_leaves_d5": 5,
  "area_d1": 9644,
  "area_d5": 18660,
  "leaves_d1": [
    {
      "masked_path": "d1/uki_w1_t1_d3_d1_01_masked.png",
      "mask_path": "d1/uki_w1_t1_d3_d1_01_mask.png",
      "area": 2492,
      "bb_left": 216,
      "bb_top": 255,
      "bb_width": 49,
      "bb_height": 68
    },
    {
      "masked_path": "d1/uki_w1_t1_d3_d1_02_masked.png",
      "mask_path": "d1/uki_w1_t1_d3_d1_02_mask.png",
      "area": 2739,
      "bb_left": 255,
      "bb_top": 246,
      "bb_width": 65,
      "bb_height": 54
    },
    {
      "masked_path": "d1/uki_w1_t1_d3_d1_03_masked.png",
      "mask_path": "d1/uki_w1_t1_d3_d1_03_mask.png",
      "area": 4454,
      "bb_left": 177,
      "bb_top": 201,
      "bb_width": 95,
      "bb_height": 65
    }
  ],
  "leaves_d5": [
    {
      "masked_path": "d5/uki_w1_t1_d3_d5_01_masked.png",
      "mask_path": "d5/uki_w1_t1_d3_d5_01_mask.png",
      "area": 4193,
      "bb_left": 270,
      "bb_top": 197,
      "bb_width": 80,
      "bb_height": 77
    },
    {
      "masked_path": "d5/uki_w1_t1_d3_d5_02_masked.png",
      "mask_path": "d5/uki_w1_t1_d3_d5_02_mask.png",
      "area": 4259,
      "bb_left": 185,
      "bb_top": 265,
      "bb_width": 98,
      "bb_height": 57
    },
    {
      "masked_path": "d5/uki_w1_t1_d3_d5_03_masked.png",
      "mask_path": "d5/uki_w1_t1_d3_d5_03_mask.png",
      "area": 1602,
      "bb_left": 279,
      "bb_top": 261,
      "bb_width": 56,
      "bb_height": 43
    },
    {
      "masked_path": "d5/uki_w1_t1_d3_d5_04_masked.png",
      "mask_path": "d5/uki_w1_t1_d3_d5_04_mask.png",
      "area": 4668,
      "bb_left": 220,
      "bb_top": 176,
      "bb_width": 76,
      "bb_height": 83
    },
    {
      "masked_path": "d5/uki_w1_t1_d3_d5_05_masked.png",
      "mask_path": "d5/uki_w1_t1_d3_d5_05_mask.png",
      "area": 4016,
      "bb_left": 242,
      "bb_top": 294,
      "bb_width": 72,
      "bb_height": 75
    }
  ]
}