{
  "path_d1": "uki_w1_r3_b6_d1.png",
  "path_d5": "uki_w1_r3_b6_d5.png",
  "masked_path_d1": "uki_w1_r3_b6_d1_masked.png",
  "masked_path_d5": "uki_w1_r3_b6_d5_masked.png",
  "mask_path_d1": "uki_w1_r3_b6_d1_mask.png",
  "mask_path_d5": "uki_w1_r3_b6_d5_mask.png",
  "metadata_path": "uki_w1_r3_b6_metadata.json",
  "week": 1,
  "shelf_row": "r",
  "shelf_column": "3",
  "well_row": "b",
  "well_column": "6",
  "num_leaves_d1": 2,
  "num_leaves_d5": 4,
  "area_d1": 5462,
  "area_d5": 9681,
  "leaves_d1": [
    {
      "masked_path": "d1/uki_w1_r3_b6_d1_01_masked.png",
      "mask_path": "d1/uki_w1_r3_b6_d1_01_mask.png",
      "area": 3226,
      "bb_left": 238,
      "bb_top": 220,
      "bb_width": 75,
      "bb_height": 56
    },
    {
      "masked_path": "d1/uki_w1_r3_b6_d1_02_masked.png",
      "mask_path": "d1/uki_w1_r3_b6_d1_02_mask.png",
      "area": 2278,
      "bb_left": 192,
      "bb_top": 237,
      "bb_width": 65,
      "bb_height": 52
    }
  ],
  "leaves_d5": [
    {
      "masked_path": "d5/uki_w1_r3_b6_d5_01_masked.png",
      "mask_path": "d5/uki_w1_r3_b6_d5_01_mask.png",
      "area": 4130,
      "bb_left": 203,
      "bb_top": 200,
      "bb_width": 68,
      "bb_height": 78
    },
    {
      "masked_path": "d5/uki_w1_r3_b6_d5_02_masked.png",
      "mask_path": "d5/uki_w1_r3_b6_d5_02_mask.png",
      "area": 2769,
      "bb_left": 257,
      "bb_top": 232,
      "bb_width": 66,
      "bb_height": 58
    },
    {
      "masked_path": "d5/uki_w1_r3_b6_d5_03_masked.png",
      "mask_path": "d5/uki_w1_r3_b6_d5_03_mask.png",
      "area": 221,
      "bb_left": 254,
      "bb_top": 276,
      "bb_width": 25,
      "bb_height": 21
    },
    {
      "masked_path": "d5/uki_w1_r3_b6_d5_04_masked.png",
      "mask_path": "d5/uki_w1_r3_b6_d5_04_mask.png",
      "area": 2610,
      "bb_left": 192,
      "bb_top": 273,
      "bb_width": 74,
      "bb_height": 48
    }
  ]
}