{
  "path_d1": "uki_w1_q2_c1_d1.png",
  "path_d5": "uki_w1_q2_c1_d5.png",
  "masked_path_d1": "uki_w1_q2_c1_d1_masked.png",
  "masked_path_d5": "uki_w1_q2_c1_d5_masked.png",
  "mask_path_d1": "uki_w1_q2_c1_d1_mask.png",
  "mask_path_d5": "uki_w1_q2_c1_d5_mask.png",
  "metadata_path": "uki_w1_q2_c1_metadata.json",
  "week": 1,
  "shelf_row": "q",
  "shelf_column": "2",
  "well_row": "c",
  "well_column": "1",
  "num_leaves_d1": 3,
  "num_leaves_d5": 9,
  "area_d1": 9773,
  "area_d5": 26547,
  "leaves_d1": [
    {
      "masked_path": "d1/uki_w1_q2_c1_d1_01_masked.png",
      "mask_path": "d1/uki_w1_q2_c1_d1_01_mask.png",
      "area": 4526,
      "bb_left": 258,
      "bb_top": 224,
      "bb_width": 82,
      "bb_height": 74
    },
    {
      "masked_path": "d1/uki_w1_q2_c1_d1_02_masked.png",
      "mask_path": "d1/uki_w1_q2_c1_d1_02_mask.png",
      "area": 3748,
      "bb_left": 196,
      "bb_top": 223,
      "bb_width": 69,
      "bb_height": 68
    },
    {
      "masked_path": "d1/uki_w1_q2_c1_d1_03_masked.png",
      "mask_path": "d1/uki_w1_q2_c1_d1_03_mask.png",
      "area": 1513,
      "bb_left": 271,
      "bb_top": 284,
      "bb_width": 50,
      "bb_height": 42
    }
  ],
  "leaves_d5": [
    {
      "masked_path": "d5/uki_w1_q2_c1_d5_01_masked.png",
      "mask_path": "d5/uki_w1_q2_c1_d5_01_mask.png",
      "area": 4203,
      "bb_left": 254,
      "bb_top": 168,
      "bb_width": 91,
      "bb_height": 61
    },
    {
      "masked_path": "d5/uki_w1_q2_c1_d5_02_masked.png",
      "mask_path": "d5/uki_w1_q2_c1_d5_02_mask.png",
      "area": 604,
      "bb_left": 265,
      "bb_top": 229,
      "bb_width": 43,
      "bb_height": 17
    },
    {
      "masked_path": "d5/uki_w1_q2_c1_d5_03_masked.png",
      "mask_path": "d5/uki_w1_q2_c1_d5_03_mask.png",
      "area": 3718,
      "bb_left": 225,
      "bb_top": 132,
      "bb_width": 72,
      "bb_height": 75
    },
    {
      "masked_path": "d5/uki_w1_q2_c1_d5_04_masked.png",
      "mask_path": "d5/uki_w1_q2_c1_d5_04_mask.png",
      "area": 4284,
      "bb_left": 176,
      "bb_top": 186,
      "bb_width": 89,
      "bb_height": 67
    },
    {
      "masked_path": "d5/uki_w1_q2_c1_d5_05_masked.png",
      "mask_path": "d5/uki_w1_q2_c1_d5_05_mask.png",
      "area": 1520,
      "bb_left": 217,
      "bb_top": 240,
      "bb_width": 50,
      "bb_height": 42
    },
    {
      "masked_path": "d5/uki_w1_q2_c1_d5_06_masked.png",
      "mask_path": "d5/uki_w1_q2_c1_d5_06_mask.png",
      "area": 5354,
      "bb_left": 181,
      "bb_top": 302,
      "bb_width": 81,
      "bb_height": 88
    },
    {
      "masked_path": "d5/uki_w1_q2_c1_d5_07_masked.png",
      "mask_path": "d5/uki_w1_q2_c1_d5_07_mask.png",
      "area": 4471,
      "bb_left": 112,
      "bb_top": 293,
      "bb_width": 76,
      "bb_height": 78
    },
    {
      "masked_path": "d5/uki_w1_q2_c1_d5_08_masked.png",
      "mask_path": "d5/uki_w1_q2_c1_d5_08_mask.png",
      "area": 1774,
      "bb_left": 128,
      "bb_top": 261,
      "bb_width": 55,
      "bb_height": 45
    },
    {
      "masked_path": "d5/uki_w1_q2_c1_d5_09_masked.png",
      "mask_path": "d5/uki_w1_q2_c1_d5_09_mask.png",
      "area": 712,
      "bb_left": 186,
      "bb_top": 285,
      "bb_width": 46,
      "bb_height": 25
    }
  ]
}