{
  "path_d1": "uki_w1_p3_a5_d1.png",
  "path_d5": "uki_w1_p3_a5_d5.png",
  "masked_path_d1": "uki_w1_p3_a5_d1_masked.png",
  "masked_path_d5": "uki_w1_p3_a5_d5_masked.png",
  "mask_path_d1": "uki_w1_p3_a5_d1_mask.png",
  "mask_path_d5": "uki_w1_p3_a5_d5_mask.png",
  "metadata_path": "uki_w1_p3_a5_metadata.json",
  "week": 1,
  "shelf_row": "p",
  "shelf_column": "3",
  "well_row": "a",
  "well_column": "5",
  "num_leaves_d1": 4,
  "num_leaves_d5": 10,
  "area_d1": 8762,
  "area_d5": 27911,
  "leaves_d1": [
    {
      "masked_path": "d1/uki_w1_p3_a5_d1_01_masked.png",
      "mask_path": "d1/uki_w1_p3_a5_d1_01_mask.png",
      "area": 3876,
      "bb_left": 251,
      "bb_top": 203,
      "bb_width": 67,
      "bb_height": 77
    },
    {
      "masked_path": "d1/uki_w1_p3_a5_d1_02_masked.png",
      "mask_path": "d1/uki_w1_p3_a5_d1_02_mask.png",
      "area": 3413,
      "bb_left": 205,
      "bb_top": 280,
      "bb_width": 78,
      "bb_height": 59
    },
    {
      "masked_path": "d1/uki_w1_p3_a5_d1_03_masked.png",
      "mask_path": "d1/uki_w1_p3_a5_d1_03_mask.png",
      "area": 150,
      "bb_left": 277,
      "bb_top": 294,
      "bb_width": 12,
      "bb_height": 21
    },
    {
      "masked_path": "d1/uki_w1_p3_a5_d1_04_masked.png",
      "mask_path": "d1/uki_w1_p3_a5_d1_04_mask.png",
      "area": 1333,
      "bb_left": 221,
      "bb_top": 229,
      "bb_width": 34,
      "bb_height": 51
    }
  ],
  "leaves_d5": [
    {
      "masked_path": "d5/uki_w1_p3_a5_d5_01_masked.png",
      "mask_path": "d5/uki_w1_p3_a5_d5_01_mask.png",
      "area": 3580,
      "bb_left": 172,
      "bb_top": 249,
      "bb_width": 91,
      "bb_height": 56
    },
    {
      "masked_path": "d5/uki_w1_p3_a5_d5_02_masked.png",
      "mask_path": "d5/uki_w1_p3_a5_d5_02_mask.png",
      "area": 3283,
      "bb_left": 292,
      "bb_top": 242,
      "bb_width": 74,
      "bb_height": 62
    },
    {
      "masked_path": "d5/uki_w1_p3_a5_d5_03_masked.png",
      "mask_path": "d5/uki_w1_p3_a5_d5_03_mask.png",
      "area": 3732,
      "bb_left": 306,
      "bb_top": 171,
      "bb_width": 62,
      "bb_height": 75
    },
    {
      "masked_path": "d5/uki_w1_p3_a5_d5_04_masked.png",
      "mask_path": "d5/uki_w1_p3_a5_d5_04_mask.png",
      "area": 1951,
      "bb_left": 269,
      "bb_top": 188,
      "bb_width": 41,
      "bb_height": 61
    },
    {
      "masked_path": "d5/uki_w1_p3_a5_d5_05_masked.png",
      "mask_path": "d5/uki_w1_p3_a5_d5_05_mask.png",
      "area": 462,
      "bb_left": 282,
      "bb_top": 261,
      "bb_width": 24,
      "bb_height": 28
    },
    {
      "masked_path": "d5/uki_w1_p3_a5_d5_06_masked.png",
      "mask_path": "d5/uki_w1_p3_a5_d5_06_mask.png",
      "area": 3279,
      "bb_left": 215,
      "bb_top": 195,
      "bb_width": 67,
      "bb_height": 67
    },
    {
      "masked_path": "d5/uki_w1_p3_a5_d5_07_masked.png",
      "mask_path": "d5/uki_w1_p3_a5_d5_07_mask.png",
      "area": 5565,
      "bb_left": 201,
      "bb_top": 310,
      "bb_width": 72,
      "bb_height": 102
    },
    {
      "masked_path": "d5/uki_w1_p3_a5_d5_08_masked.png",
      "mask_path": "d5/uki_w1_p3_a5_d5_08_mask.png",
      "area": 1061,
      "bb_left": 229,
      "bb_top": 272,
      "bb_width": 41,
      "bb_height": 40
    },
    {
      "masked_path": "d5/uki_w1_p3_a5_d5_09_masked.png",
      "mask_path": "d5/uki_w1_p3_a5_d5_09_mask.png",
      "area": 3779,
      "bb_left": 254,
      "bb_top": 293,
      "bb_width": 70,
      "bb_height": 72
    },
    {
      "masked_path": "d5/uki_w1_p3_a5_d5_10_masked.png",
      "mask_path": "d5/uki_w1_p3_a5_d5_10_mask.png",
      "area": 1399,
      "bb_left": 186,
      "bb_top": 304,
      "bb_width": 46,
      "bb_height": 52
    }
  ]
}