{
  "path_d1": "uki_w1_r1_b2_d1.png",
  "path_d5": "uki_w1_r1_b2_d5.png",
  "masked_path_d1": "uki_w1_r1_b2_d1_masked.png",
  "masked_path_d5": "uki_w1_r1_b2_d5_masked.png",
  "mask_path_d1": "uki_w1_r1_b2_d1_mask.png",
  "mask_path_d5": "uki_w1_r1_b2_d5_mask.png",
  "metadata_path": "uki_w1_r1_b2_metadata.json",
  "week": 1,
  "shelf_row": "r",
  "shelf_column": "1",
  "well_row": "b",
  "well_column": "2",
  "num_leaves_d1": 2,
  "num_leaves_d5": 10,
  "area_d1": 7576,
  "area_d5": 25812,
  "leaves_d1": [
    {
      "masked_path": "d1/uki_w1_r1_b2_d1_01_masked.png",
      "mask_path": "d1/uki_w1_r1_b2_d1_01_mask.png",
      "area": 3938,
      "bb_left": 216,
      "bb_top": 242,
      "bb_width": 77,
      "bb_height": 78
    },
    {
      "masked_path": "d1/uki_w1_r1_b2_d1_02_masked.png",
      "mask_path": "d1/uki_w1_r1_b2_d1_02_mask.png",
      "area": 3676,
      "bb_left": 209,
      "bb_top": 189,
      "bb_width": 66,
      "bb_height": 75
    }
  ],
  "leaves_d5": [
    {
      "masked_path": "d5/uki_w1_r1_b2_d5_01_masked.png",
      "mask_path": "d5/uki_w1_r1_b2_d5_01_mask.png",
      "area": 4341,
      "bb_left": 116,
      "bb_top": 229,
      "bb_width": 80,
      "bb_height": 72
    },
    {
      "masked_path": "d5/uki_w1_r1_b2_d5_02_masked.png",
      "mask_path": "d5/uki_w1_r1_b2_d5_02_mask.png",
      "area": 3259,
      "bb_left": 144,
      "bb_top": 209,
      "bb_width": 90,
      "bb_height": 71
    },
    {
      "masked_path": "d5/uki_w1_r1_b2_d5_03_masked.png",
      "mask_path": "d5/uki_w1_r1_b2_d5_03_mask.png",
      "area": 317,
      "bb_left": 186,
      "bb_top": 217,
      "bb_width": 27,
      "bb_height": 16
    },
    {
      "masked_path": "d5/uki_w1_r1_b2_d5_04_masked.png",
      "mask_path": "d5/uki_w1_r1_b2_d5_04_mask.png",
      "area": 3908,
      "bb_left": 144,
      "bb_top": 155,
      "bb_width": 83,
      "bb_height": 68
    },
    {
      "masked_path": "d5/uki_w1_r1_b2_d5_05_masked.png",
      "mask_path": "d5/uki_w1_r1_b2_d5_05_mask.png",
      "area": 2111,
      "bb_left": 208,
      "bb_top": 156,
      "bb_width": 48,
      "bb_height": 64
    },
    {
      "masked_path": "d5/uki_w1_r1_b2_d5_06_masked.png",
      "mask_path": "d5/uki_w1_r1_b2_d5_06_mask.png",
      "area": 1883,
      "bb_left": 251,
      "bb_top": 163,
      "bb_width": 47,
      "bb_height": 58
    },
    {
      "masked_path": "d5/uki_w1_r1_b2_d5_07_masked.png",
      "mask_path": "d5/uki_w1_r1_b2_d5_07_mask.png",
      "area": 4499,
      "bb_left": 288,
      "bb_top": 147,
      "bb_width": 72,
      "bb_height": 80
    },
    {
      "masked_path": "d5/uki_w1_r1_b2_d5_08_masked.png",
      "mask_path": "d5/uki_w1_r1_b2_d5_08_mask.png",
      "area": 310,
      "bb_left": 309,
      "bb_top": 218,
      "bb_width": 30,
      "bb_height": 18
    },
    {
      "masked_path": "d5/uki_w1_r1_b2_d5_09_masked.png",
      "mask_path": "d5/uki_w1_r1_b2_d5_09_mask.png",
      "area": 3815,
      "bb_left": 255,
      "bb_top": 214,
      "bb_width": 73,
      "bb_height": 79
    },
    {
      "masked_path": "d5/uki_w1_r1_b2_d5_10_masked.png",
      "mask_path": "d5/uki_w1_r1_b2_d5_10_mask.png",
      "area": 1625,
      "bb_left": 232,
      "bb_top": 227,
      "bb_width": 44,
      "bb_height": 55
    }
  ]
}