{
  "path_d1": "uki_w1_q2_a3_d1.png",
  "path_d5": "uki_w1_q2_a3_d5.png",
  "masked_path_d1": "uki_w1_q2_a3_d1_masked.png",
  "masked_path_d5": "uki_w1_q2_a3_d5_masked.png",
  "mask_path_d1": "uki_w1_q2_a3_d1_mask.png",
  "mask_path_d5": "uki_w1_q2_a3_d5_mask.png",
  "metadata_path": "uki_w1_q2_a3_metadata.json",
  "week": 1,
  "shelf_row": "q",
  "shelf_column": "2",
  "well_row": "a",
  "well_column": "3",
  "num_leaves_d1": 2,
  "num_leaves_d5": 5,
  "area_d1": 4088,
  "area_d5": 12037,
  "leaves_d1": [
    {
      "masked_path": "d1/uki_w1_q2_a3_d1_01_masked.png",
      "mask_path": "d1/uki_w1_q2_a3_d1_01_mask.png",
      "area": 3473,
      "bb_left": 225,
      "bb_top": 235,
      "bb_width": 59,
      "bb_height": 77
    },
    {
      "masked_path": "d1/uki_w1_q2_a3_d1_02_masked.png",
      "mask_path": "d1/uki_w1_q2_a3_d1_02_mask.png",
      "area": 615,
      "bb_left": 239,
      "bb_top": 223,
      "bb_width": 36,
      "bb_height": 25
    }
  ],
  "leaves_d5": [
    {
      "masked_path": "d5/uki_w1_q2_a3_d5_01_masked.png",
      "mask_path": "d5/uki_w1_q2_a3_d5_01_mask.png",
      "area": 3199,
      "bb_left": 213,
      "bb_top": 196,
      "bb_width": 63,
      "bb_height": 62
    },
    {
      "masked_path": "d5/uki_w1_q2_a3_d5_02_masked.png",
      "mask_path": "d5/uki_w1_q2_a3_d5_02_mask.png",
      "area": 3399,
      "bb_left": 270,
      "bb_top": 199,
      "bb_width": 66,
      "bb_height": 65
    },
    {
      "masked_path": "d5/uki_w1_q2_a3_d5_03_masked.png",
      "mask_path": "d5/uki_w1_q2_a3_d5_03_mask.png",
      "area": 2770,
      "bb_left": 199,
      "bb_top": 258,
      "bb_width": 58,
      "bb_height": 67
    },
    {
      "masked_path": "d5/uki_w1_q2_a3_d5_04_masked.png",
      "mask_path": "d5/uki_w1_q2_a3_d5_04_mask.png",
      "area": 76,
      "bb_left": 223,
      "bb_top": 256,
      "bb_width": 14,
      "bb_height": 12
    },
    {
      "masked_path": "d5/uki_w1_q2_a3_d5_05_masked.png",
      "mask_path": "d5/uki_w1_q2_a3_d5_05_mask.png",
      "area": 2683,
      "bb_left": 246,
      "bb_top": 256,
      "bb_width": 54,
      "bb_height": 66
    }
  ]
}