{
  "path_d1": "uki_w1_p3_c1_d1.png",
  "path_d5": "uki_w1_p3_c1_d5.png",
  "masked_path_d1": "uki_w1_p3_c1_d1_masked.png",
  "masked_path_d5": "uki_w1_p3_c1_d5_masked.png",
  "mask_path_d1": "uki_w1_p3_c1_d1_mask.png",
  "mask_path_d5": "uki_w1_p3_c1_d5_mask.png",
  "metadata_path": "uki_w1_p3_c1_metadata.json",
  "week": 1,
  "shelf_row": "p",
  "shelf_column": "3",
  "well_row": "c",
  "well_column": "1",
  "num_leaves_d1": 2,
  "num_leaves_d5": 4,
  "area_d1": 3664,
  "area_d5": 6841,
  "leaves_d1": [
    {
      "masked_path": "d1/uki_w1_p3_c1_d1_01_masked.png",
      "mask_path": "d1/uki_w1_p3_c1_d1_01_mask.png",
      "area": 2099,
      "bb_left": 216,
      "bb_top": 226,
      "bb_width": 69,
      "bb_height": 39
    },
    {
      "masked_path": "d1/uki_w1_p3_c1_d1_02_masked.png",
      "mask_path": "d1/uki_w1_p3_c1_d1_02_mask.png",
      "area": 1575,
      "bb_left": 249,
      "bb_top": 246,
      "bb_width": 48,
      "bb_height": 47
    }
  ],
  "leaves_d5": [
    {
      "masked_path": "d5/uki_w1_p3_c1_d5_01_masked.png",
      "mask_path": "d5/uki_w1_p3_c1_d5_01_mask.png",
      "area": 2795,
      "bb_left": 191,
      "bb_top": 233,
      "bb_width": 75,
      "bb_height": 51
    },
    {
      "masked_path": "d5/uki_w1_p3_c1_d5_02_masked.png",
      "mask_path": "d5/uki_w1_p3_c1_d5_02_mask.png",
      "area": 2048,
      "bb_left": 248,
      "bb_top": 210,
      "bb_width": 43,
      "bb_height": 68
    },
    {
      "masked_path": "d5/uki_w1_p3_c1_d5_03_masked.png",
      "mask_path": "d5/uki_w1_p3_c1_d5_03_mask.png",
      "area": 1205,
      "bb_left": 275,
      "bb_top": 241,
      "bb_width": 38,
      "bb_height": 48
    },
    {
      "masked_path": "d5/uki_w1_p3_c1_d5_04_masked.png",
      "mask_path": "d5/uki_w1_p3_c1_d5_04_mask.png",
      "area": 840,
      "bb_left": 227,
      "bb_top": 264,
      "bb_width": 41,
      "bb_height": 34
    }
  ]
}