{
  "path_d1": "uki_w1_p2_d5_d1.png",
  "path_d5": "uki_w1_p2_d5_d5.png",
  "masked_path_d1": "uki_w1_p2_d5_d1_masked.png",
  "masked_path_d5": "uki_w1_p2_d5_d5_masked.png",
  "mask_path_d1": "uki_w1_p2_d5_d1_mask.png",
  "mask_path_d5": "uki_w1_p2_d5_d5_mask.png",
  "metadata_path": "uki_w1_p2_d5_metadata.json",
  "week": 1,
  "shelf_row": "p",
  "shelf_column": "2",
  "well_row": "d",
  "well_column": "5",
  "num_leaves_d1": 3,
  "num_leaves_d5": 10,
  "area_d1": 9005,
  "area_d5": 25119,
  "leaves_d1": [
    {
      "masked_path": "d1/uki_w1_p2_d5_d1_01_masked.png",
      "mask_path": "d1/uki_w1_p2_d5_d1_01_mask.png",
      "area": 3520,
      "bb_left": 221,
      "bb_top": 187,
      "bb_width": 58,
      "bb_height": 83
    },
    {
      "masked_path": "d1/uki_w1_p2_d5_d1_02_masked.png",
      "mask_path": "d1/uki_w1_p2_d5_d1_02_mask.png",
      "area": 3382,
      "bb_left": 230,
      "bb_top": 261,
      "bb_width": 55,
      "bb_height": 80
    },
    {
      "masked_path": "d1/uki_w1_p2_d5_d1_03_masked.png",
      "mask_path": "d1/uki_w1_p2_d5_d1_03_mask.png",
      "area": 2103,
      "bb_left": 259,
      "bb_top": 236,
      "bb_width": 57,
      "bb_height": 57
    }
  ],
  "leaves_d5": [
    {
      "masked_path": "d5/uki_w1_p2_d5_d5_01_masked.png",
      "mask_path": "d5/uki_w1_p2_d5_d5_01_mask.png",
      "area": 4733,
      "bb_left": 197,
      "bb_top": 192,
      "bb_width": 98,
      "bb_height": 66
    },
    {
      "masked_path": "d5/uki_w1_p2_d5_d5_02_masked.png",
      "mask_path": "d5/uki_w1_p2_d5_d5_02_mask.png",
      "area": 3784,
      "bb_left": 246,
      "bb_top": 238,
      "bb_width": 69,
      "bb_height": 69
    },
    {
      "masked_path": "d5/uki_w1_p2_d5_d5_03_masked.png",
      "mask_path": "d5/uki_w1_p2_d5_d5_03_mask.png",
      "area": 3367,
      "bb_left": 302,
      "bb_top": 158,
      "bb_width": 53,
      "bb_height": 83
    },
    {
      "masked_path": "d5/uki_w1_p2_d5_d5_04_masked.png",
      "mask_path": "d5/uki_w1_p2_d5_d5_04_mask.png",
      "area": 1169,
      "bb_left": 255,
      "bb_top": 177,
      "bb_width": 46,
      "bb_height": 41
    },
    {
      "masked_path": "d5/uki_w1_p2_d5_d5_05_masked.png",
      "mask_path": "d5/uki_w1_p2_d5_d5_05_mask.png",
      "area": 930,
      "bb_left": 291,
      "bb_top": 198,
      "bb_width": 37,
      "bb_height": 51
    },
    {
      "masked_path": "d5/uki_w1_p2_d5_d5_06_masked.png",
      "mask_path": "d5/uki_w1_p2_d5_d5_06_mask.png",
      "area": 4268,
      "bb_left": 340,
      "bb_top": 212,
      "bb_width": 79,
      "bb_height": 73
    },
    {
      "masked_path": "d5/uki_w1_p2_d5_d5_07_masked.png",
      "mask_path": "d5/uki_w1_p2_d5_d5_07_mask.png",
      "area": 453,
      "bb_left": 354,
      "bb_top": 198,
      "bb_width": 33,
      "bb_height": 17
    },
    {
      "masked_path": "d5/uki_w1_p2_d5_d5_08_masked.png",
      "mask_path": "d5/uki_w1_p2_d5_d5_08_mask.png",
      "area": 3688,
      "bb_left": 81,
      "bb_top": 159,
      "bb_width": 76,
      "bb_height": 69
    },
    {
      "masked_path": "d5/uki_w1_p2_d5_d5_09_masked.png",
      "mask_path": "d5/uki_w1_p2_d5_d5_09_mask.png",
      "area": 347,
      "bb_left": 142,
      "bb_top": 182,
      "bb_width": 23,
      "bb_height": 25
    },
    {
      "masked_path": "d5/uki_w1_p2_d5_d5_10_masked.png",
      "mask_path": "d5/uki_w1_p2_d5_d5_10_mask.png",
      "area": 2571,
      "bb_left": 108,
      "bb_top": 222,
      "bb_width": 56,
      "bb_height": 57
    }
  ]
}