{
  "path_d1": "uki_w1_p4_b1_d1.png",
  "path_d5": "uki_w1_p4_b1_d5.png",
  "masked_path_d1": "uki_w1_p4_b1_d1_masked.png",
  "masked_path_d5": "uki_w1_p4_b1_d5_masked.png",
  "mask_path_d1": "uki_w1_p4_b1_d1_mask.png",
  "mask_path_d5": "uki_w1_p4_b1_d5_mask.png",
  "metadata_path": "uki_w1_p4_b1_metadata.json",
  "week": 1,
  "shelf_row": "p",
  "shelf_column": "4",
  "well_row": "b",
  "well_column": "1",
  "num_leaves_d1": 2,
  "num_leaves_d5": 5,
  "area_d1": 3645,
  "area_d5": 14085,
  "leaves_d1": [
    {
      "masked_path": "d1/uki_w1_p4_b1_d1_01_masked.png",
      "mask_path": "d1/uki_w1_p4_b1_d1_01_mask.png",
      "area": 2612,
      "bb_left": 254,
      "bb_top": 208,
      "bb_width": 54,
      "bb_height": 65
    },
    {
      "masked_path": "d1/uki_w1_p4_b1_d1_02_masked.png",
      "mask_path": "d1/uki_w1_p4_b1_d1_02_mask.png",
      "area": 1066,
      "bb_left": 254,
      "bb_top": 189,
      "bb_width": 42,
      "bb_height": 37
    }
  ],
  "leaves_d5": [
    {
      "masked_path": "d5/uki_w1_p4_b1_d5_01_masked.png",
      "mask_path": "d5/uki_w1_p4_b1_d5_01_mask.png",
      "area": 3570,
      "bb_left": 168,
      "bb_top": 252,
      "bb_width": 76,
      "bb_height": 70
    },
    {
      "masked_path": "d5/uki_w1_p4_b1_d5_02_masked.png",
      "mask_path": "d5/uki_w1_p4_b1_d5_02_mask.png",
      "area": 4790,
      "bb_left": 156,
      "bb_top": 301,
      "bb_width": 82,
      "bb_height": 77
    },
    {
      "masked_path": "d5/uki_w1_p4_b1_d5_03_masked.png",
      "mask_path": "d5/uki_w1_p4_b1_d5_03_mask.png",
      "area": 947,
      "bb_left": 224,
      "bb_top": 260,
      "bb_width": 35,
      "bb_height": 48
    },
    {
      "masked_path": "d5/uki_w1_p4_b1_d5_04_masked.png",
      "mask_path": "d5/uki_w1_p4_b1_d5_04_mask.png",
      "area": 2866,
      "bb_left": 241,
      "bb_top": 304,
      "bb_width": 48,
      "bb_height": 77
    },
    {
      "masked_path": "d5/uki_w1_p4_b1_d5_05_masked.png",
      "mask_path": "d5/uki_w1_p4_b1_d5_05_mask.png",
      "area": 2023,
      "bb_left": 259,
      "bb_top": 282,
      "bb_width": 52,
      "bb_height": 53
    }
  ]
}