{
  "path_d1": "uki_w1_q3_b6_d1.png",
  "path_d5": "uki_w1_q3_b6_d5.png",
  "masked_path_d1": "uki_w1_q3_b6_d1_masked.png",
  "masked_path_d5": "uki_w1_q3_b6_d5_masked.png",
  "mask_path_d1": "uki_w1_q3_b6_d1_mask.png",
  "mask_path_d5": "uki_w1_q3_b6_d5_mask.png",
  "metadata_path": "uki_w1_q3_b6_metadata.json",
  "week": 1,
  "shelf_row": "q",
  "shelf_column": "3",
  "well_row": "b",
  "well_column": "6",
  "num_leaves_d1": 4,
  "num_leaves_d5": 10,
  "area_d1": 8045,
  "area_d5": 24060,
  "leaves_d1": [
    {
      "masked_path": "d1/uki_w1_q3_b6_d1_01_masked.png",
      "mask_path": "d1/uki_w1_q3_b6_d1_01_mask.png",
      "area": 3032,
      "bb_left": 244,
      "bb_top": 215,
      "bb_width": 56,
      "bb_height": 71
    },
    {
      "masked_path": "d1/uki_w1_q3_b6_d1_02_masked.png",
      "mask_path": "d1/uki_w1_q3_b6_d1_02_mask.png",
      "area": 1534,
      "bb_left": 263,
      "bb_top": 254,
      "bb_width": 50,
      "bb_height": 50
    },
    {
      "masked_path": "d1/uki_w1_q3_b6_d1_03_masked.png",
      "mask_path": "d1/uki_w1_q3_b6_d1_03_mask.png",
      "area": 464,
      "bb_left": 260,
      "bb_top": 204,
      "bb_width": 43,
      "bb_height": 28
    },
    {
      "masked_path": "d1/uki_w1_q3_b6_d1_04_masked.png",
      "mask_path": "d1/uki_w1_q3_b6_d1_04_mask.png",
      "area": 3127,
      "bb_left": 186,
      "bb_top": 228,
      "bb_width": 65,
      "bb_height": 62
    }
  ],
  "leaves_d5": [
    {
      "masked_path": "d5/uki_w1_q3_b6_d5_01_masked.png",
      "mask_path": "d5/uki_w1_q3_b6_d5_01_mask.png",
      "area": 4508,
      "bb_left": 148,
      "bb_top": 164,
      "bb_width": 77,
      "bb_height": 75
    },
    {
      "masked_path": "d5/uki_w1_q3_b6_d5_02_masked.png",
      "mask_path": "d5/uki_w1_q3_b6_d5_02_mask.png",
      "area": 3255,
      "bb_left": 224,
      "bb_top": 169,
      "bb_width": 71,
      "bb_height": 65
    },
    {
      "masked_path": "d5/uki_w1_q3_b6_d5_03_masked.png",
      "mask_path": "d5/uki_w1_q3_b6_d5_03_mask.png",
      "area": 123,
      "bb_left": 219,
      "bb_top": 182,
      "bb_width": 12,
      "bb_height": 16
    },
    {
      "masked_path": "d5/uki_w1_q3_b6_d5_04_masked.png",
      "mask_path": "d5/uki_w1_q3_b6_d5_04_mask.png",
      "area": 2634,
      "bb_left": 202,
      "bb_top": 213,
      "bb_width": 61,
      "bb_height": 55
    },
    {
      "masked_path": "d5/uki_w1_q3_b6_d5_05_masked.png",
      "mask_path": "d5/uki_w1_q3_b6_d5_05_mask.png",
      "area": 389,
      "bb_left": 186,
      "bb_top": 232,
      "bb_width": 20,
      "bb_height": 30
    },
    {
      "masked_path": "d5/uki_w1_q3_b6_d5_06_masked.png",
      "mask_path": "d5/uki_w1_q3_b6_d5_06_mask.png",
      "area": 1211,
      "bb_left": 261,
      "bb_top": 224,
      "bb_width": 37,
      "bb_height": 45
    },
    {
      "masked_path": "d5/uki_w1_q3_b6_d5_07_masked.png",
      "mask_path": "d5/uki_w1_q3_b6_d5_07_mask.png",
      "area": 2722,
      "bb_left": 212,
      "bb_top": 253,
      "bb_width": 80,
      "bb_height": 53
    },
    {
      "masked_path": "d5/uki_w1_q3_b6_d5_08_masked.png",
      "mask_path": "d5/uki_w1_q3_b6_d5_08_mask.png",
      "area": 4389,
      "bb_left": 175,
      "bb_top": 303,
      "bb_width": 75,
      "bb_height": 81
    },
    {
      "masked_path": "d5/uki_w1_q3_b6_d5_09_masked.png",
      "mask_path": "d5/uki_w1_q3_b6_d5_09_mask.png",
      "area": 3909,
      "bb_left": 133,
      "bb_top": 279,
      "bb_width": 86,
      "bb_height": 62
    },
    {
      "masked_path": "d5/uki_w1_q3_b6_d5_10_masked.png",
      "mask_path": "d5/uki_w1_q3_b6_d5_10_mask.png",
      "area": 1097,
      "bb_left": 163,
      "bb_top": 255,
      "bb_width": 49,
      "bb_height": 30
    }
  ]
}