{
  "path_d1": "uki_w1_p1_a6_d1.png",
  "path_d5": "uki_w1_p1_a6_d5.png",
  "masked_path_d1": "uki_w1_p1_a6_d1_masked.png",
  "masked_path_d5": "uki_w1_p1_a6_d5_masked.png",
  "mask_path_d1": "uki_w1_p1_a6_d1_mask.png",
  "mask_path_d5": "uki_w1_p1_a6_d5_mask.png",
  "metadata_path": "uki_w1_p1_a6_metadata.json",
  "week": 1,
  "shelf_row": "p",
  "shelf_column": "1",
  "well_row": "a",
  "well_column": "6",
  "num_leaves_d1": 2,
  "num_leaves_d5": 3,
  "area_d1": 5744,
  "area_d5": 7233,
  "leaves_d1": [
    {
      "masked_path": "d1/uki_w1_p1_a6_d1_01_masked.png",
      "mask_path": "d1/uki_w1_p1_a6_d1_01_mask.png",
      "area": 3488,
      "bb_left": 260,
      "bb_top": 211,
      "bb_width": 53,
      "bb_height": 84
    },
    {
      "masked_path": "d1/uki_w1_p1_a6_d1_02_masked.png",
      "mask_path": "d1/uki_w1_p1_a6_d1_02_mask.png",
      "area": 2256,
      "bb_left": 223,
      "bb_top": 266,
      "bb_width": 57,
      "bb_height": 53
    }
  ],
  "leaves_d5": [
    {
      "masked_path": "d5/uki_w1_p1_a6_d5_01_masked.png",
      "mask_path": "d5/uki_w1_p1_a6_d5_01_mask.png",
      "area": 3521,
      "bb_left": 215,
      "bb_top": 234,
      "bb_width": 56,
      "bb_height": 85
    },
    {
      "masked_path": "d5/uki_w1_p1_a6_d5_02_masked.png",
      "mask_path": "d5/uki_w1_p1_a6_d5_02_mask.png",
      "area": 2416,
      "bb_left": 246,
      "bb_top": 214,
      "bb_width": 67,
      "bb_height": 50
    },
    {
      "masked_path": "d5/uki_w1_p1_a6_d5_03_masked.png",
      "mask_path": "d5/uki_w1_p1_a6_d5_03_mask.png",
      "area": 1340,
      "bb_left": 228,
      "bb_top": 197,
      "bb_width": 42,
      "bb_height": 46
    }
  ]
}