{
  "path_d1": "uki_w1_s2_c5_d1.png",
  "path_d5": "uki_w1_s2_c5_d5.png",
  "masked_path_d1": "uki_w1_s2_c5_d1_masked.png",
  "masked_path_d5": "uki_w1_s2_c5_d5_masked.png",
  "mask_path_d1": "uki_w1_s2_c5_d1_mask.png",
  "mask_path_d5": "uki_w1_s2_c5_d5_mask.png",
  "metadata_path": "uki_w1_s2_c5_metadata.json",
  "week": 1,
  "shelf_row": "s",
  "shelf_column": "2",
  "well_row": "c",
  "well_column": "5",
  "num_leaves_d1": 4,
  "num_leaves_d5": 13,
  "area_d1": 11916,
  "area_d5": 37324,
  "leaves_d1": [
    {
      "masked_path": "d1/uki_w1_s2_c5_d1_01_masked.png",
      "mask_path": "d1/uki_w1_s2_c5_d1_01_mask.png",
      "area": 4255,
      "bb_left": 261,
      "bb_top": 234,
      "bb_width": 75,
      "bb_height": 76
    },
    {
      "masked_path": "d1/uki_w1_s2_c5_d1_02_masked.png",
      "mask_path": "d1/uki_w1_s2_c5_d1_02_mask.png",
      "area": 3548,
      "bb_left": 201,
      "bb_top": 238,
      "bb_width": 67,
      "bb_height": 70
    },
    {
      "masked_path": "d1/uki_w1_s2_c5_d1_03_masked.png",
      "mask_path": "d1/uki_w1_s2_c5_d1_03_mask.png",
      "area": 2930,
      "bb_left": 218,
      "bb_top": 180,
      "bb_width": 59,
      "bb_height": 66
    },
    {
      "masked_path": "d1/uki_w1_s2_c5_d1_04_masked.png",
      "mask_path": "d1/uki_w1_s2_c5_d1_04_mask.png",
      "area": 1228,
      "bb_left": 271,
      "bb_top": 200,
      "bb_width": 39,
      "bb_height": 42
    }
  ],
  "leaves_d5": [
    {
      "masked_path": "d5/uki_w1_s2_c5_d5_01_masked.png",
      "mask_path": "d5/uki_w1_s2_c5_d5_01_mask.png",
      "area": 6370,
      "bb_left": 238,
      "bb_top": 342,
      "bb_width": 90,
      "bb_height": 89
    },
    {
      "masked_path": "d5/uki_w1_s2_c5_d5_02_masked.png",
      "mask_path": "d5/uki_w1_s2_c5_d5_02_mask.png",
      "area": 4557,
      "bb_left": 172,
      "bb_top": 317,
      "bb_width": 82,
      "bb_height": 86
    },
    {
      "masked_path": "d5/uki_w1_s2_c5_d5_03_masked.png",
      "mask_path": "d5/uki_w1_s2_c5_d5_03_mask.png",
      "area": 2106,
      "bb_left": 186,
      "bb_top": 287,
      "bb_width": 62,
      "bb_height": 52
    },
    {
      "masked_path": "d5/uki_w1_s2_c5_d5_04_masked.png",
      "mask_path": "d5/uki_w1_s2_c5_d5_04_mask.png",
      "area": 3532,
      "bb_left": 208,
      "bb_top": 235,
      "bb_width": 83,
      "bb_height": 57
    },
    {
      "masked_path": "d5/uki_w1_s2_c5_d5_05_masked.png",
      "mask_path": "d5/uki_w1_s2_c5_d5_05_mask.png",
      "area": 4504,
      "bb_left": 268,
      "bb_top": 183,
      "bb_width": 74,
      "bb_height": 77
    },
    {
      "masked_path": "d5/uki_w1_s2_c5_d5_06_masked.png",
      "mask_path": "d5/uki_w1_s2_c5_d5_06_mask.png",
      "area": 791,
      "bb_left": 246,
      "bb_top": 203,
      "bb_width": 28,
      "bb_height": 38
    },
    {
      "masked_path": "d5/uki_w1_s2_c5_d5_07_masked.png",
      "mask_path": "d5/uki_w1_s2_c5_d5_07_mask.png",
      "area": 4628,
      "bb_left": 157,
      "bb_top": 110,
      "bb_width": 73,
      "bb_height": 79
    },
    {
      "masked_path": "d5/uki_w1_s2_c5_d5_08_masked.png",
      "mask_path": "d5/uki_w1_s2_c5_d5_08_mask.png",
      "area": 3046,
      "bb_left": 181,
      "bb_top": 164,
      "bb_width": 88,
      "bb_height": 54
    },
    {
      "masked_path": "d5/uki_w1_s2_c5_d5_09_masked.png",
      "mask_path": "d5/uki_w1_s2_c5_d5_09_mask.png",
      "area": 2566,
      "bb_left": 117,
      "bb_top": 172,
      "bb_width": 64,
      "bb_height": 53
    },
    {
      "masked_path": "d5/uki_w1_s2_c5_d5_10_masked.png",
      "mask_path": "d5/uki_w1_s2_c5_d5_10_mask.png",
      "area": 1765,
      "bb_left": 133,
      "bb_top": 220,
      "bb_width": 53,
      "bb_height": 42
    },
    {
      "masked_path": "d5/uki_w1_s2_c5_d5_11_masked.png",
      "mask_path": "d5/uki_w1_s2_c5_d5_11_mask.png",
      "area": 1068,
      "bb_left": 182,
      "bb_top": 205,
      "bb_width": 47,
      "bb_height": 35
    },
    {
      "masked_path": "d5/uki_w1_s2_c5_d5_12_masked.png",
      "mask_path": "d5/uki_w1_s2_c5_d5_12_mask.png",
      "area": 1563,
      "bb_left": 259,
      "bb_top": 265,
      "bb_width": 50,
      "bb_height": 46
    },
    {
      "masked_path": "d5/uki_w1_s2_c5_d5_13_masked.png",
      "mask_path": "d5/uki_w1_s2_c5_d5_13_mask.png",
      "area": 1031,
      "bb_left": 252,
      "bb_top": 318,
      "bb_width": 47,
      "bb_height": 27
    }
  ]
}