{
  "path_d1": "uki_w1_s3_b1_d1.png",
  "path_d5": "uki_w1_s3_b1_d5.png",
  "masked_path_d1": "uki_w1_s3_b1_d1_masked.png",
  "masked_path_d5": "uki_w1_s3_b1_d5_masked.png",
  "mask_path_d1": "uki_w1_s3_b1_d1_mask.png",
  "mask_path_d5": "uki_w1_s3_b1_d5_mask.png",
  "metadata_path": "uki_w1_s3_b1_metadata.json",
  "week": 1,
  "shelf_row": "s",
  "shelf_column": "3",
  "well_row": "b",
  "well_column": "1",
  "num_leaves_d1": 3,
  "num_leaves_d5": 7,
  "area_d1": 6876,
  "area_d5": 20372,
  "leaves_d1": [
    {
      "masked_path": "d1/uki_w1_s3_b1_d1_01_masked.png",
      "mask_path": "d1/uki_w1_s3_b1_d1_01_mask.png",
      "area": 4022,
      "bb_left": 229,
      "bb_top": 183,
      "bb_width": 76,
      "bb_height": 72
    },
    {
      "masked_path": "d1/uki_w1_s3_b1_d1_02_masked.png",
      "mask_path": "d1/uki_w1_s3_b1_d1_02_mask.png",
      "area": 2543,
      "bb_left": 243,
      "bb_top": 252,
      "bb_width": 53,
      "bb_height": 59
    },
    {
      "masked_path": "d1/uki_w1_s3_b1_d1_03_masked.png",
      "mask_path": "d1/uki_w1_s3_b1_d1_03_mask.png",
      "area": 331,
      "bb_left": 290,
      "bb_top": 249,
      "bb_width": 18,
      "bb_height": 29
    }
  ],
  "leaves_d5": [
    {
      "masked_path": "d5/uki_w1_s3_b1_d5_01_masked.png",
      "mask_path": "d5/uki_w1_s3_b1_d5_01_mask.png",
      "area": 5969,
      "bb_left": 278,
      "bb_top": 253,
      "bb_width": 102,
      "bb_height": 76
    },
    {
      "masked_path": "d5/uki_w1_s3_b1_d5_02_masked.png",
      "mask_path": "d5/uki_w1_s3_b1_d5_02_mask.png",
      "area": 3319,
      "bb_left": 243,
      "bb_top": 240,
      "bb_width": 65,
      "bb_height": 84
    },
    {
      "masked_path": "d5/uki_w1_s3_b1_d5_03_masked.png",
      "mask_path": "d5/uki_w1_s3_b1_d5_03_mask.png",
      "area": 4114,
      "bb_left": 151,
      "bb_top": 268,
      "bb_width": 77,
      "bb_height": 72
    },
    {
      "masked_path": "d5/uki_w1_s3_b1_d5_04_masked.png",
      "mask_path": "d5/uki_w1_s3_b1_d5_04_mask.png",
      "area": 3184,
      "bb_left": 245,
      "bb_top": 313,
      "bb_width": 57,
      "bb_height": 72
    },
    {
      "masked_path": "d5/uki_w1_s3_b1_d5_05_masked.png",
      "mask_path": "d5/uki_w1_s3_b1_d5_05_mask.png",
      "area": 2634,
      "bb_left": 193,
      "bb_top": 308,
      "bb_width": 54,
      "bb_height": 65
    },
    {
      "masked_path": "d5/uki_w1_s3_b1_d5_06_masked.png",
      "mask_path": "d5/uki_w1_s3_b1_d5_06_mask.png",
      "area": 819,
      "bb_left": 289,
      "bb_top": 323,
      "bb_width": 46,
      "bb_height": 29
    },
    {
      "masked_path": "d5/uki_w1_s3_b1_d5_07_masked.png",
      "mask_path": "d5/uki_w1_s3_b1_d5_07_mask.png",
      "area": 521,
      "bb_left": 226,
      "bb_top": 270,
      "bb_width": 20,
      "bb_height": 35
    }
  ]
}