{
  "path_d1": "uki_w1_t2_a1_d1.png",
  "path_d5": "uki_w1_t2_a1_d5.png",
  "masked_path_d1": "uki_w1_t2_a1_d1_masked.png",
  "masked_path_d5": "uki_w1_t2_a1_d5_masked.png",
  "mask_path_d1": "uki_w1_t2_a1_d1_mask.png",
  "mask_path_d5": "uki_w1_t2_a1_d5_mask.png",
  "metadata_path": "uki_w1_t2_a1_metadata.json",
  "week": 1,
  "shelf_row": "t",
  "shelf_column": "2",
  "well_row": "a",
  "well_column": "1",
  "num_leaves_d1": 2,
  "num_leaves_d5": 7,
  "area_d1": 6592,
  "area_d5": 22493,
  "leaves_d1": [
    {
      "masked_path": "d1/uki_w1_t2_a1_d1_01_masked.png",
      "mask_path": "d1/uki_w1_t2_a1_d1_01_mask.png",
      "area": 4742,
      "bb_left": 218,
      "bb_top": 236,
      "bb_width": 88,
      "bb_height": 71
    },
    {
      "masked_path": "d1/uki_w1_t2_a1_d1_02_masked.png",
      "mask_path": "d1/uki_w1_t2_a1_d1_02_mask.png",
      "area": 1864,
      "bb_left": 213,
      "bb_top": 196,
      "bb_width": 49,
      "bb_height": 49
    }
  ],
  "leaves_d5": [
    {
      "masked_path": "d5/uki_w1_t2_a1_d5_01_masked.png",
      "mask_path": "d5/uki_w1_t2_a1_d5_01_mask.png",
      "area": 4986,
      "bb_left": 130,
      "bb_top": 176,
      "bb_width": 101,
      "bb_height": 70
    },
    {
      "masked_path": "d5/uki_w1_t2_a1_d5_02_masked.png",
      "mask_path": "d5/uki_w1_t2_a1_d5_02_mask.png",
      "area": 4673,
      "bb_left": 243,
      "bb_top": 157,
      "bb_width": 65,
      "bb_height": 96
    },
    {
      "masked_path": "d5/uki_w1_t2_a1_d5_03_masked.png",
      "mask_path": "d5/uki_w1_t2_a1_d5_03_mask.png",
      "area": 4800,
      "bb_left": 283,
      "bb_top": 223,
      "bb_width": 76,
      "bb_height": 81
    },
    {
      "masked_path": "d5/uki_w1_t2_a1_d5_04_masked.png",
      "mask_path": "d5/uki_w1_t2_a1_d5_04_mask.png",
      "area": 466,
      "bb_left": 301,
      "bb_top": 209,
      "bb_width": 34,
      "bb_height": 19
    },
    {
      "masked_path": "d5/uki_w1_t2_a1_d5_05_masked.png",
      "mask_path": "d5/uki_w1_t2_a1_d5_05_mask.png",
      "area": 1080,
      "bb_left": 235,
      "bb_top": 227,
      "bb_width": 41,
      "bb_height": 41
    },
    {
      "masked_path": "d5/uki_w1_t2_a1_d5_06_masked.png",
      "mask_path": "d5/uki_w1_t2_a1_d5_06_mask.png",
      "area": 4936,
      "bb_left": 152,
      "bb_top": 237,
      "bb_width": 81,
      "bb_height": 77
    },
    {
      "masked_path": "d5/uki_w1_t2_a1_d5_07_masked.png",
      "mask_path": "d5/uki_w1_t2_a1_d5_07_mask.png",
      "area": 1664,
      "bb_left": 191,
      "bb_top": 171,
      "bb_width": 54,
      "bb_height": 52
    }
  ]
}