{
  "path_d1": "uki_w1_s1_a6_d1.png",
  "path_d5": "uki_w1_s1_a6_d5.png",
  "masked_path_d1": "uki_w1_s1_a6_d1_masked.png",
  "masked_path_d5": "uki_w1_s1_a6_d5_masked.png",
  "mask_path_d1": "uki_w1_s1_a6_d1_mask.png",
  "mask_path_d5": "uki_w1_s1_a6_d5_mask.png",
  "metadata_path": "uki_w1_s1_a6_metadata.json",
  "week": 1,
  "shelf_row": "s",
  "shelf_column": "1",
  "well_row": "a",
  "well_column": "6",
  "num_leaves_d1": 4,
  "num_leaves_d5": 13,
  "area_d1": 9955,
  "area_d5": 28995,
  "leaves_d1": [
    {
      "masked_path": "d1/uki_w1_s1_a6_d1_01_masked.png",
      "mask_path": "d1/uki_w1_s1_a6_d1_01_mask.png",
      "area": 4413,
      "bb_left": 200,
      "bb_top": 250,
      "bb_width": 80,
      "bb_height": 73
    },
    {
      "masked_path": "d1/uki_w1_s1_a6_d1_02_masked.png",
      "mask_path": "d1/uki_w1_s1_a6_d1_02_mask.png",
      "area": 2944,
      "bb_left": 222,
      "bb_top": 193,
      "bb_width": 67,
      "bb_height": 62
    },
    {
      "masked_path": "d1/uki_w1_s1_a6_d1_03_masked.png",
      "mask_path": "d1/uki_w1_s1_a6_d1_03_mask.png",
      "area": 2052,
      "bb_left": 273,
      "bb_top": 252,
      "bb_width": 49,
      "bb_height": 55
    },
    {
      "masked_path": "d1/uki_w1_s1_a6_d1_04_masked.png",
      "mask_path": "d1/uki_w1_s1_a6_d1_04_mask.png",
      "area": 588,
      "bb_left": 279,
      "bb_top": 212,
      "bb_width": 25,
      "bb_height": 33
    }
  ],
  "leaves_d5": [
    {
      "masked_path": "d5/uki_w1_s1_a6_d5_01_masked.png",
      "mask_path": "d5/uki_w1_s1_a6_d5_01_mask.png",
      "area": 5216,
      "bb_left": 131,
      "bb_top": 216,
      "bb_width": 91,
      "bb_height": 80
    },
    {
      "masked_path": "d5/uki_w1_s1_a6_d5_02_masked.png",
      "mask_path": "d5/uki_w1_s1_a6_d5_02_mask.png",
      "area": 3915,
      "bb_left": 207,
      "bb_top": 231,
      "bb_width": 66,
      "bb_height": 77
    },
    {
      "masked_path": "d5/uki_w1_s1_a6_d5_03_masked.png",
      "mask_path": "d5/uki_w1_s1_a6_d5_03_mask.png",
      "area": 79,
      "bb_left": 222,
      "bb_top": 225,
      "bb_width": 14,
      "bb_height": 7
    },
    {
      "masked_path": "d5/uki_w1_s1_a6_d5_04_masked.png",
      "mask_path": "d5/uki_w1_s1_a6_d5_04_mask.png",
      "area": 1386,
      "bb_left": 159,
      "bb_top": 191,
      "bb_width": 57,
      "bb_height": 39
    },
    {
      "masked_path": "d5/uki_w1_s1_a6_d5_05_masked.png",
      "mask_path": "d5/uki_w1_s1_a6_d5_05_mask.png",
      "area": 3559,
      "bb_left": 270,
      "bb_top": 229,
      "bb_width": 59,
      "bb_height": 79
    },
    {
      "masked_path": "d5/uki_w1_s1_a6_d5_06_masked.png",
      "mask_path": "d5/uki_w1_s1_a6_d5_06_mask.png",
      "area": 2593,
      "bb_left": 324,
      "bb_top": 231,
      "bb_width": 51,
      "bb_height": 63
    },
    {
      "masked_path": "d5/uki_w1_s1_a6_d5_07_masked.png",
      "mask_path": "d5/uki_w1_s1_a6_d5_07_mask.png",
      "area": 282,
      "bb_left": 282,
      "bb_top": 223,
      "bb_width": 36,
      "bb_height": 24
    },
    {
      "masked_path": "d5/uki_w1_s1_a6_d5_08_masked.png",
      "mask_path": "d5/uki_w1_s1_a6_d5_08_mask.png",
      "area": 4352,
      "bb_left": 177,
      "bb_top": 132,
      "bb_width": 86,
      "bb_height": 74
    },
    {
      "masked_path": "d5/uki_w1_s1_a6_d5_09_masked.png",
      "mask_path": "d5/uki_w1_s1_a6_d5_09_mask.png",
      "area": 3193,
      "bb_left": 285,
      "bb_top": 130,
      "bb_width": 51,
      "bb_height": 81
    },
    {
      "masked_path": "d5/uki_w1_s1_a6_d5_10_masked.png",
      "mask_path": "d5/uki_w1_s1_a6_d5_10_mask.png",
      "area": 2138,
      "bb_left": 257,
      "bb_top": 177,
      "bb_width": 52,
      "bb_height": 56
    },
    {
      "masked_path": "d5/uki_w1_s1_a6_d5_11_masked.png",
      "mask_path": "d5/uki_w1_s1_a6_d5_11_mask.png",
      "area": 511,
      "bb_left": 225,
      "bb_top": 194,
      "bb_width": 33,
      "bb_height": 26
    },
    {
      "masked_path": "d5/uki_w1_s1_a6_d5_12_masked.png",
      "mask_path": "d5/uki_w1_s1_a6_d5_12_mask.png",
      "area": 1909,
      "bb_left": 246,
      "bb_top": 128,
      "bb_width": 44,
      "bb_height": 60
    },
    {
      "masked_path": "d5/uki_w1_s1_a6_d5_13_masked.png",
      "mask_path": "d5/uki_w1_s1_a6_d5_13_mask.png",
      "area": 158,
      "bb_left": 237,
      "bb_top": 137,
      "bb_width": 12,
      "bb_height": 21
    }
  ]
}