{
  "path_d1": "uki_w1_r2_b1_d1.png",
  "path_d5": "uki_w1_r2_b1_d5.png",
  "masked_path_d1": "uki_w1_r2_b1_d1_masked.png",
  "masked_path_d5": "uki_w1_r2_b1_d5_masked.png",
  "mask_path_d1": "uki_w1_r2_b1_d1_mask.png",
  "mask_path_d5": "uki_w1_r2_b1_d5_mask.png",
  "metadata_path": "uki_w1_r2_b1_metadata.json",
  "week": 1,
  "shelf_row": "r",
  "shelf_column": "2",
  "well_row": "b",
  "well_column": "1",
  "num_leaves_d1": 2,
  "num_leaves_d5": 6,
  "area_d1": 3586,
  "area_d5": 13197,
  "leaves_d1": [
    {
      "masked_path": "d1/uki_w1_r2_b1_d1_01_masked.png",
      "mask_path": "d1/uki_w1_r2_b1_d1_01_mask.png",
      "area": 2022,
      "bb_left": 227,
      "bb_top": 232,
      "bb_width": 45,
      "bb_height": 62
    },
    {
      "masked_path": "d1/uki_w1_r2_b1_d1_02_masked.png",
      "mask_path": "d1/uki_w1_r2_b1_d1_02_mask.png",
      "area": 1588,
      "bb_left": 250,
      "bb_top": 213,
      "bb_width": 49,
      "bb_height": 46
    }
  ],
  "leaves_d5": [
    {
      "masked_path": "d5/uki_w1_r2_b1_d5_01_masked.png",
      "mask_path": "d5/uki_w1_r2_b1_d5_01_mask.png",
      "area": 5100,
      "bb_left": 194,
      "bb_top": 234,
      "bb_width": 75,
      "bb_height": 91
    },
    {
      "masked_path": "d5/uki_w1_r2_b1_d5_02_masked.png",
      "mask_path": "d5/uki_w1_r2_b1_d5_02_mask.png",
      "area": 555,
      "bb_left": 229,
      "bb_top": 227,
      "bb_width": 35,
      "bb_height": 28
    },
    {
      "masked_path": "d5/uki_w1_r2_b1_d5_03_masked.png",
      "mask_path": "d5/uki_w1_r2_b1_d5_03_mask.png",
      "area": 1919,
      "bb_left": 172,
      "bb_top": 210,
      "bb_width": 62,
      "bb_height": 41
    },
    {
      "masked_path": "d5/uki_w1_r2_b1_d5_04_masked.png",
      "mask_path": "d5/uki_w1_r2_b1_d5_04_mask.png",
      "area": 1908,
      "bb_left": 221,
      "bb_top": 168,
      "bb_width": 41,
      "bb_height": 59
    },
    {
      "masked_path": "d5/uki_w1_r2_b1_d5_05_masked.png",
      "mask_path": "d5/uki_w1_r2_b1_d5_05_mask.png",
      "area": 219,
      "bb_left": 206,
      "bb_top": 197,
      "bb_width": 20,
      "bb_height": 18
    },
    {
      "masked_path": "d5/uki_w1_r2_b1_d5_06_masked.png",
      "mask_path": "d5/uki_w1_r2_b1_d5_06_mask.png",
      "area": 3575,
      "bb_left": 255,
      "bb_top": 193,
      "bb_width": 70,
      "bb_height": 63
    }
  ]
}