{
  "path_d1": "uki_w1_p1_b6_d1.png",
  "path_d5": "uki_w1_p1_b6_d5.png",
  "masked_path_d1": "uki_w1_p1_b6_d1_masked.png",
  "masked_path_d5": "uki_w1_p1_b6_d5_masked.png",
  "mask_path_d1": "uki_w1_p1_b6_d1_mask.png",
  "mask_path_d5": "uki_w1_p1_b6_d5_mask.png",
  "metadata_path": "uki_w1_p1_b6_metadata.json",
  "week": 1,
  "shelf_row": "p",
  "shelf_column": "1",
  "well_row": "b",
  "well_column": "6",
  "num_leaves_d1": 2,
  "num_leaves_d5": 4,
  "area_d1": 8139,
  "area_d5": 12337,
  "leaves_d1": [
    {
      "masked_path": "d1/uki_w1_p1_b6_d1_01_masked.png",
      "mask_path": "d1/uki_w1_p1_b6_d1_01_mask.png",
      "area": 5515,
      "bb_left": 204,
      "bb_top": 200,
      "bb_width": 99,
      "bb_height": 74
    },
    {
      "masked_path": "d1/uki_w1_p1_b6_d1_02_masked.png",
      "mask_path": "d1/uki_w1_p1_b6_d1_02_mask.png",
      "area": 2624,
      "bb_left": 253,
      "bb_top": 259,
      "bb_width": 62,
      "bb_height": 60
    }
  ],
  "leaves_d5": [
    {
      "masked_path": "d5/uki_w1_p1_b6_d5_01_masked.png",
      "mask_path": "d5/uki_w1_p1_b6_d5_01_mask.png",
      "area": 5021,
      "bb_left": 233,
      "bb_top": 182,
      "bb_width": 70,
      "bb_height": 95
    },
    {
      "masked_path": "d5/uki_w1_p1_b6_d5_02_masked.png",
      "mask_path": "d5/uki_w1_p1_b6_d5_02_mask.png",
      "area": 1604,
      "bb_left": 286,
      "bb_top": 237,
      "bb_width": 42,
      "bb_height": 54
    },
    {
      "masked_path": "d5/uki_w1_p1_b6_d5_03_masked.png",
      "mask_path": "d5/uki_w1_p1_b6_d5_03_mask.png",
      "area": 4312,
      "bb_left": 175,
      "bb_top": 242,
      "bb_width": 92,
      "bb_height": 65
    },
    {
      "masked_path": "d5/uki_w1_p1_b6_d5_04_masked.png",
      "mask_path": "d5/uki_w1_p1_b6_d5_04_mask.png",
      "area": 1546,
      "bb_left": 234,
      "bb_top": 267,
      "bb_width": 50,
      "bb_height": 52
    }
  ]
}