{
  "path_d1": "uki_w1_q4_c5_d1.png",
  "path_d5": "uki_w1_q4_c5_d5.png",
  "masked_path_d1": "uki_w1_q4_c5_d1_masked.png",
  "masked_path_d5": "uki_w1_q4_c5_d5_masked.png",
  "mask_path_d1": "uki_w1_q4_c5_d1_mask.png",
  "mask_path_d5": "uki_w1_q4_c5_d5_mask.png",
  "metadata_path": "uki_w1_q4_c5_metadata.json",
  "week": 1,
  "shelf_row": "q",
  "shelf_column": "4",
  "well_row": "c",
  "well_column": "5",
  "num_leaves_d1": 2,
  "num_leaves_d5": 5,
  "area_d1": 3925,
  "area_d5": 9194,
  "leaves_d1": [
    {
      "masked_path": "d1/uki_w1_q4_c5_d1_01_masked.png",
      "mask_path": "d1/uki_w1_q4_c5_d1_01_mask.png",
      "area": 2398,
      "bb_left": 260,
      "bb_top": 235,
      "bb_width": 52,
      "bb_height": 62
    },
    {
      "masked_path": "d1/uki_w1_q4_c5_d1_02_masked.png",
      "mask_path": "d1/uki_w1_q4_c5_d1_02_mask.png",
      "area": 1539,
      "bb_left": 225,
      "bb_top": 223,
      "bb_width": 58,
      "bb_height": 39
    }
  ],
  "leaves_d5": [
    {
      "masked_path": "d5/uki_w1_q4_c5_d5_01_masked.png",
      "mask_path": "d5/uki_w1_q4_c5_d5_01_mask.png",
      "area": 4062,
      "bb_left": 237,
      "bb_top": 210,
      "bb_width": 63,
      "bb_height": 90
    },
    {
      "masked_path": "d5/uki_w1_q4_c5_d5_02_masked.png",
      "mask_path": "d5/uki_w1_q4_c5_d5_02_mask.png",
      "area": 2734,
      "bb_left": 265,
      "bb_top": 268,
      "bb_width": 69,
      "bb_height": 50
    },
    {
      "masked_path": "d5/uki_w1_q4_c5_d5_03_masked.png",
      "mask_path": "d5/uki_w1_q4_c5_d5_03_mask.png",
      "area": 149,
      "bb_left": 267,
      "bb_top": 303,
      "bb_width": 18,
      "bb_height": 13
    },
    {
      "masked_path": "d5/uki_w1_q4_c5_d5_04_masked.png",
      "mask_path": "d5/uki_w1_q4_c5_d5_04_mask.png",
      "area": 1737,
      "bb_left": 210,
      "bb_top": 275,
      "bb_width": 48,
      "bb_height": 51
    },
    {
      "masked_path": "d5/uki_w1_q4_c5_d5_05_masked.png",
      "mask_path": "d5/uki_w1_q4_c5_d5_05_mask.png",
      "area": 588,
      "bb_left": 191,
      "bb_top": 282,
      "bb_width": 25,
      "bb_height": 31
    }
  ]
}