{
  "path_d1": "uki_w1_r4_c2_d1.png",
  "path_d5": "uki_w1_r4_c2_d5.png",
  "masked_path_d1": "uki_w1_r4_c2_d1_masked.png",
  "masked_path_d5": "uki_w1_r4_c2_d5_masked.png",
  "mask_path_d1": "uki_w1_r4_c2_d1_mask.png",
  "mask_path_d5": "uki_w1_r4_c2_d5_mask.png",
  "metadata_path": "uki_w1_r4_c2_metadata.json",
  "week": 1,
  "shelf_row": "r",
  "shelf_column": "4",
  "well_row": "c",
  "well_column": "2",
  "num_leaves_d1": 2,
  "num_leaves_d5": 5,
  "area_d1": 7680,
  "area_d5": 13316,
  "leaves_d1": [
    {
      "masked_path": "d1/uki_w1_r4_c2_d1_01_masked.png",
      "mask_path": "d1/uki_w1_r4_c2_d1_01_mask.png",
      "area": 5277,
      "bb_left": 198,
      "bb_top": 197,
      "bb_width": 97,
      "bb_height": 73
    },
    {
      "masked_path": "d1/uki_w1_r4_c2_d1_02_masked.png",
      "mask_path": "d1/uki_w1_r4_c2_d1_02_mask.png",
      "area": 2408,
      "bb_left": 244,
      "bb_top": 254,
      "bb_width": 58,
      "bb_height": 59
    }
  ],
  "leaves_d5": [
    {
      "masked_path": "d5/uki_w1_r4_c2_d5_01_masked.png",
      "mask_path": "d5/uki_w1_r4_c2_d5_01_mask.png",
      "area": 4663,
      "bb_left": 192,
      "bb_top": 181,
      "bb_width": 85,
      "bb_height": 74
    },
    {
      "masked_path": "d5/uki_w1_r4_c2_d5_02_masked.png",
      "mask_path": "d5/uki_w1_r4_c2_d5_02_mask.png",
      "area": 4045,
      "bb_left": 197,
      "bb_top": 256,
      "bb_width": 67,
      "bb_height": 80
    },
    {
      "masked_path": "d5/uki_w1_r4_c2_d5_03_masked.png",
      "mask_path": "d5/uki_w1_r4_c2_d5_03_mask.png",
      "area": 2338,
      "bb_left": 250,
      "bb_top": 243,
      "bb_width": 58,
      "bb_height": 58
    },
    {
      "masked_path": "d5/uki_w1_r4_c2_d5_04_masked.png",
      "mask_path": "d5/uki_w1_r4_c2_d5_04_mask.png",
      "area": 2161,
      "bb_left": 258,
      "bb_top": 182,
      "bb_width": 53,
      "bb_height": 56
    },
    {
      "masked_path": "d5/uki_w1_r4_c2_d5_05_masked.png",
      "mask_path": "d5/uki_w1_r4_c2_d5_05_mask.png",
      "area": 139,
      "bb_left": 216,
      "bb_top": 253,
      "bb_width": 21,
      "bb_height": 17
    }
  ]
}