{
  "path_d1": "uki_w1_p3_c6_d1.png",
  "path_d5": "uki_w1_p3_c6_d5.png",
  "masked_path_d1": "uki_w1_p3_c6_d1_masked.png",
  "masked_path_d5": "uki_w1_p3_c6_d5_masked.png",
  "mask_path_d1": "uki_w1_p3_c6_d1_mask.png",
  "mask_path_d5": "uki_w1_p3_c6_d5_mask.png",
  "metadata_path": "uki_w1_p3_c6_metadata.json",
  "week": 1,
  "shelf_row": "p",
  "shelf_column": "3",
  "well_row": "c",
  "well_column": "6",
  "num_leaves_d1": 3,
  "num_leaves_d5": 9,
  "area_d1": 10115,
  "area_d5": 33910,
  "leaves_d1": [
    {
      "masked_path": "d1/uki_w1_p3_c6_d1_01_masked.png",
      "mask_path": "d1/uki_w1_p3_c6_d1_01_mask.png",
      "area": 5148,
      "bb_left": 251,
      "bb_top": 199,
      "bb_width": 73,
      "bb_height": 94
    },
    {
      "masked_path": "d1/uki_w1_p3_c6_d1_02_masked.png",
      "mask_path": "d1/uki_w1_p3_c6_d1_02_mask.png",
      "area": 3822,
      "bb_left": 186,
      "bb_top": 242,
      "bb_width": 75,
      "bb_height": 64
    },
    {
      "masked_path": "d1/uki_w1_p3_c6_d1_03_masked.png",
      "mask_path": "d1/uki_w1_p3_c6_d1_03_mask.png",
      "area": 1212,
      "bb_left": 275,
      "bb_top": 267,
      "bb_width": 46,
      "bb_height": 44
    }
  ],
  "leaves_d5": [
    {
      "masked_path": "d5/uki_w1_p3_c6_d5_01_masked.png",
      "mask_path": "d5/uki_w1_p3_c6_d5_01_mask.png",
      "area": 4897,
      "bb_left": 107,
      "bb_top": 212,
      "bb_width": 103,
      "bb_height": 66
    },
    {
      "masked_path": "d5/uki_w1_p3_c6_d5_02_masked.png",
      "mask_path": "d5/uki_w1_p3_c6_d5_02_mask.png",
      "area": 4765,
      "bb_left": 134,
      "bb_top": 271,
      "bb_width": 82,
      "bb_height": 71
    },
    {
      "masked_path": "d5/uki_w1_p3_c6_d5_03_masked.png",
      "mask_path": "d5/uki_w1_p3_c6_d5_03_mask.png",
      "area": 5185,
      "bb_left": 213,
      "bb_top": 238,
      "bb_width": 83,
      "bb_height": 82
    },
    {
      "masked_path": "d5/uki_w1_p3_c6_d5_04_masked.png",
      "mask_path": "d5/uki_w1_p3_c6_d5_04_mask.png",
      "area": 2986,
      "bb_left": 211,
      "bb_top": 185,
      "bb_width": 64,
      "bb_height": 57
    },
    {
      "masked_path": "d5/uki_w1_p3_c6_d5_05_masked.png",
      "mask_path": "d5/uki_w1_p3_c6_d5_05_mask.png",
      "area": 1282,
      "bb_left": 168,
      "bb_top": 204,
      "bb_width": 47,
      "bb_height": 50
    },
    {
      "masked_path": "d5/uki_w1_p3_c6_d5_06_masked.png",
      "mask_path": "d5/uki_w1_p3_c6_d5_06_mask.png",
      "area": 4716,
      "bb_left": 298,
      "bb_top": 178,
      "bb_width": 100,
      "bb_height": 65
    },
    {
      "masked_path": "d5/uki_w1_p3_c6_d5_07_masked.png",
      "mask_path": "d5/uki_w1_p3_c6_d5_07_mask.png",
      "area": 6333,
      "bb_left": 266,
      "bb_top": 102,
      "bb_width": 85,
      "bb_height": 100
    },
    {
      "masked_path": "d5/uki_w1_p3_c6_d5_08_masked.png",
      "mask_path": "d5/uki_w1_p3_c6_d5_08_mask.png",
      "area": 1113,
      "bb_left": 265,
      "bb_top": 167,
      "bb_width": 44,
      "bb_height": 46
    },
    {
      "masked_path": "d5/uki_w1_p3_c6_d5_09_masked.png",
      "mask_path": "d5/uki_w1_p3_c6_d5_09_mask.png",
      "area": 2803,
      "bb_left": 279,
      "bb_top": 221,
      "bb_width": 66,
      "bb_height": 58
    }
  ]
}