{
  "path_d1": "uki_w1_p1_d3_d1.png",
  "path_d5": "uki_w1_p1_d3_d5.png",
  "masked_path_d1": "uki_w1_p1_d3_d1_masked.png",
  "masked_path_d5": "uki_w1_p1_d3_d5_masked.png",
  "mask_path_d1": "uki_w1_p1_d3_d1_mask.png",
  "mask_path_d5": "uki_w1_p1_d3_d5_mask.png",
  "metadata_path": "uki_w1_p1_d3_metadata.json",
  "week": 1,
  "shelf_row": "p",
  "shelf_column": "1",
  "well_row": "d",
  "well_column": "3",
  "num_leaves_d1": 3,
  "num_leaves_d5": 3,
  "area_d1": 10405,
  "area_d5": 10649,
  "leaves_d1": [
    {
      "masked_path": "d1/uki_w1_p1_d3_d1_01_masked.png",
      "mask_path": "d1/uki_w1_p1_d3_d1_01_mask.png",
      "area": 4259,
      "bb_left": 202,
      "bb_top": 180,
      "bb_width": 69,
      "bb_height": 80
    },
    {
      "masked_path": "d1/uki_w1_p1_d3_d1_02_masked.png",
      "mask_path": "d1/uki_w1_p1_d3_d1_02_mask.png",
      "area": 4546,
      "bb_left": 227,
      "bb_top": 241,
      "bb_width": 93,
      "bb_height": 75
    },
    {
      "masked_path": "d1/uki_w1_p1_d3_d1_03_masked.png",
      "mask_path": "d1/uki_w1_p1_d3_d1_03_mask.png",
      "area": 1602,
      "bb_left": 208,
      "bb_top": 271,
      "bb_width": 47,
      "bb_height": 42
    }
  ],
  "leaves_d5": [
    {
      "masked_path": "d5/uki_w1_p1_d3_d5_01_masked.png",
      "mask_path": "d5/uki_w1_p1_d3_d5_01_mask.png",
      "area": 4315,
      "bb_left": 227,
      "bb_top": 205,
      "bb_width": 91,
      "bb_height": 65
    },
    {
      "masked_path": "d5/uki_w1_p1_d3_d5_02_masked.png",
      "mask_path": "d5/uki_w1_p1_d3_d5_02_mask.png",
      "area": 4346,
      "bb_left": 215,
      "bb_top": 252,
      "bb_width": 67,
      "bb_height": 89
    },
    {
      "masked_path": "d5/uki_w1_p1_d3_d5_03_masked.png",
      "mask_path": "d5/uki_w1_p1_d3_d5_03_mask.png",
      "area": 2020,
      "bb_left": 169,
      "bb_top": 247,
      "bb_width": 57,
      "bb_height": 50
    }
  ]
}