{
  "path_d1": "uki_w1_r2_c6_d1.png",
  "path_d5": "uki_w1_r2_c6_d5.png",
  "masked_path_d1": "uki_w1_r2_c6_d1_masked.png",
  "masked_path_d5": "uki_w1_r2_c6_d5_masked.png",
  "mask_path_d1": "uki_w1_r2_c6_d1_mask.png",
  "mask_path_d5": "uki_w1_r2_c6_d5_mask.png",
  "metadata_path": "uki_w1_r2_c6_metadata.json",
  "week": 1,
  "shelf_row": "r",
  "shelf_column": "2",
  "well_row": "c",
  "well_column": "6",
  "num_leaves_d1": 4,
  "num_leaves_d5": 11,
  "area_d1": 9216,
  "area_d5": 31403,
  "leaves_d1": [
    {
      "masked_path": "d1/uki_w1_r2_c6_d1_01_masked.png",
      "mask_path": "d1/uki_w1_r2_c6_d1_01_mask.png",
      "area": 3474,
      "bb_left": 261,
      "bb_top": 210,
      "bb_width": 52,
      "bb_height": 86
    },
    {
      "masked_path": "d1/uki_w1_r2_c6_d1_02_masked.png",
      "mask_path": "d1/uki_w1_r2_c6_d1_02_mask.png",
      "area": 394,
      "bb_left": 294,
      "bb_top": 264,
      "bb_width": 23,
      "bb_height": 29
    },
    {
      "masked_path": "d1/uki_w1_r2_c6_d1_03_masked.png",
      "mask_path": "d1/uki_w1_r2_c6_d1_03_mask.png",
      "area": 4545,
      "bb_left": 185,
      "bb_top": 239,
      "bb_width": 88,
      "bb_height": 68
    },
    {
      "masked_path": "d1/uki_w1_r2_c6_d1_04_masked.png",
      "mask_path": "d1/uki_w1_r2_c6_d1_04_mask.png",
      "area": 867,
      "bb_left": 245,
      "bb_top": 289,
      "bb_width": 44,
      "bb_height": 31
    }
  ],
  "leaves_d5": [
    {
      "masked_path": "d5/uki_w1_r2_c6_d5_01_masked.png",
      "mask_path": "d5/uki_w1_r2_c6_d5_01_mask.png",
      "area": 5351,
      "bb_left": 287,
      "bb_top": 151,
      "bb_width": 72,
      "bb_height": 100
    },
    {
      "masked_path": "d5/uki_w1_r2_c6_d5_02_masked.png",
      "mask_path": "d5/uki_w1_r2_c6_d5_02_mask.png",
      "area": 818,
      "bb_left": 315,
      "bb_top": 215,
      "bb_width": 43,
      "bb_height": 38
    },
    {
      "masked_path": "d5/uki_w1_r2_c6_d5_03_masked.png",
      "mask_path": "d5/uki_w1_r2_c6_d5_03_mask.png",
      "area": 3697,
      "bb_left": 229,
      "bb_top": 180,
      "bb_width": 68,
      "bb_height": 72
    },
    {
      "masked_path": "d5/uki_w1_r2_c6_d5_04_masked.png",
      "mask_path": "d5/uki_w1_r2_c6_d5_04_mask.png",
      "area": 4836,
      "bb_left": 280,
      "bb_top": 252,
      "bb_width": 95,
      "bb_height": 68
    },
    {
      "masked_path": "d5/uki_w1_r2_c6_d5_05_masked.png",
      "mask_path": "d5/uki_w1_r2_c6_d5_05_mask.png",
      "area": 413,
      "bb_left": 280,
      "bb_top": 247,
      "bb_width": 29,
      "bb_height": 27
    },
    {
      "masked_path": "d5/uki_w1_r2_c6_d5_06_masked.png",
      "mask_path": "d5/uki_w1_r2_c6_d5_06_mask.png",
      "area": 3049,
      "bb_left": 250,
      "bb_top": 286,
      "bb_width": 64,
      "bb_height": 67
    },
    {
      "masked_path": "d5/uki_w1_r2_c6_d5_07_masked.png",
      "mask_path": "d5/uki_w1_r2_c6_d5_07_mask.png",
      "area": 2838,
      "bb_left": 221,
      "bb_top": 244,
      "bb_width": 60,
      "bb_height": 64
    },
    {
      "masked_path": "d5/uki_w1_r2_c6_d5_08_masked.png",
      "mask_path": "d5/uki_w1_r2_c6_d5_08_mask.png",
      "area": 3576,
      "bb_left": 188,
      "bb_top": 270,
      "bb_width": 55,
      "bb_height": 83
    },
    {
      "masked_path": "d5/uki_w1_r2_c6_d5_09_masked.png",
      "mask_path": "d5/uki_w1_r2_c6_d5_09_mask.png",
      "area": 3915,
      "bb_left": 146,
      "bb_top": 205,
      "bb_width": 64,
      "bb_height": 82
    },
    {
      "masked_path": "d5/uki_w1_r2_c6_d5_10_masked.png",
      "mask_path": "d5/uki_w1_r2_c6_d5_10_mask.png",
      "area": 384,
      "bb_left": 212,
      "bb_top": 239,
      "bb_width": 14,
      "bb_height": 32
    },
    {
      "masked_path": "d5/uki_w1_r2_c6_d5_11_masked.png",
      "mask_path": "d5/uki_w1_r2_c6_d5_11_mask.png",
      "area": 2711,
      "bb_left": 135,
      "bb_top": 257,
      "bb_width": 63,
      "bb_height": 60
    }
  ]
}