{
  "path_d1": "uki_w1_p2_b6_d1.png",
  "path_d5": "uki_w1_p2_b6_d5.png",
  "masked_path_d1": "uki_w1_p2_b6_d1_masked.png",
  "masked_path_d5": "uki_w1_p2_b6_d5_masked.png",
  "mask_path_d1": "uki_w1_p2_b6_d1_mask.png",
  "mask_path_d5": "uki_w1_p2_b6_d5_mask.png",
  "metadata_path": "uki_w1_p2_b6_metadata.json",
  "week": 1,
  "shelf_row": "p",
  "shelf_column": "2",
  "well_row": "b",
  "well_column": "6",
  "num_leaves_d1": 2,
  "num_leaves_d5": 5,
  "area_d1": 5150,
  "area_d5": 15086,
  "leaves_d1": [
    {
      "masked_path": "d1/uki_w1_p2_b6_d1_01_masked.png",
      "mask_path": "d1/uki_w1_p2_b6_d1_01_mask.png",
      "area": 2761,
      "bb_left": 209,
      "bb_top": 219,
      "bb_width": 70,
      "bb_height": 53
    },
    {
      "masked_path": "d1/uki_w1_p2_b6_d1_02_masked.png",
      "mask_path": "d1/uki_w1_p2_b6_d1_02_mask.png",
      "area": 2389,
      "bb_left": 251,
      "bb_top": 246,
      "bb_width": 56,
      "bb_height": 65
    }
  ],
  "leaves_d5": [
    {
      "masked_path": "d5/uki_w1_p2_b6_d5_01_masked.png",
      "mask_path": "d5/uki_w1_p2_b6_d5_01_mask.png",
      "area": 5576,
      "bb_left": 248,
      "bb_top": 191,
      "bb_width": 79,
      "bb_height": 94
    },
    {
      "masked_path": "d5/uki_w1_p2_b6_d5_02_masked.png",
      "mask_path": "d5/uki_w1_p2_b6_d5_02_mask.png",
      "area": 3810,
      "bb_left": 279,
      "bb_top": 256,
      "bb_width": 92,
      "bb_height": 58
    },
    {
      "masked_path": "d5/uki_w1_p2_b6_d5_03_masked.png",
      "mask_path": "d5/uki_w1_p2_b6_d5_03_mask.png",
      "area": 2119,
      "bb_left": 268,
      "bb_top": 295,
      "bb_width": 59,
      "bb_height": 50
    },
    {
      "masked_path": "d5/uki_w1_p2_b6_d5_04_masked.png",
      "mask_path": "d5/uki_w1_p2_b6_d5_04_mask.png",
      "area": 2928,
      "bb_left": 213,
      "bb_top": 286,
      "bb_width": 54,
      "bb_height": 71
    },
    {
      "masked_path": "d5/uki_w1_p2_b6_d5_05_masked.png",
      "mask_path": "d5/uki_w1_p2_b6_d5_05_mask.png",
      "area": 683,
      "bb_left": 233,
      "bb_top": 271,
      "bb_width": 33,
      "bb_height": 28
    }
  ]
}