{
  "path_d1": "uki_w1_s3_d4_d1.png",
  "path_d5": "uki_w1_s3_d4_d5.png",
  "masked_path_d1": "uki_w1_s3_d4_d1_masked.png",
  "masked_path_d5": "uki_w1_s3_d4_d5_masked.png",
  "mask_path_d1": "uki_w1_s3_d4_d1_mask.png",
  "mask_path_d5": "uki_w1_s3_d4_d5_mask.png",
  "metadata_path": "uki_w1_s3_d4_metadata.json",
  "week": 1,
  "shelf_row": "s",
  "shelf_column": "3",
  "well_row": "d",
  "well_column": "4",
  "num_leaves_d1": 3,
  "num_leaves_d5": 6,
  "area_d1": 5226,
  "area_d5": 20465,
  "leaves_d1": [
    {
      "masked_path": "d1/uki_w1_s3_d4_d1_01_masked.png",
      "mask_path": "d1/uki_w1_s3_d4_d1_01_mask.png",
      "area": 3064,
      "bb_left": 224,
      "bb_top": 195,
      "bb_width": 52,
      "bb_height": 72
    },
    {
      "masked_path": "d1/uki_w1_s3_d4_d1_02_masked.png",
      "mask_path": "d1/uki_w1_s3_d4_d1_02_mask.png",
      "area": 1382,
      "bb_left": 249,
      "bb_top": 258,
      "bb_width": 49,
      "bb_height": 36
    },
    {
      "masked_path": "d1/uki_w1_s3_d4_d1_03_masked.png",
      "mask_path": "d1/uki_w1_s3_d4_d1_03_mask.png",
      "area": 806,
      "bb_left": 216,
      "bb_top": 248,
      "bb_width": 40,
      "bb_height": 36
    }
  ],
  "leaves_d5": [
    {
      "masked_path": "d5/uki_w1_s3_d4_d5_01_masked.png",
      "mask_path": "d5/uki_w1_s3_d4_d5_01_mask.png",
      "area": 5398,
      "bb_left": 207,
      "bb_top": 194,
      "bb_width": 79,
      "bb_height": 83
    },
    {
      "masked_path": "d5/uki_w1_s3_d4_d5_02_masked.png",
      "mask_path": "d5/uki_w1_s3_d4_d5_02_mask.png",
      "area": 4142,
      "bb_left": 267,
      "bb_top": 213,
      "bb_width": 83,
      "bb_height": 73
    },
    {
      "masked_path": "d5/uki_w1_s3_d4_d5_03_masked.png",
      "mask_path": "d5/uki_w1_s3_d4_d5_03_mask.png",
      "area": 2026,
      "bb_left": 278,
      "bb_top": 273,
      "bb_width": 60,
      "bb_height": 47
    },
    {
      "masked_path": "d5/uki_w1_s3_d4_d5_04_masked.png",
      "mask_path": "d5/uki_w1_s3_d4_d5_04_mask.png",
      "area": 4519,
      "bb_left": 158,
      "bb_top": 295,
      "bb_width": 85,
      "bb_height": 66
    },
    {
      "masked_path": "d5/uki_w1_s3_d4_d5_05_masked.png",
      "mask_path": "d5/uki_w1_s3_d4_d5_05_mask.png",
      "area": 3059,
      "bb_left": 234,
      "bb_top": 293,
      "bb_width": 59,
      "bb_height": 72
    },
    {
      "masked_path": "d5/uki_w1_s3_d4_d5_06_masked.png",
      "mask_path": "d5/uki_w1_s3_d4_d5_06_mask.png",
      "area": 1379,
      "bb_left": 176,
      "bb_top": 261,
      "bb_width": 53,
      "bb_height": 34
    }
  ]
}