{
  "path_d1": "uki_w1_p4_d5_d1.png",
  "path_d5": "uki_w1_p4_d5_d5.png",
  "masked_path_d1": "uki_w1_p4_d5_d1_masked.png",
  "masked_path_d5": "uki_w1_p4_d5_d5_masked.png",
  "mask_path_d1": "uki_w1_p4_d5_d1_mask.png",
  "mask_path_d5": "uki_w1_p4_d5_d5_mask.png",
  "metadata_path": "uki_w1_p4_d5_metadata.json",
  "week": 1,
  "shelf_row": "p",
  "shelf_column": "4",
  "well_row": "d",
  "well_column": "5",
  "num_leaves_d1": 2,
  "num_leaves_d5": 9,
  "area_d1": 5414,
  "area_d5": 22625,
  "leaves_d1": [
    {
      "masked_path": "d1/uki_w1_p4_d5_d1_01_masked.png",
      "mask_path": "d1/uki_w1_p4_d5_d1_01_mask.png",
      "area": 2099,
      "bb_left": 265,
      "bb_top": 207,
      "bb_width": 59,
      "bb_height": 52
    },
    {
      "masked_path": "d1/uki_w1_p4_d5_d1_02_masked.png",
      "mask_path": "d1/uki_w1_p4_d5_d1_02_mask.png",
      "area": 3348,
      "bb_left": 205,
      "bb_top": 216,
      "bb_width": 72,
      "bb_height": 60
    }
  ],
  "leaves_d5": [
    {
      "masked_path": "d5/uki_w1_p4_d5_d5_01_masked.png",
      "mask_path": "d5/uki_w1_p4_d5_d5_01_mask.png",
      "area": 3970,
      "bb_left": 150,
      "bb_top": 199,
      "bb_width": 90,
      "bb_height": 58
    },
    {
      "masked_path": "d5/uki_w1_p4_d5_d5_02_masked.png",
      "mask_path": "d5/uki_w1_p4_d5_d5_02_mask.png",
      "area": 3087,
      "bb_left": 186,
      "bb_top": 146,
      "bb_width": 70,
      "bb_height": 60
    },
    {
      "masked_path": "d5/uki_w1_p4_d5_d5_03_masked.png",
      "mask_path": "d5/uki_w1_p4_d5_d5_03_mask.png",
      "area": 2032,
      "bb_left": 267,
      "bb_top": 178,
      "bb_width": 63,
      "bb_height": 43
    },
    {
      "masked_path": "d5/uki_w1_p4_d5_d5_04_masked.png",
      "mask_path": "d5/uki_w1_p4_d5_d5_04_mask.png",
      "area": 582,
      "bb_left": 258,
      "bb_top": 199,
      "bb_width": 30,
      "bb_height": 28
    },
    {
      "masked_path": "d5/uki_w1_p4_d5_d5_05_masked.png",
      "mask_path": "d5/uki_w1_p4_d5_d5_05_mask.png",
      "area": 1657,
      "bb_left": 244,
      "bb_top": 144,
      "bb_width": 48,
      "bb_height": 45
    },
    {
      "masked_path": "d5/uki_w1_p4_d5_d5_06_masked.png",
      "mask_path": "d5/uki_w1_p4_d5_d5_06_mask.png",
      "area": 3403,
      "bb_left": 254,
      "bb_top": 103,
      "bb_width": 71,
      "bb_height": 77
    },
    {
      "masked_path": "d5/uki_w1_p4_d5_d5_07_masked.png",
      "mask_path": "d5/uki_w1_p4_d5_d5_07_mask.png",
      "area": 1885,
      "bb_left": 236,
      "bb_top": 221,
      "bb_width": 46,
      "bb_height": 54
    },
    {
      "masked_path": "d5/uki_w1_p4_d5_d5_08_masked.png",
      "mask_path": "d5/uki_w1_p4_d5_d5_08_mask.png",
      "area": 5190,
      "bb_left": 188,
      "bb_top": 257,
      "bb_width": 82,
      "bb_height": 82
    },
    {
      "masked_path": "d5/uki_w1_p4_d5_d5_09_masked.png",
      "mask_path": "d5/uki_w1_p4_d5_d5_09_mask.png",
      "area": 1033,
      "bb_left": 189,
      "bb_top": 229,
      "bb_width": 52,
      "bb_height": 50
    }
  ]
}