{
  "path_d1": "uki_w1_q2_c4_d1.png",
  "path_d5": "uki_w1_q2_c4_d5.png",
  "masked_path_d1": "uki_w1_q2_c4_d1_masked.png",
  "masked_path_d5": "uki_w1_q2_c4_d5_masked.png",
  "mask_path_d1": "uki_w1_q2_c4_d1_mask.png",
  "mask_path_d5": "uki_w1_q2_c4_d5_mask.png",
  "metadata_path": "uki_w1_q2_c4_metadata.json",
  "week": 1,
  "shelf_row": "q",
  "shelf_column": "2",
  "well_row": "c",
  "well_column": "4",
  "num_leaves_d1": 3,
  "num_leaves_d5": 9,
  "area_d1": 8410,
  "area_d5": 20527,
  "leaves_d1": [
    {
      "masked_path": "d1/uki_w1_q2_c4_d1_01_masked.png",
      "mask_path": "d1/uki_w1_q2_c4_d1_01_mask.png",
      "area": 3780,
      "bb_left": 231,
      "bb_top": 255,
      "bb_width": 82,
      "bb_height": 64
    },
    {
      "masked_path": "d1/uki_w1_q2_c4_d1_02_masked.png",
      "mask_path": "d1/uki_w1_q2_c4_d1_02_mask.png",
      "area": 2711,
      "bb_left": 249,
      "bb_top": 198,
      "bb_width": 63,
      "bb_height": 62
    },
    {
      "masked_path": "d1/uki_w1_q2_c4_d1_03_masked.png",
      "mask_path": "d1/uki_w1_q2_c4_d1_03_mask.png",
      "area": 1954,
      "bb_left": 217,
      "bb_top": 207,
      "bb_width": 46,
      "bb_height": 53
    }
  ],
  "leaves_d5": [
    {
      "masked_path": "d5/uki_w1_q2_c4_d5_01_masked.png",
      "mask_path": "d5/uki_w1_q2_c4_d5_01_mask.png",
      "area": 4413,
      "bb_left": 253,
      "bb_top": 262,
      "bb_width": 65,
      "bb_height": 89
    },
    {
      "masked_path": "d5/uki_w1_q2_c4_d5_02_masked.png",
      "mask_path": "d5/uki_w1_q2_c4_d5_02_mask.png",
      "area": 4363,
      "bb_left": 268,
      "bb_top": 216,
      "bb_width": 81,
      "bb_height": 73
    },
    {
      "masked_path": "d5/uki_w1_q2_c4_d5_03_masked.png",
      "mask_path": "d5/uki_w1_q2_c4_d5_03_mask.png",
      "area": 1134,
      "bb_left": 227,
      "bb_top": 264,
      "bb_width": 31,
      "bb_height": 51
    },
    {
      "masked_path": "d5/uki_w1_q2_c4_d5_04_masked.png",
      "mask_path": "d5/uki_w1_q2_c4_d5_04_mask.png",
      "area": 2864,
      "bb_left": 196,
      "bb_top": 219,
      "bb_width": 65,
      "bb_height": 56
    },
    {
      "masked_path": "d5/uki_w1_q2_c4_d5_05_masked.png",
      "mask_path": "d5/uki_w1_q2_c4_d5_05_mask.png",
      "area": 267,
      "bb_left": 251,
      "bb_top": 229,
      "bb_width": 17,
      "bb_height": 27
    },
    {
      "masked_path": "d5/uki_w1_q2_c4_d5_06_masked.png",
      "mask_path": "d5/uki_w1_q2_c4_d5_06_mask.png",
      "area": 2899,
      "bb_left": 205,
      "bb_top": 164,
      "bb_width": 61,
      "bb_height": 55
    },
    {
      "masked_path": "d5/uki_w1_q2_c4_d5_07_masked.png",
      "mask_path": "d5/uki_w1_q2_c4_d5_07_mask.png",
      "area": 3608,
      "bb_left": 257,
      "bb_top": 124,
      "bb_width": 77,
      "bb_height": 64
    },
    {
      "masked_path": "d5/uki_w1_q2_c4_d5_08_masked.png",
      "mask_path": "d5/uki_w1_q2_c4_d5_08_mask.png",
      "area": 397,
      "bb_left": 324,
      "bb_top": 150,
      "bb_width": 20,
      "bb_height": 28
    },
    {
      "masked_path": "d5/uki_w1_q2_c4_d5_09_masked.png",
      "mask_path": "d5/uki_w1_q2_c4_d5_09_mask.png",
      "area": 760,
      "bb_left": 291,
      "bb_top": 185,
      "bb_width": 38,
      "bb_height": 24
    }
  ]
}