{
  "path_d1": "uki_w1_q2_c6_d1.png",
  "path_d5": "uki_w1_q2_c6_d5.png",
  "masked_path_d1": "uki_w1_q2_c6_d1_masked.png",
  "masked_path_d5": "uki_w1_q2_c6_d5_masked.png",
  "mask_path_d1": "uki_w1_q2_c6_d1_mask.png",
  "mask_path_d5": "uki_w1_q2_c6_d5_mask.png",
  "metadata_path": "uki_w1_q2_c6_metadata.json",
  "week": 1,
  "shelf_row": "q",
  "shelf_column": "2",
  "well_row": "c",
  "well_column": "6",
  "num_leaves_d1": 3,
  "num_leaves_d5": 5,
  "area_d1": 3462,
  "area_d5": 9708,
  "leaves_d1": [
    {
      "masked_path": "d1/uki_w1_q2_c6_d1_01_masked.png",
      "mask_path": "d1/uki_w1_q2_c6_d1_01_mask.png",
      "area": 2222,
      "bb_left": 244,
      "bb_top": 229,
      "bb_width": 56,
      "bb_height": 51
    },
    {
      "masked_path": "d1/uki_w1_q2_c6_d1_02_masked.png",
      "mask_path": "d1/uki_w1_q2_c6_d1_02_mask.png",
      "area": 231,
      "bb_left": 251,
      "bb_top": 278,
      "bb_width": 26,
      "bb_height": 13
    },
    {
      "masked_path": "d1/uki_w1_q2_c6_d1_03_masked.png",
      "mask_path": "d1/uki_w1_q2_c6_d1_03_mask.png",
      "area": 1017,
      "bb_left": 220,
      "bb_top": 234,
      "bb_width": 35,
      "bb_height": 42
    }
  ],
  "leaves_d5": [
    {
      "masked_path": "d5/uki_w1_q2_c6_d5_01_masked.png",
      "mask_path": "d5/uki_w1_q2_c6_d5_01_mask.png",
      "area": 3636,
      "bb_left": 266,
      "bb_top": 231,
      "bb_width": 64,
      "bb_height": 71
    },
    {
      "masked_path": "d5/uki_w1_q2_c6_d5_02_masked.png",
      "mask_path": "d5/uki_w1_q2_c6_d5_02_mask.png",
      "area": 3139,
      "bb_left": 219,
      "bb_top": 241,
      "bb_width": 55,
      "bb_height": 75
    },
    {
      "masked_path": "d5/uki_w1_q2_c6_d5_03_masked.png",
      "mask_path": "d5/uki_w1_q2_c6_d5_03_mask.png",
      "area": 2093,
      "bb_left": 215,
      "bb_top": 193,
      "bb_width": 61,
      "bb_height": 45
    },
    {
      "masked_path": "d5/uki_w1_q2_c6_d5_04_masked.png",
      "mask_path": "d5/uki_w1_q2_c6_d5_04_mask.png",
      "area": 270,
      "bb_left": 264,
      "bb_top": 204,
      "bb_width": 17,
      "bb_height": 26
    },
    {
      "masked_path": "d5/uki_w1_q2_c6_d5_05_masked.png",
      "mask_path": "d5/uki_w1_q2_c6_d5_05_mask.png",
      "area": 619,
      "bb_left": 216,
      "bb_top": 238,
      "bb_width": 34,
      "bb_height": 33
    }
  ]
}