{
  "path_d1": "uki_w1_t3_a2_d1.png",
  "path_d5": "uki_w1_t3_a2_d5.png",
  "masked_path_d1": "uki_w1_t3_a2_d1_masked.png",
  "masked_path_d5": "uki_w1_t3_a2_d5_masked.png",
  "mask_path_d1": "uki_w1_t3_a2_d1_mask.png",
  "mask_path_d5": "uki_w1_t3_a2_d5_mask.png",
  "metadata_path": "uki_w1_t3_a2_metadata.json",
  "week": 1,
  "shelf_row": "t",
  "shelf_column": "3",
  "well_row": "a",
  "well_column": "2",
  "num_leaves_d1": 1,
  "num_leaves_d5": 7,
  "area_d1": 4310,
  "area_d5": 21540,
  "leaves_d1": [
    {
      "masked_path": "d1/uki_w1_t3_a2_d1_01_masked.png",
      "mask_path": "d1/uki_w1_t3_a2_d1_01_mask.png",
      "area": 4310,
      "bb_left": 222,
      "bb_top": 212,
      "bb_width": 72,
      "bb_height": 81
    }
  ],
  "leaves_d5": [
    {
      "masked_path": "d5/uki_w1_t3_a2_d5_01_masked.png",
      "mask_path": "d5/uki_w1_t3_a2_d5_01_mask.png",
      "area": 5735,
      "bb_left": 247,
      "bb_top": 129,
      "bb_width": 89,
      "bb_height": 85
    },
    {
      "masked_path": "d5/uki_w1_t3_a2_d5_02_masked.png",
      "mask_path": "d5/uki_w1_t3_a2_d5_02_mask.png",
      "area": 3957,
      "bb_left": 208,
      "bb_top": 231,
      "bb_width": 78,
      "bb_height": 66
    },
    {
      "masked_path": "d5/uki_w1_t3_a2_d5_03_masked.png",
      "mask_path": "d5/uki_w1_t3_a2_d5_03_mask.png",
      "area": 2348,
      "bb_left": 170,
      "bb_top": 262,
      "bb_width": 64,
      "bb_height": 50
    },
    {
      "masked_path": "d5/uki_w1_t3_a2_d5_04_masked.png",
      "mask_path": "d5/uki_w1_t3_a2_d5_04_mask.png",
      "area": 2201,
      "bb_left": 154,
      "bb_top": 265,
      "bb_width": 70,
      "bb_height": 68
    },
    {
      "masked_path": "d5/uki_w1_t3_a2_d5_05_masked.png",
      "mask_path": "d5/uki_w1_t3_a2_d5_05_mask.png",
      "area": 1631,
      "bb_left": 252,
      "bb_top": 202,
      "bb_width": 61,
      "bb_height": 39
    },
    {
      "masked_path": "d5/uki_w1_t3_a2_d5_06_masked.png",
      "mask_path": "d5/uki_w1_t3_a2_d5_06_mask.png",
      "area": 4418,
      "bb_left": 193,
      "bb_top": 121,
      "bb_width": 72,
      "bb_height": 82
    },
    {
      "masked_path": "d5/uki_w1_t3_a2_d5_07_masked.png",
      "mask_path": "d5/uki_w1_t3_a2_d5_07_mask.png",
      "area": 1450,
      "bb_left": 189,
      "bb_top": 209,
      "bb_width": 48,
      "bb_height": 45
    }
  ]
}