{
  "path_d1": "uki_w1_p3_a1_d1.png",
  "path_d5": "uki_w1_p3_a1_d5.png",
  "masked_path_d1": "uki_w1_p3_a1_d1_masked.png",
  "masked_path_d5": "uki_w1_p3_a1_d5_masked.png",
  "mask_path_d1": "uki_w1_p3_a1_d1_mask.png",
  "mask_path_d5": "uki_w1_p3_a1_d5_mask.png",
  "metadata_path": "uki_w1_p3_a1_metadata.json",
  "week": 1,
  "shelf_row": "p",
  "shelf_column": "3",
  "well_row": "a",
  "well_column": "1",
  "num_leaves_d1": 2,
  "num_leaves_d5": 4,
  "area_d1": 6917,
  "area_d5": 12300,
  "leaves_d1": [
    {
      "masked_path": "d1/uki_w1_p3_a1_d1_01_masked.png",
      "mask_path": "d1/uki_w1_p3_a1_d1_01_mask.png",
      "area": 4390,
      "bb_left": 222,
      "bb_top": 243,
      "bb_width": 90,
      "bb_height": 67
    },
    {
      "masked_path": "d1/uki_w1_p3_a1_d1_02_masked.png",
      "mask_path": "d1/uki_w1_p3_a1_d1_02_mask.png",
      "area": 2527,
      "bb_left": 213,
      "bb_top": 195,
      "bb_width": 58,
      "bb_height": 59
    }
  ],
  "leaves_d5": [
    {
      "masked_path": "d5/uki_w1_p3_a1_d5_01_masked.png",
      "mask_path": "d5/uki_w1_p3_a1_d5_01_mask.png",
      "area": 4558,
      "bb_left": 193,
      "bb_top": 218,
      "bb_width": 75,
      "bb_height": 78
    },
    {
      "masked_path": "d5/uki_w1_p3_a1_d5_02_masked.png",
      "mask_path": "d5/uki_w1_p3_a1_d5_02_mask.png",
      "area": 4285,
      "bb_left": 263,
      "bb_top": 235,
      "bb_width": 81,
      "bb_height": 68
    },
    {
      "masked_path": "d5/uki_w1_p3_a1_d5_03_masked.png",
      "mask_path": "d5/uki_w1_p3_a1_d5_03_mask.png",
      "area": 1802,
      "bb_left": 263,
      "bb_top": 199,
      "bb_width": 56,
      "bb_height": 41
    },
    {
      "masked_path": "d5/uki_w1_p3_a1_d5_04_masked.png",
      "mask_path": "d5/uki_w1_p3_a1_d5_04_mask.png",
      "area": 1733,
      "bb_left": 207,
      "bb_top": 185,
      "bb_width": 57,
      "bb_height": 44
    }
  ]
}