{
  "path_d1": "uki_w1_t2_c1_d1.png",
  "path_d5": "uki_w1_t2_c1_d5.png",
  "masked_path_d1": "uki_w1_t2_c1_d1_masked.png",
  "masked_path_d5": "uki_w1_t2_c1_d5_masked.png",
  "mask_path_d1": "uki_w1_t2_c1_d1_mask.png",
  "mask_path_d5": "uki_w1_t2_c1_d5_mask.png",
  "metadata_path": "uki_w1_t2_c1_metadata.json",
  "week": 1,
  "shelf_row": "t",
  "shelf_column": "2",
  "well_row": "c",
  "well_column": "1",
  "num_leaves_d1": 3,
  "num_leaves_d5": 9,
  "area_d1": 6716,
  "area_d5": 15490,
  "leaves_d1": [
    {
      "masked_path": "d1/uki_w1_t2_c1_d1_01_masked.png",
      "mask_path": "d1/uki_w1_t2_c1_d1_01_mask.png",
      "area": 2791,
      "bb_left": 239,
      "bb_top": 203,
      "bb_width": 47,
      "bb_height": 76
    },
    {
      "masked_path": "d1/uki_w1_t2_c1_d1_02_masked.png",
      "mask_path": "d1/uki_w1_t2_c1_d1_02_mask.png",
      "area": 1052,
      "bb_left": 275,
      "bb_top": 238,
      "bb_width": 36,
      "bb_height": 43
    },
    {
      "masked_path": "d1/uki_w1_t2_c1_d1_03_masked.png",
      "mask_path": "d1/uki_w1_t2_c1_d1_03_mask.png",
      "area": 2908,
      "bb_left": 191,
      "bb_top": 246,
      "bb_width": 68,
      "bb_height": 56
    }
  ],
  "leaves_d5": [
    {
      "masked_path": "d5/uki_w1_t2_c1_d5_01_masked.png",
      "mask_path": "d5/uki_w1_t2_c1_d5_01_mask.png",
      "area": 3273,
      "bb_left": 245,
      "bb_top": 260,
      "bb_width": 57,
      "bb_height": 78
    },
    {
      "masked_path": "d5/uki_w1_t2_c1_d5_02_masked.png",
      "mask_path": "d5/uki_w1_t2_c1_d5_02_mask.png",
      "area": 2183,
      "bb_left": 263,
      "bb_top": 212,
      "bb_width": 57,
      "bb_height": 49
    },
    {
      "masked_path": "d5/uki_w1_t2_c1_d5_03_masked.png",
      "mask_path": "d5/uki_w1_t2_c1_d5_03_mask.png",
      "area": 967,
      "bb_left": 243,
      "bb_top": 208,
      "bb_width": 36,
      "bb_height": 42
    },
    {
      "masked_path": "d5/uki_w1_t2_c1_d5_04_masked.png",
      "mask_path": "d5/uki_w1_t2_c1_d5_04_mask.png",
      "area": 653,
      "bb_left": 245,
      "bb_top": 253,
      "bb_width": 34,
      "bb_height": 34
    },
    {
      "masked_path": "d5/uki_w1_t2_c1_d5_05_masked.png",
      "mask_path": "d5/uki_w1_t2_c1_d5_05_mask.png",
      "area": 1640,
      "bb_left": 294,
      "bb_top": 256,
      "bb_width": 41,
      "bb_height": 56
    },
    {
      "masked_path": "d5/uki_w1_t2_c1_d5_06_masked.png",
      "mask_path": "d5/uki_w1_t2_c1_d5_06_mask.png",
      "area": 3218,
      "bb_left": 182,
      "bb_top": 181,
      "bb_width": 69,
      "bb_height": 61
    },
    {
      "masked_path": "d5/uki_w1_t2_c1_d5_07_masked.png",
      "mask_path": "d5/uki_w1_t2_c1_d5_07_mask.png",
      "area": 793,
      "bb_left": 236,
      "bb_top": 185,
      "bb_width": 43,
      "bb_height": 25
    },
    {
      "masked_path": "d5/uki_w1_t2_c1_d5_08_masked.png",
      "mask_path": "d5/uki_w1_t2_c1_d5_08_mask.png",
      "area": 1595,
      "bb_left": 208,
      "bb_top": 238,
      "bb_width": 58,
      "bb_height": 43
    },
    {
      "masked_path": "d5/uki_w1_t2_c1_d5_09_masked.png",
      "mask_path": "d5/uki_w1_t2_c1_d5_09_mask.png",
      "area": 1426,
      "bb_left": 197,
      "bb_top": 253,
      "bb_width": 56,
      "bb_height": 51
    }
  ]
}