{
  "path_d1": "uki_w1_r3_d3_d1.png",
  "path_d5": "uki_w1_r3_d3_d5.png",
  "masked_path_d1": "uki_w1_r3_d3_d1_masked.png",
  "masked_path_d5": "uki_w1_r3_d3_d5_masked.png",
  "mask_path_d1": "uki_w1_r3_d3_d1_mask.png",
  "mask_path_d5": "uki_w1_r3_d3_d5_mask.png",
  "metadata_path": "uki_w1_r3_d3_metadata.json",
  "week": 1,
  "shelf_row": "r",
  "shelf_column": "3",
  "well_row": "d",
  "well_column": "3",
  "num_leaves_d1": 3,
  "num_leaves_d5": 4,
  "area_d1": 5246,
  "area_d5": 5662,
  "leaves_d1": [
    {
      "masked_path": "d1/uki_w1_r3_d3_d1_01_masked.png",
      "mask_path": "d1/uki_w1_r3_d3_d1_01_mask.png",
      "area": 4041,
      "bb_left": 240,
      "bb_top": 224,
      "bb_width": 60,
      "bb_height": 87
    },
    {
      "masked_path": "d1/uki_w1_r3_d3_d1_02_masked.png",
      "mask_path": "d1/uki_w1_r3_d3_d1_02_mask.png",
      "area": 964,
      "bb_left": 217,
      "bb_top": 221,
      "bb_width": 36,
      "bb_height": 39
    },
    {
      "masked_path": "d1/uki_w1_r3_d3_d1_03_masked.png",
      "mask_path": "d1/uki_w1_r3_d3_d1_03_mask.png",
      "area": 285,
      "bb_left": 258,
      "bb_top": 216,
      "bb_width": 28,
      "bb_height": 19
    }
  ],
  "leaves_d5": [
    {
      "masked_path": "d5/uki_w1_r3_d3_d5_01_masked.png",
      "mask_path": "d5/uki_w1_r3_d3_d5_01_mask.png",
      "area": 4215,
      "bb_left": 238,
      "bb_top": 225,
      "bb_width": 60,
      "bb_height": 89
    },
    {
      "masked_path": "d5/uki_w1_r3_d3_d5_02_masked.png",
      "mask_path": "d5/uki_w1_r3_d3_d5_02_mask.png",
      "area": 246,
      "bb_left": 274,
      "bb_top": 222,
      "bb_width": 21,
      "bb_height": 22
    },
    {
      "masked_path": "d5/uki_w1_r3_d3_d5_03_masked.png",
      "mask_path": "d5/uki_w1_r3_d3_d5_03_mask.png",
      "area": 1180,
      "bb_left": 223,
      "bb_top": 204,
      "bb_width": 39,
      "bb_height": 38
    },
    {
      "masked_path": "d5/uki_w1_r3_d3_d5_04_masked.png",
      "mask_path": "d5/uki_w1_r3_d3_d5_04_mask.png",
      "area": 69,
      "bb_left": 240,
      "bb_top": 241,
      "bb_width": 7,
      "bb_height": 12
    }
  ]
}