{
  "path_d1": "uki_w1_q4_d6_d1.png",
  "path_d5": "uki_w1_q4_d6_d5.png",
  "masked_path_d1": "uki_w1_q4_d6_d1_masked.png",
  "masked_path_d5": "uki_w1_q4_d6_d5_masked.png",
  "mask_path_d1": "uki_w1_q4_d6_d1_mask.png",
  "mask_path_d5": "uki_w1_q4_d6_d5_mask.png",
  "metadata_path": "uki_w1_q4_d6_metadata.json",
  "week": 1,
  "shelf_row": "q",
  "shelf_column": "4",
  "well_row": "d",
  "well_column": "6",
  "num_leaves_d1": 4,
  "num_leaves_d5": 7,
  "area_d1": 8788,
  "area_d5": 14978,
  "leaves_d1": [
    {
      "masked_path": "d1/uki_w1_q4_d6_d1_01_masked.png",
      "mask_path": "d1/uki_w1_q4_d6_d1_01_mask.png",
      "area": 5811,
      "bb_left": 214,
      "bb_top": 183,
      "bb_width": 75,
      "bb_height": 105
    },
    {
      "masked_path": "d1/uki_w1_q4_d6_d1_02_masked.png",
      "mask_path": "d1/uki_w1_q4_d6_d1_02_mask.png",
      "area": 944,
      "bb_left": 212,
      "bb_top": 259,
      "bb_width": 42,
      "bb_height": 36
    },
    {
      "masked_path": "d1/uki_w1_q4_d6_d1_03_masked.png",
      "mask_path": "d1/uki_w1_q4_d6_d1_03_mask.png",
      "area": 404,
      "bb_left": 238,
      "bb_top": 282,
      "bb_width": 28,
      "bb_height": 24
    },
    {
      "masked_path": "d1/uki_w1_q4_d6_d1_04_masked.png",
      "mask_path": "d1/uki_w1_q4_d6_d1_04_mask.png",
      "area": 1726,
      "bb_left": 278,
      "bb_top": 238,
      "bb_width": 44,
      "bb_height": 51
    }
  ],
  "leaves_d5": [
    {
      "masked_path": "d5/uki_w1_q4_d6_d5_01_masked.png",
      "mask_path": "d5/uki_w1_q4_d6_d5_01_mask.png",
      "area": 5693,
      "bb_left": 261,
      "bb_top": 245,
      "bb_width": 73,
      "bb_height": 108
    },
    {
      "masked_path": "d5/uki_w1_q4_d6_d5_02_masked.png",
      "mask_path": "d5/uki_w1_q4_d6_d5_02_mask.png",
      "area": 375,
      "bb_left": 303,
      "bb_top": 231,
      "bb_width": 27,
      "bb_height": 20
    },
    {
      "masked_path": "d5/uki_w1_q4_d6_d5_03_masked.png",
      "mask_path": "d5/uki_w1_q4_d6_d5_03_mask.png",
      "area": 1139,
      "bb_left": 301,
      "bb_top": 246,
      "bb_width": 50,
      "bb_height": 41
    },
    {
      "masked_path": "d5/uki_w1_q4_d6_d5_04_masked.png",
      "mask_path": "d5/uki_w1_q4_d6_d5_04_mask.png",
      "area": 1389,
      "bb_left": 258,
      "bb_top": 215,
      "bb_width": 45,
      "bb_height": 50
    },
    {
      "masked_path": "d5/uki_w1_q4_d6_d5_05_masked.png",
      "mask_path": "d5/uki_w1_q4_d6_d5_05_mask.png",
      "area": 2057,
      "bb_left": 216,
      "bb_top": 215,
      "bb_width": 60,
      "bb_height": 55
    },
    {
      "masked_path": "d5/uki_w1_q4_d6_d5_06_masked.png",
      "mask_path": "d5/uki_w1_q4_d6_d5_06_mask.png",
      "area": 4044,
      "bb_left": 141,
      "bb_top": 217,
      "bb_width": 74,
      "bb_height": 68
    },
    {
      "masked_path": "d5/uki_w1_q4_d6_d5_07_masked.png",
      "mask_path": "d5/uki_w1_q4_d6_d5_07_mask.png",
      "area": 343,
      "bb_left": 131,
      "bb_top": 247,
      "bb_width": 18,
      "bb_height": 32
    }
  ]
}