{
  "path_d1": "uki_w1_t1_a6_d1.png",
  "path_d5": "uki_w1_t1_a6_d5.png",
  "masked_path_d1": "uki_w1_t1_a6_d1_masked.png",
  "masked_path_d5": "uki_w1_t1_a6_d5_masked.png",
  "mask_path_d1": "uki_w1_t1_a6_d1_mask.png",
  "mask_path_d5": "uki_w1_t1_a6_d5_mask.png",
  "metadata_path": "uki_w1_t1_a6_metadata.json",
  "week": 1,
  "shelf_row": "t",
  "shelf_column": "1",
  "well_row": "a",
  "well_column": "6",
  "num_leaves_d1": 2,
  "num_leaves_d5": 10,
  "area_d1": 6350,
  "area_d5": 25265,
  "leaves_d1": [
    {
      "masked_path": "d1/uki_w1_t1_a6_d1_01_masked.png",
      "mask_path": "d1/uki_w1_t1_a6_d1_01_mask.png",
      "area": 3910,
      "bb_left": 204,
      "bb_top": 265,
      "bb_width": 81,
      "bb_height": 62
    },
    {
      "masked_path": "d1/uki_w1_t1_a6_d1_02_masked.png",
      "mask_path": "d1/uki_w1_t1_a6_d1_02_mask.png",
      "area": 2460,
      "bb_left": 276,
      "bb_top": 260,
      "bb_width": 52,
      "bb_height": 67
    }
  ],
  "leaves_d5": [
    {
      "masked_path": "d5/uki_w1_t1_a6_d5_01_masked.png",
      "mask_path": "d5/uki_w1_t1_a6_d5_01_mask.png",
      "area": 3870,
      "bb_left": 235,
      "bb_top": 159,
      "bb_width": 58,
      "bb_height": 86
    },
    {
      "masked_path": "d5/uki_w1_t1_a6_d5_02_masked.png",
      "mask_path": "d5/uki_w1_t1_a6_d5_02_mask.png",
      "area": 5639,
      "bb_left": 150,
      "bb_top": 215,
      "bb_width": 98,
      "bb_height": 74
    },
    {
      "masked_path": "d5/uki_w1_t1_a6_d5_03_masked.png",
      "mask_path": "d5/uki_w1_t1_a6_d5_03_mask.png",
      "area": 556,
      "bb_left": 198,
      "bb_top": 201,
      "bb_width": 46,
      "bb_height": 27
    },
    {
      "masked_path": "d5/uki_w1_t1_a6_d5_04_masked.png",
      "mask_path": "d5/uki_w1_t1_a6_d5_04_mask.png",
      "area": 305,
      "bb_left": 245,
      "bb_top": 230,
      "bb_width": 24,
      "bb_height": 22
    },
    {
      "masked_path": "d5/uki_w1_t1_a6_d5_05_masked.png",
      "mask_path": "d5/uki_w1_t1_a6_d5_05_mask.png",
      "area": 2654,
      "bb_left": 211,
      "bb_top": 246,
      "bb_width": 66,
      "bb_height": 64
    },
    {
      "masked_path": "d5/uki_w1_t1_a6_d5_06_masked.png",
      "mask_path": "d5/uki_w1_t1_a6_d5_06_mask.png",
      "area": 4126,
      "bb_left": 275,
      "bb_top": 300,
      "bb_width": 63,
      "bb_height": 86
    },
    {
      "masked_path": "d5/uki_w1_t1_a6_d5_07_masked.png",
      "mask_path": "d5/uki_w1_t1_a6_d5_07_mask.png",
      "area": 2320,
      "bb_left": 310,
      "bb_top": 290,
      "bb_width": 63,
      "bb_height": 59
    },
    {
      "masked_path": "d5/uki_w1_t1_a6_d5_08_masked.png",
      "mask_path": "d5/uki_w1_t1_a6_d5_08_mask.png",
      "area": 263,
      "bb_left": 278,
      "bb_top": 301,
      "bb_width": 21,
      "bb_height": 24
    },
    {
      "masked_path": "d5/uki_w1_t1_a6_d5_09_masked.png",
      "mask_path": "d5/uki_w1_t1_a6_d5_09_mask.png",
      "area": 2627,
      "bb_left": 273,
      "bb_top": 201,
      "bb_width": 67,
      "bb_height": 62
    },
    {
      "masked_path": "d5/uki_w1_t1_a6_d5_10_masked.png",
      "mask_path": "d5/uki_w1_t1_a6_d5_10_mask.png",
      "area": 3172,
      "bb_left": 271,
      "bb_top": 237,
      "bb_width": 82,
      "bb_height": 63
    }
  ]
}