{
  "path_d1": "uki_w1_t2_b6_d1.png",
  "path_d5": "uki_w1_t2_b6_d5.png",
  "masked_path_d1": "uki_w1_t2_b6_d1_masked.png",
  "masked_path_d5": "uki_w1_t2_b6_d5_masked.png",
  "mask_path_d1": "uki_w1_t2_b6_d1_mask.png",
  "mask_path_d5": "uki_w1_t2_b6_d5_mask.png",
  "metadata_path": "uki_w1_t2_b6_metadata.json",
  "week": 1,
  "shelf_row": "t",
  "shelf_column": "2",
  "well_row": "b",
  "well_column": "6",
  "num_leaves_d1": 2,
  "num_leaves_d5": 8,
  "area_d1": 5862,
  "area_d5": 18331,
  "leaves_d1": [
    {
      "masked_path": "d1/uki_w1_t2_b6_d1_01_masked.png",
      "mask_path": "d1/uki_w1_t2_b6_d1_01_mask.png",
      "area": 5349,
      "bb_left": 203,
      "bb_top": 221,
      "bb_width": 105,
      "bb_height": 65
    },
    {
      "masked_path": "d1/uki_w1_t2_b6_d1_02_masked.png",
      "mask_path": "d1/uki_w1_t2_b6_d1_02_mask.png",
      "area": 529,
      "bb_left": 215,
      "bb_top": 210,
      "bb_width": 32,
      "bb_height": 24
    }
  ],
  "leaves_d5": [
    {
      "masked_path": "d5/uki_w1_t2_b6_d5_01_masked.png",
      "mask_path": "d5/uki_w1_t2_b6_d5_01_mask.png",
      "area": 2610,
      "bb_left": 210,
      "bb_top": 155,
      "bb_width": 64,
      "bb_height": 53
    },
    {
      "masked_path": "d5/uki_w1_t2_b6_d5_02_masked.png",
      "mask_path": "d5/uki_w1_t2_b6_d5_02_mask.png",
      "area": 2351,
      "bb_left": 265,
      "bb_top": 228,
      "bb_width": 50,
      "bb_height": 58
    },
    {
      "masked_path": "d5/uki_w1_t2_b6_d5_03_masked.png",
      "mask_path": "d5/uki_w1_t2_b6_d5_03_mask.png",
      "area": 3268,
      "bb_left": 211,
      "bb_top": 218,
      "bb_width": 61,
      "bb_height": 68
    },
    {
      "masked_path": "d5/uki_w1_t2_b6_d5_04_masked.png",
      "mask_path": "d5/uki_w1_t2_b6_d5_04_mask.png",
      "area": 2653,
      "bb_left": 254,
      "bb_top": 166,
      "bb_width": 59,
      "bb_height": 63
    },
    {
      "masked_path": "d5/uki_w1_t2_b6_d5_05_masked.png",
      "mask_path": "d5/uki_w1_t2_b6_d5_05_mask.png",
      "area": 1030,
      "bb_left": 272,
      "bb_top": 128,
      "bb_width": 33,
      "bb_height": 38
    },
    {
      "masked_path": "d5/uki_w1_t2_b6_d5_06_masked.png",
      "mask_path": "d5/uki_w1_t2_b6_d5_06_mask.png",
      "area": 807,
      "bb_left": 233,
      "bb_top": 132,
      "bb_width": 39,
      "bb_height": 27
    },
    {
      "masked_path": "d5/uki_w1_t2_b6_d5_07_masked.png",
      "mask_path": "d5/uki_w1_t2_b6_d5_07_mask.png",
      "area": 5475,
      "bb_left": 201,
      "bb_top": 284,
      "bb_width": 95,
      "bb_height": 76
    },
    {
      "masked_path": "d5/uki_w1_t2_b6_d5_08_masked.png",
      "mask_path": "d5/uki_w1_t2_b6_d5_08_mask.png",
      "area": 251,
      "bb_left": 290,
      "bb_top": 273,
      "bb_width": 20,
      "bb_height": 23
    }
  ]
}