{
  "path_d1": "uki_w1_r4_b6_d1.png",
  "path_d5": "uki_w1_r4_b6_d5.png",
  "masked_path_d1": "uki_w1_r4_b6_d1_masked.png",
  "masked_path_d5": "uki_w1_r4_b6_d5_masked.png",
  "mask_path_d1": "uki_w1_r4_b6_d1_mask.png",
  "mask_path_d5": "uki_w1_r4_b6_d5_mask.png",
  "metadata_path": "uki_w1_r4_b6_metadata.json",
  "week": 1,
  "shelf_row": "r",
  "shelf_column": "4",
  "well_row": "b",
  "well_column": "6",
  "num_leaves_d1": 2,
  "num_leaves_d5": 4,
  "area_d1": 5724,
  "area_d5": 9322,
  "leaves_d1": [
    {
      "masked_path": "d1/uki_w1_r4_b6_d1_01_masked.png",
      "mask_path": "d1/uki_w1_r4_b6_d1_01_mask.png",
      "area": 4812,
      "bb_left": 213,
      "bb_top": 210,
      "bb_width": 85,
      "bb_height": 75
    },
    {
      "masked_path": "d1/uki_w1_r4_b6_d1_02_masked.png",
      "mask_path": "d1/uki_w1_r4_b6_d1_02_mask.png",
      "area": 921,
      "bb_left": 224,
      "bb_top": 278,
      "bb_width": 42,
      "bb_height": 31
    }
  ],
  "leaves_d5": [
    {
      "masked_path": "d5/uki_w1_r4_b6_d5_01_masked.png",
      "mask_path": "d5/uki_w1_r4_b6_d5_01_mask.png",
      "area": 4881,
      "bb_left": 214,
      "bb_top": 236,
      "bb_width": 74,
      "bb_height": 86
    },
    {
      "masked_path": "d5/uki_w1_r4_b6_d5_02_masked.png",
      "mask_path": "d5/uki_w1_r4_b6_d5_02_mask.png",
      "area": 727,
      "bb_left": 283,
      "bb_top": 244,
      "bb_width": 29,
      "bb_height": 33
    },
    {
      "masked_path": "d5/uki_w1_r4_b6_d5_03_masked.png",
      "mask_path": "d5/uki_w1_r4_b6_d5_03_mask.png",
      "area": 2092,
      "bb_left": 200,
      "bb_top": 208,
      "bb_width": 52,
      "bb_height": 55
    },
    {
      "masked_path": "d5/uki_w1_r4_b6_d5_04_masked.png",
      "mask_path": "d5/uki_w1_r4_b6_d5_04_mask.png",
      "area": 1672,
      "bb_left": 238,
      "bb_top": 188,
      "bb_width": 43,
      "bb_height": 56
    }
  ]
}