{
  "path_d1": "uki_w1_t3_d6_d1.png",
  "path_d5": "uki_w1_t3_d6_d5.png",
  "masked_path_d1": "uki_w1_t3_d6_d1_masked.png",
  "masked_path_d5": "uki_w1_t3_d6_d5_masked.png",
  "mask_path_d1": "uki_w1_t3_d6_d1_mask.png",
  "mask_path_d5": "uki_w1_t3_d6_d5_mask.png",
  "metadata_path": "uki_w1_t3_d6_metadata.json",
  "week": 1,
  "shelf_row": "t",
  "shelf_column": "3",
  "well_row": "d",
  "well_column": "6",
  "num_leaves_d1": 2,
  "num_leaves_d5": 8,
  "area_d1": 4417,
  "area_d5": 16565,
  "leaves_d1": [
    {
      "masked_path": "d1/uki_w1_t3_d6_d1_01_masked.png",
      "mask_path": "d1/uki_w1_t3_d6_d1_01_mask.png",
      "area": 2122,
      "bb_left": 220,
      "bb_top": 207,
      "bb_width": 42,
      "bb_height": 64
    },
    {
      "masked_path": "d1/uki_w1_t3_d6_d1_02_masked.png",
      "mask_path": "d1/uki_w1_t3_d6_d1_02_mask.png",
      "area": 2321,
      "bb_left": 241,
      "bb_top": 245,
      "bb_width": 57,
      "bb_height": 57
    }
  ],
  "leaves_d5": [
    {
      "masked_path": "d5/uki_w1_t3_d6_d5_01_masked.png",
      "mask_path": "d5/uki_w1_t3_d6_d5_01_mask.png",
      "area": 2634,
      "bb_left": 225,
      "bb_top": 222,
      "bb_width": 62,
      "bb_height": 59
    },
    {
      "masked_path": "d5/uki_w1_t3_d6_d5_02_masked.png",
      "mask_path": "d5/uki_w1_t3_d6_d5_02_mask.png",
      "area": 5390,
      "bb_left": 177,
      "bb_top": 266,
      "bb_width": 94,
      "bb_height": 79
    },
    {
      "masked_path": "d5/uki_w1_t3_d6_d5_03_masked.png",
      "mask_path": "d5/uki_w1_t3_d6_d5_03_mask.png",
      "area": 198,
      "bb_left": 215,
      "bb_top": 259,
      "bb_width": 26,
      "bb_height": 12
    },
    {
      "masked_path": "d5/uki_w1_t3_d6_d5_04_masked.png",
      "mask_path": "d5/uki_w1_t3_d6_d5_04_mask.png",
      "area": 1584,
      "bb_left": 249,
      "bb_top": 281,
      "bb_width": 44,
      "bb_height": 55
    },
    {
      "masked_path": "d5/uki_w1_t3_d6_d5_05_masked.png",
      "mask_path": "d5/uki_w1_t3_d6_d5_05_mask.png",
      "area": 1978,
      "bb_left": 294,
      "bb_top": 271,
      "bb_width": 45,
      "bb_height": 59
    },
    {
      "masked_path": "d5/uki_w1_t3_d6_d5_06_masked.png",
      "mask_path": "d5/uki_w1_t3_d6_d5_06_mask.png",
      "area": 3200,
      "bb_left": 311,
      "bb_top": 232,
      "bb_width": 68,
      "bb_height": 62
    },
    {
      "masked_path": "d5/uki_w1_t3_d6_d5_07_masked.png",
      "mask_path": "d5/uki_w1_t3_d6_d5_07_mask.png",
      "area": 315,
      "bb_left": 304,
      "bb_top": 246,
      "bb_width": 18,
      "bb_height": 29
    },
    {
      "masked_path": "d5/uki_w1_t3_d6_d5_08_masked.png",
      "mask_path": "d5/uki_w1_t3_d6_d5_08_mask.png",
      "area": 1419,
      "bb_left": 280,
      "bb_top": 223,
      "bb_width": 44,
      "bb_height": 59
    }
  ]
}