{
  "path_d1": "uki_w1_q3_b1_d1.png",
  "path_d5": "uki_w1_q3_b1_d5.png",
  "masked_path_d1": "uki_w1_q3_b1_d1_masked.png",
  "masked_path_d5": "uki_w1_q3_b1_d5_masked.png",
  "mask_path_d1": "uki_w1_q3_b1_d1_mask.png",
  "mask_path_d5": "uki_w1_q3_b1_d5_mask.png",
  "metadata_path": "uki_w1_q3_b1_metadata.json",
  "week": 1,
  "shelf_row": "q",
  "shelf_column": "3",
  "well_row": "b",
  "well_column": "1",
  "num_leaves_d1": 2,
  "num_leaves_d5": 9,
  "area_d1": 5835,
  "area_d5": 25101,
  "leaves_d1": [
    {
      "masked_path": "d1/uki_w1_q3_b1_d1_01_masked.png",
      "mask_path": "d1/uki_w1_q3_b1_d1_01_mask.png",
      "area": 3718,
      "bb_left": 206,
      "bb_top": 206,
      "bb_width": 85,
      "bb_height": 60
    },
    {
      "masked_path": "d1/uki_w1_q3_b1_d1_02_masked.png",
      "mask_path": "d1/uki_w1_q3_b1_d1_02_mask.png",
      "area": 2174,
      "bb_left": 258,
      "bb_top": 227,
      "bb_width": 55,
      "bb_height": 60
    }
  ],
  "leaves_d5": [
    {
      "masked_path": "d5/uki_w1_q3_b1_d5_01_masked.png",
      "mask_path": "d5/uki_w1_q3_b1_d5_01_mask.png",
      "area": 5762,
      "bb_left": 251,
      "bb_top": 225,
      "bb_width": 90,
      "bb_height": 82
    },
    {
      "masked_path": "d5/uki_w1_q3_b1_d5_02_masked.png",
      "mask_path": "d5/uki_w1_q3_b1_d5_02_mask.png",
      "area": 4242,
      "bb_left": 198,
      "bb_top": 240,
      "bb_width": 60,
      "bb_height": 93
    },
    {
      "masked_path": "d5/uki_w1_q3_b1_d5_03_masked.png",
      "mask_path": "d5/uki_w1_q3_b1_d5_03_mask.png",
      "area": 644,
      "bb_left": 238,
      "bb_top": 223,
      "bb_width": 39,
      "bb_height": 28
    },
    {
      "masked_path": "d5/uki_w1_q3_b1_d5_04_masked.png",
      "mask_path": "d5/uki_w1_q3_b1_d5_04_mask.png",
      "area": 3193,
      "bb_left": 163,
      "bb_top": 217,
      "bb_width": 65,
      "bb_height": 68
    },
    {
      "masked_path": "d5/uki_w1_q3_b1_d5_05_masked.png",
      "mask_path": "d5/uki_w1_q3_b1_d5_05_mask.png",
      "area": 4836,
      "bb_left": 218,
      "bb_top": 92,
      "bb_width": 87,
      "bb_height": 73
    },
    {
      "masked_path": "d5/uki_w1_q3_b1_d5_06_masked.png",
      "mask_path": "d5/uki_w1_q3_b1_d5_06_mask.png",
      "area": 1398,
      "bb_left": 198,
      "bb_top": 102,
      "bb_width": 38,
      "bb_height": 55
    },
    {
      "masked_path": "d5/uki_w1_q3_b1_d5_07_masked.png",
      "mask_path": "d5/uki_w1_q3_b1_d5_07_mask.png",
      "area": 211,
      "bb_left": 233,
      "bb_top": 164,
      "bb_width": 35,
      "bb_height": 9
    },
    {
      "masked_path": "d5/uki_w1_q3_b1_d5_08_masked.png",
      "mask_path": "d5/uki_w1_q3_b1_d5_08_mask.png",
      "area": 3569,
      "bb_left": 162,
      "bb_top": 152,
      "bb_width": 82,
      "bb_height": 61
    },
    {
      "masked_path": "d5/uki_w1_q3_b1_d5_09_masked.png",
      "mask_path": "d5/uki_w1_q3_b1_d5_09_mask.png",
      "area": 1332,
      "bb_left": 212,
      "bb_top": 178,
      "bb_width": 47,
      "bb_height": 44
    }
  ]
}