{
  "path_d1": "uki_w1_s3_d2_d1.png",
  "path_d5": "uki_w1_s3_d2_d5.png",
  "masked_path_d1": "uki_w1_s3_d2_d1_masked.png",
  "masked_path_d5": "uki_w1_s3_d2_d5_masked.png",
  "mask_path_d1": "uki_w1_s3_d2_d1_mask.png",
  "mask_path_d5": "uki_w1_s3_d2_d5_mask.png",
  "metadata_path": "uki_w1_s3_d2_metadata.json",
  "week": 1,
  "shelf_row": "s",
  "shelf_column": "3",
  "well_row": "d",
  "well_column": "2",
  "num_leaves_d1": 2,
  "num_leaves_d5": 6,
  "area_d1": 3790,
  "area_d5": 11079,
  "leaves_d1": [
    {
      "masked_path": "d1/uki_w1_s3_d2_d1_01_masked.png",
      "mask_path": "d1/uki_w1_s3_d2_d1_01_mask.png",
      "area": 2105,
      "bb_left": 231,
      "bb_top": 248,
      "bb_width": 57,
      "bb_height": 48
    },
    {
      "masked_path": "d1/uki_w1_s3_d2_d1_02_masked.png",
      "mask_path": "d1/uki_w1_s3_d2_d1_02_mask.png",
      "area": 1686,
      "bb_left": 243,
      "bb_top": 204,
      "bb_width": 42,
      "bb_height": 49
    }
  ],
  "leaves_d5": [
    {
      "masked_path": "d5/uki_w1_s3_d2_d5_01_masked.png",
      "mask_path": "d5/uki_w1_s3_d2_d5_01_mask.png",
      "area": 4140,
      "bb_left": 264,
      "bb_top": 241,
      "bb_width": 68,
      "bb_height": 77
    },
    {
      "masked_path": "d5/uki_w1_s3_d2_d5_02_masked.png",
      "mask_path": "d5/uki_w1_s3_d2_d5_02_mask.png",
      "area": 2319,
      "bb_left": 229,
      "bb_top": 216,
      "bb_width": 73,
      "bb_height": 44
    },
    {
      "masked_path": "d5/uki_w1_s3_d2_d5_03_masked.png",
      "mask_path": "d5/uki_w1_s3_d2_d5_03_mask.png",
      "area": 1945,
      "bb_left": 309,
      "bb_top": 209,
      "bb_width": 53,
      "bb_height": 49
    },
    {
      "masked_path": "d5/uki_w1_s3_d2_d5_04_masked.png",
      "mask_path": "d5/uki_w1_s3_d2_d5_04_mask.png",
      "area": 1501,
      "bb_left": 306,
      "bb_top": 173,
      "bb_width": 48,
      "bb_height": 42
    },
    {
      "masked_path": "d5/uki_w1_s3_d2_d5_05_masked.png",
      "mask_path": "d5/uki_w1_s3_d2_d5_05_mask.png",
      "area": 1137,
      "bb_left": 268,
      "bb_top": 189,
      "bb_width": 42,
      "bb_height": 37
    },
    {
      "masked_path": "d5/uki_w1_s3_d2_d5_06_masked.png",
      "mask_path": "d5/uki_w1_s3_d2_d5_06_mask.png",
      "area": 92,
      "bb_left": 298,
      "bb_top": 236,
      "bb_width": 17,
      "bb_height": 10
    }
  ]
}