{
  "path_d1": "uki_w1_p1_d4_d1.png",
  "path_d5": "uki_w1_p1_d4_d5.png",
  "masked_path_d1": "uki_w1_p1_d4_d1_masked.png",
  "masked_path_d5": "uki_w1_p1_d4_d5_masked.png",
  "mask_path_d1": "uki_w1_p1_d4_d1_mask.png",
  "mask_path_d5": "uki_w1_p1_d4_d5_mask.png",
  "metadata_path": "uki_w1_p1_d4_metadata.json",
  "week": 1,
  "shelf_row": "p",
  "shelf_column": "1",
  "well_row": "d",
  "well_column": "4",
  "num_leaves_d1": 3,
  "num_leaves_d5": 3,
  "area_d1": 8290,
  "area_d5": 8209,
  "leaves_d1": [
    {
      "masked_path": "d1/uki_w1_p1_d4_d1_01_masked.png",
      "mask_path": "d1/uki_w1_p1_d4_d1_01_mask.png",
      "area": 3243,
      "bb_left": 270,
      "bb_top": 243,
      "bb_width": 61,
      "bb_height": 71
    },
    {
      "masked_path": "d1/uki_w1_p1_d4_d1_02_masked.png",
      "mask_path": "d1/uki_w1_p1_d4_d1_02_mask.png",
      "area": 3535,
      "bb_left": 199,
      "bb_top": 212,
      "bb_width": 72,
      "bb_height": 64
    },
    {
      "masked_path": "d1/uki_w1_p1_d4_d1_03_masked.png",
      "mask_path": "d1/uki_w1_p1_d4_d1_03_mask.png",
      "area": 1512,
      "bb_left": 222,
      "bb_top": 272,
      "bb_width": 50,
      "bb_height": 39
    }
  ],
  "leaves_d5": [
    {
      "masked_path": "d5/uki_w1_p1_d4_d5_01_masked.png",
      "mask_path": "d5/uki_w1_p1_d4_d5_01_mask.png",
      "area": 2952,
      "bb_left": 201,
      "bb_top": 198,
      "bb_width": 60,
      "bb_height": 66
    },
    {
      "masked_path": "d5/uki_w1_p1_d4_d5_02_masked.png",
      "mask_path": "d5/uki_w1_p1_d4_d5_02_mask.png",
      "area": 2621,
      "bb_left": 235,
      "bb_top": 232,
      "bb_width": 72,
      "bb_height": 51
    },
    {
      "masked_path": "d5/uki_w1_p1_d4_d5_03_masked.png",
      "mask_path": "d5/uki_w1_p1_d4_d5_03_mask.png",
      "area": 2673,
      "bb_left": 173,
      "bb_top": 255,
      "bb_width": 74,
      "bb_height": 47
    }
  ]
}