{
  "path_d1": "uki_w1_t4_b5_d1.png",
  "path_d5": "uki_w1_t4_b5_d5.png",
  "masked_path_d1": "uki_w1_t4_b5_d1_masked.png",
  "masked_path_d5": "uki_w1_t4_b5_d5_masked.png",
  "mask_path_d1": "uki_w1_t4_b5_d1_mask.png",
  "mask_path_d5": "uki_w1_t4_b5_d5_mask.png",
  "metadata_path": "uki_w1_t4_b5_metadata.json",
  "week": 1,
  "shelf_row": "t",
  "shelf_column": "4",
  "well_row": "b",
  "well_column": "5",
  "num_leaves_d1": 2,
  "num_leaves_d5": 5,
  "area_d1": 5095,
  "area_d5": 13956,
  "leaves_d1": [
    {
      "masked_path": "d1/uki_w1_t4_b5_d1_01_masked.png",
      "mask_path": "d1/uki_w1_t4_b5_d1_01_mask.png",
      "area": 3472,
      "bb_left": 211,
      "bb_top": 227,
      "bb_width": 70,
      "bb_height": 73
    },
    {
      "masked_path": "d1/uki_w1_t4_b5_d1_02_masked.png",
      "mask_path": "d1/uki_w1_t4_b5_d1_02_mask.png",
      "area": 1661,
      "bb_left": 268,
      "bb_top": 245,
      "bb_width": 45,
      "bb_height": 46
    }
  ],
  "leaves_d5": [
    {
      "masked_path": "d5/uki_w1_t4_b5_d5_01_masked.png",
      "mask_path": "d5/uki_w1_t4_b5_d5_01_mask.png",
      "area": 4186,
      "bb_left": 211,
      "bb_top": 271,
      "bb_width": 56,
      "bb_height": 95
    },
    {
      "masked_path": "d5/uki_w1_t4_b5_d5_02_masked.png",
      "mask_path": "d5/uki_w1_t4_b5_d5_02_mask.png",
      "area": 3356,
      "bb_left": 221,
      "bb_top": 205,
      "bb_width": 68,
      "bb_height": 70
    },
    {
      "masked_path": "d5/uki_w1_t4_b5_d5_03_masked.png",
      "mask_path": "d5/uki_w1_t4_b5_d5_03_mask.png",
      "area": 2945,
      "bb_left": 252,
      "bb_top": 261,
      "bb_width": 62,
      "bb_height": 67
    },
    {
      "masked_path": "d5/uki_w1_t4_b5_d5_04_masked.png",
      "mask_path": "d5/uki_w1_t4_b5_d5_04_mask.png",
      "area": 2813,
      "bb_left": 171,
      "bb_top": 217,
      "bb_width": 57,
      "bb_height": 62
    },
    {
      "masked_path": "d5/uki_w1_t4_b5_d5_05_masked.png",
      "mask_path": "d5/uki_w1_t4_b5_d5_05_mask.png",
      "area": 780,
      "bb_left": 197,
      "bb_top": 274,
      "bb_width": 38,
      "bb_height": 37
    }
  ]
}