{
  "path_d1": "uki_w1_t1_c2_d1.png",
  "path_d5": "uki_w1_t1_c2_d5.png",
  "masked_path_d1": "uki_w1_t1_c2_d1_masked.png",
  "masked_path_d5": "uki_w1_t1_c2_d5_masked.png",
  "mask_path_d1": "uki_w1_t1_c2_d1_mask.png",
  "mask_path_d5": "uki_w1_t1_c2_d5_mask.png",
  "metadata_path": "uki_w1_t1_c2_metadata.json",
  "week": 1,
  "shelf_row": "t",
  "shelf_column": "1",
  "well_row": "c",
  "well_column": "2",
  "num_leaves_d1": 3,
  "num_leaves_d5": 10,
  "area_d1": 7119,
  "area_d5": 29818,
  "leaves_d1": [
    {
      "masked_path": "d1/uki_w1_t1_c2_d1_01_masked.png",
      "mask_path": "d1/uki_w1_t1_c2_d1_01_mask.png",
      "area": 3493,
      "bb_left": 241,
      "bb_top": 207,
      "bb_width": 85,
      "bb_height": 52
    },
    {
      "masked_path": "d1/uki_w1_t1_c2_d1_02_masked.png",
      "mask_path": "d1/uki_w1_t1_c2_d1_02_mask.png",
      "area": 3099,
      "bb_left": 201,
      "bb_top": 247,
      "bb_width": 64,
      "bb_height": 65
    },
    {
      "masked_path": "d1/uki_w1_t1_c2_d1_03_masked.png",
      "mask_path": "d1/uki_w1_t1_c2_d1_03_mask.png",
      "area": 550,
      "bb_left": 260,
      "bb_top": 258,
      "bb_width": 23,
      "bb_height": 31
    }
  ],
  "leaves_d5": [
    {
      "masked_path": "d5/uki_w1_t1_c2_d5_01_masked.png",
      "mask_path": "d5/uki_w1_t1_c2_d5_01_mask.png",
      "area": 5337,
      "bb_left": 165,
      "bb_top": 269,
      "bb_width": 97,
      "bb_height": 73
    },
    {
      "masked_path": "d5/uki_w1_t1_c2_d5_02_masked.png",
      "mask_path": "d5/uki_w1_t1_c2_d5_02_mask.png",
      "area": 4377,
      "bb_left": 290,
      "bb_top": 124,
      "bb_width": 72,
      "bb_height": 78
    },
    {
      "masked_path": "d5/uki_w1_t1_c2_d5_03_masked.png",
      "mask_path": "d5/uki_w1_t1_c2_d5_03_mask.png",
      "area": 417,
      "bb_left": 274,
      "bb_top": 169,
      "bb_width": 18,
      "bb_height": 29
    },
    {
      "masked_path": "d5/uki_w1_t1_c2_d5_04_masked.png",
      "mask_path": "d5/uki_w1_t1_c2_d5_04_mask.png",
      "area": 4082,
      "bb_left": 254,
      "bb_top": 244,
      "bb_width": 90,
      "bb_height": 62
    },
    {
      "masked_path": "d5/uki_w1_t1_c2_d5_05_masked.png",
      "mask_path": "d5/uki_w1_t1_c2_d5_05_mask.png",
      "area": 3466,
      "bb_left": 236,
      "bb_top": 193,
      "bb_width": 68,
      "bb_height": 71
    },
    {
      "masked_path": "d5/uki_w1_t1_c2_d5_06_masked.png",
      "mask_path": "d5/uki_w1_t1_c2_d5_06_mask.png",
      "area": 5899,
      "bb_left": 191,
      "bb_top": 102,
      "bb_width": 93,
      "bb_height": 82
    },
    {
      "masked_path": "d5/uki_w1_t1_c2_d5_07_masked.png",
      "mask_path": "d5/uki_w1_t1_c2_d5_07_mask.png",
      "area": 564,
      "bb_left": 267,
      "bb_top": 124,
      "bb_width": 25,
      "bb_height": 40
    },
    {
      "masked_path": "d5/uki_w1_t1_c2_d5_08_masked.png",
      "mask_path": "d5/uki_w1_t1_c2_d5_08_mask.png",
      "area": 1225,
      "bb_left": 220,
      "bb_top": 180,
      "bb_width": 57,
      "bb_height": 43
    },
    {
      "masked_path": "d5/uki_w1_t1_c2_d5_09_masked.png",
      "mask_path": "d5/uki_w1_t1_c2_d5_09_mask.png",
      "area": 1032,
      "bb_left": 205,
      "bb_top": 245,
      "bb_width": 51,
      "bb_height": 33
    },
    {
      "masked_path": "d5/uki_w1_t1_c2_d5_10_masked.png",
      "mask_path": "d5/uki_w1_t1_c2_d5_10_mask.png",
      "area": 3657,
      "bb_left": 223,
      "bb_top": 292,
      "bb_width": 69,
      "bb_height": 77
    }
  ]
}