{
  "path_d1": "uki_w1_t1_c3_d1.png",
  "path_d5": "uki_w1_t1_c3_d5.png",
  "masked_path_d1": "uki_w1_t1_c3_d1_masked.png",
  "masked_path_d5": "uki_w1_t1_c3_d5_masked.png",
  "mask_path_d1": "uki_w1_t1_c3_d1_mask.png",
  "mask_path_d5": "uki_w1_t1_c3_d5_mask.png",
  "metadata_path": "uki_w1_t1_c3_metadata.json",
  "week": 1,
  "shelf_row": "t",
  "shelf_column": "1",
  "well_row": "c",
  "well_column": "3",
  "num_leaves_d1": 3,
  "num_leaves_d5": 9,
  "area_d1": 8054,
  "area_d5": 34363,
  "leaves_d1": [
    {
      "masked_path": "d1/uki_w1_t1_c3_d1_01_masked.png",
      "mask_path": "d1/uki_w1_t1_c3_d1_01_mask.png",
      "area": 4078,
      "bb_left": 212,
      "bb_top": 261,
      "bb_width": 86,
      "bb_height": 65
    },
    {
      "masked_path": "d1/uki_w1_t1_c3_d1_02_masked.png",
      "mask_path": "d1/uki_w1_t1_c3_d1_02_mask.png",
      "area": 360,
      "bb_left": 210,
      "bb_top": 285,
      "bb_width": 24,
      "bb_height": 27
    },
    {
      "masked_path": "d1/uki_w1_t1_c3_d1_03_masked.png",
      "mask_path": "d1/uki_w1_t1_c3_d1_03_mask.png",
      "area": 3647,
      "bb_left": 208,
      "bb_top": 192,
      "bb_width": 62,
      "bb_height": 72
    }
  ],
  "leaves_d5": [
    {
      "masked_path": "d5/uki_w1_t1_c3_d5_01_masked.png",
      "mask_path": "d5/uki_w1_t1_c3_d5_01_mask.png",
      "area": 5286,
      "bb_left": 260,
      "bb_top": 251,
      "bb_width": 81,
      "bb_height": 93
    },
    {
      "masked_path": "d5/uki_w1_t1_c3_d5_02_masked.png",
      "mask_path": "d5/uki_w1_t1_c3_d5_02_mask.png",
      "area": 6124,
      "bb_left": 120,
      "bb_top": 103,
      "bb_width": 79,
      "bb_height": 104
    },
    {
      "masked_path": "d5/uki_w1_t1_c3_d5_03_masked.png",
      "mask_path": "d5/uki_w1_t1_c3_d5_03_mask.png",
      "area": 4923,
      "bb_left": 151,
      "bb_top": 192,
      "bb_width": 69,
      "bb_height": 97
    },
    {
      "masked_path": "d5/uki_w1_t1_c3_d5_04_masked.png",
      "mask_path": "d5/uki_w1_t1_c3_d5_04_mask.png",
      "area": 3846,
      "bb_left": 206,
      "bb_top": 256,
      "bb_width": 67,
      "bb_height": 75
    },
    {
      "masked_path": "d5/uki_w1_t1_c3_d5_05_masked.png",
      "mask_path": "d5/uki_w1_t1_c3_d5_05_mask.png",
      "area": 6591,
      "bb_left": 289,
      "bb_top": 175,
      "bb_width": 89,
      "bb_height": 95
    },
    {
      "masked_path": "d5/uki_w1_t1_c3_d5_06_masked.png",
      "mask_path": "d5/uki_w1_t1_c3_d5_06_mask.png",
      "area": 1373,
      "bb_left": 254,
      "bb_top": 206,
      "bb_width": 39,
      "bb_height": 48
    },
    {
      "masked_path": "d5/uki_w1_t1_c3_d5_07_masked.png",
      "mask_path": "d5/uki_w1_t1_c3_d5_07_mask.png",
      "area": 3050,
      "bb_left": 200,
      "bb_top": 174,
      "bb_width": 61,
      "bb_height": 67
    },
    {
      "masked_path": "d5/uki_w1_t1_c3_d5_08_masked.png",
      "mask_path": "d5/uki_w1_t1_c3_d5_08_mask.png",
      "area": 3005,
      "bb_left": 100,
      "bb_top": 165,
      "bb_width": 72,
      "bb_height": 66
    },
    {
      "masked_path": "d5/uki_w1_t1_c3_d5_09_masked.png",
      "mask_path": "d5/uki_w1_t1_c3_d5_09_mask.png",
      "area": 423,
      "bb_left": 192,
      "bb_top": 154,
      "bb_width": 18,
      "bb_height": 38
    }
  ]
}