{
  "path_d1": "uki_w1_q2_a5_d1.png",
  "path_d5": "uki_w1_q2_a5_d5.png",
  "masked_path_d1": "uki_w1_q2_a5_d1_masked.png",
  "masked_path_d5": "uki_w1_q2_a5_d5_masked.png",
  "mask_path_d1": "uki_w1_q2_a5_d1_mask.png",
  "mask_path_d5": "uki_w1_q2_a5_d5_mask.png",
  "metadata_path": "uki_w1_q2_a5_metadata.json",
  "week": 1,
  "shelf_row": "q",
  "shelf_column": "2",
  "well_row": "a",
  "well_column": "5",
  "num_leaves_d1": 2,
  "num_leaves_d5": 6,
  "area_d1": 5336,
  "area_d5": 14238,
  "leaves_d1": [
    {
      "masked_path": "d1/uki_w1_q2_a5_d1_01_masked.png",
      "mask_path": "d1/uki_w1_q2_a5_d1_01_mask.png",
      "area": 3040,
      "bb_left": 210,
      "bb_top": 251,
      "bb_width": 67,
      "bb_height": 55
    },
    {
      "masked_path": "d1/uki_w1_q2_a5_d1_02_masked.png",
      "mask_path": "d1/uki_w1_q2_a5_d1_02_mask.png",
      "area": 2296,
      "bb_left": 265,
      "bb_top": 246,
      "bb_width": 61,
      "bb_height": 58
    }
  ],
  "leaves_d5": [
    {
      "masked_path": "d5/uki_w1_q2_a5_d5_01_masked.png",
      "mask_path": "d5/uki_w1_q2_a5_d5_01_mask.png",
      "area": 3137,
      "bb_left": 216,
      "bb_top": 172,
      "bb_width": 58,
      "bb_height": 74
    },
    {
      "masked_path": "d5/uki_w1_q2_a5_d5_02_masked.png",
      "mask_path": "d5/uki_w1_q2_a5_d5_02_mask.png",
      "area": 4599,
      "bb_left": 182,
      "bb_top": 223,
      "bb_width": 85,
      "bb_height": 73
    },
    {
      "masked_path": "d5/uki_w1_q2_a5_d5_03_masked.png",
      "mask_path": "d5/uki_w1_q2_a5_d5_03_mask.png",
      "area": 1064,
      "bb_left": 272,
      "bb_top": 200,
      "bb_width": 31,
      "bb_height": 47
    },
    {
      "masked_path": "d5/uki_w1_q2_a5_d5_04_masked.png",
      "mask_path": "d5/uki_w1_q2_a5_d5_04_mask.png",
      "area": 3086,
      "bb_left": 301,
      "bb_top": 227,
      "bb_width": 61,
      "bb_height": 62
    },
    {
      "masked_path": "d5/uki_w1_q2_a5_d5_05_masked.png",
      "mask_path": "d5/uki_w1_q2_a5_d5_05_mask.png",
      "area": 2141,
      "bb_left": 258,
      "bb_top": 243,
      "bb_width": 41,
      "bb_height": 65
    },
    {
      "masked_path": "d5/uki_w1_q2_a5_d5_06_masked.png",
      "mask_path": "d5/uki_w1_q2_a5_d5_06_mask.png",
      "area": 272,
      "bb_left": 290,
      "bb_top": 229,
      "bb_width": 21,
      "bb_height": 29
    }
  ]
}