{
  "path_d1": "uki_w1_q2_d4_d1.png",
  "path_d5": "uki_w1_q2_d4_d5.png",
  "masked_path_d1": "uki_w1_q2_d4_d1_masked.png",
  "masked_path_d5": "uki_w1_q2_d4_d5_masked.png",
  "mask_path_d1": "uki_w1_q2_d4_d1_mask.png",
  "mask_path_d5": "uki_w1_q2_d4_d5_mask.png",
  "metadata_path": "uki_w1_q2_d4_metadata.json",
  "week": 1,
  "shelf_row": "q",
  "shelf_column": "2",
  "well_row": "d",
  "well_column": "4",
  "num_leaves_d1": 3,
  "num_leaves_d5": 7,
  "area_d1": 6513,
  "area_d5": 14340,
  "leaves_d1": [
    {
      "masked_path": "d1/uki_w1_q2_d4_d1_01_masked.png",
      "mask_path": "d1/uki_w1_q2_d4_d1_01_mask.png",
      "area": 3497,
      "bb_left": 220,
      "bb_top": 197,
      "bb_width": 53,
      "bb_height": 85
    },
    {
      "masked_path": "d1/uki_w1_q2_d4_d1_02_masked.png",
      "mask_path": "d1/uki_w1_q2_d4_d1_02_mask.png",
      "area": 2756,
      "bb_left": 252,
      "bb_top": 256,
      "bb_width": 60,
      "bb_height": 63
    },
    {
      "masked_path": "d1/uki_w1_q2_d4_d1_03_masked.png",
      "mask_path": "d1/uki_w1_q2_d4_d1_03_mask.png",
      "area": 275,
      "bb_left": 268,
      "bb_top": 244,
      "bb_width": 24,
      "bb_height": 18
    }
  ],
  "leaves_d5": [
    {
      "masked_path": "d5/uki_w1_q2_d4_d5_01_masked.png",
      "mask_path": "d5/uki_w1_q2_d4_d5_01_mask.png",
      "area": 4382,
      "bb_left": 241,
      "bb_top": 265,
      "bb_width": 76,
      "bb_height": 73
    },
    {
      "masked_path": "d5/uki_w1_q2_d4_d5_02_masked.png",
      "mask_path": "d5/uki_w1_q2_d4_d5_02_mask.png",
      "area": 3601,
      "bb_left": 221,
      "bb_top": 180,
      "bb_width": 75,
      "bb_height": 66
    },
    {
      "masked_path": "d5/uki_w1_q2_d4_d5_03_masked.png",
      "mask_path": "d5/uki_w1_q2_d4_d5_03_mask.png",
      "area": 1020,
      "bb_left": 244,
      "bb_top": 237,
      "bb_width": 44,
      "bb_height": 27
    },
    {
      "masked_path": "d5/uki_w1_q2_d4_d5_04_masked.png",
      "mask_path": "d5/uki_w1_q2_d4_d5_04_mask.png",
      "area": 3181,
      "bb_left": 190,
      "bb_top": 248,
      "bb_width": 61,
      "bb_height": 72
    },
    {
      "masked_path": "d5/uki_w1_q2_d4_d5_05_masked.png",
      "mask_path": "d5/uki_w1_q2_d4_d5_05_mask.png",
      "area": 1472,
      "bb_left": 186,
      "bb_top": 186,
      "bb_width": 45,
      "bb_height": 45
    },
    {
      "masked_path": "d5/uki_w1_q2_d4_d5_06_masked.png",
      "mask_path": "d5/uki_w1_q2_d4_d5_06_mask.png",
      "area": 377,
      "bb_left": 200,
      "bb_top": 220,
      "bb_width": 23,
      "bb_height": 25
    },
    {
      "masked_path": "d5/uki_w1_q2_d4_d5_07_masked.png",
      "mask_path": "d5/uki_w1_q2_d4_d5_07_mask.png",
      "area": 431,
      "bb_left": 198,
      "bb_top": 241,
      "bb_width": 34,
      "bb_height": 22
    }
  ]
}