{
  "path_d1": "uki_w1_t3_b6_d1.png",
  "path_d5": "uki_w1_t3_b6_d5.png",
  "masked_path_d1": "uki_w1_t3_b6_d1_masked.png",
  "masked_path_d5": "uki_w1_t3_b6_d5_masked.png",
  "mask_path_d1": "uki_w1_t3_b6_d1_mask.png",
  "mask_path_d5": "uki_w1_t3_b6_d5_mask.png",
  "metadata_path": "uki_w1_t3_b6_metadata.json",
  "week": 1,
  "shelf_row": "t",
  "shelf_column": "3",
  "well_row": "b",
  "well_column": "6",
  "num_leaves_d1": 2,
  "num_leaves_d5": 7,
  "area_d1": 5673,
  "area_d5": 22877,
  "leaves_d1": [
    {
      "masked_path": "d1/uki_w1_t3_b6_d1_01_masked.png",
      "mask_path": "d1/uki_w1_t3_b6_d1_01_mask.png",
      "area": 4175,
      "bb_left": 221,
      "bb_top": 242,
      "bb_width": 85,
      "bb_height": 64
    },
    {
      "masked_path": "d1/uki_w1_t3_b6_d1_02_masked.png",
      "mask_path": "d1/uki_w1_t3_b6_d1_02_mask.png",
      "area": 1520,
      "bb_left": 210,
      "bb_top": 216,
      "bb_width": 46,
      "bb_height": 48
    }
  ],
  "leaves_d5": [
    {
      "masked_path": "d5/uki_w1_t3_b6_d5_01_masked.png",
      "mask_path": "d5/uki_w1_t3_b6_d5_01_mask.png",
      "area": 4808,
      "bb_left": 186,
      "bb_top": 298,
      "bb_width": 90,
      "bb_height": 74
    },
    {
      "masked_path": "d5/uki_w1_t3_b6_d5_02_masked.png",
      "mask_path": "d5/uki_w1_t3_b6_d5_02_mask.png",
      "area": 4163,
      "bb_left": 88,
      "bb_top": 266,
      "bb_width": 71,
      "bb_height": 77
    },
    {
      "masked_path": "d5/uki_w1_t3_b6_d5_03_masked.png",
      "mask_path": "d5/uki_w1_t3_b6_d5_03_mask.png",
      "area": 5264,
      "bb_left": 191,
      "bb_top": 230,
      "bb_width": 87,
      "bb_height": 77
    },
    {
      "masked_path": "d5/uki_w1_t3_b6_d5_04_masked.png",
      "mask_path": "d5/uki_w1_t3_b6_d5_04_mask.png",
      "area": 4367,
      "bb_left": 70,
      "bb_top": 200,
      "bb_width": 72,
      "bb_height": 80
    },
    {
      "masked_path": "d5/uki_w1_t3_b6_d5_05_masked.png",
      "mask_path": "d5/uki_w1_t3_b6_d5_05_mask.png",
      "area": 475,
      "bb_left": 79,
      "bb_top": 261,
      "bb_width": 34,
      "bb_height": 25
    },
    {
      "masked_path": "d5/uki_w1_t3_b6_d5_06_masked.png",
      "mask_path": "d5/uki_w1_t3_b6_d5_06_mask.png",
      "area": 1037,
      "bb_left": 144,
      "bb_top": 257,
      "bb_width": 35,
      "bb_height": 46
    },
    {
      "masked_path": "d5/uki_w1_t3_b6_d5_07_masked.png",
      "mask_path": "d5/uki_w1_t3_b6_d5_07_mask.png",
      "area": 2900,
      "bb_left": 153,
      "bb_top": 311,
      "bb_width": 63,
      "bb_height": 66
    }
  ]
}