{
  "path_d1": "uki_w1_r3_b3_d1.png",
  "path_d5": "uki_w1_r3_b3_d5.png",
  "masked_path_d1": "uki_w1_r3_b3_d1_masked.png",
  "masked_path_d5": "uki_w1_r3_b3_d5_masked.png",
  "mask_path_d1": "uki_w1_r3_b3_d1_mask.png",
  "mask_path_d5": "uki_w1_r3_b3_d5_mask.png",
  "metadata_path": "uki_w1_r3_b3_metadata.json",
  "week": 1,
  "shelf_row": "r",
  "shelf_column": "3",
  "well_row": "b",
  "well_column": "3",
  "num_leaves_d1": 2,
  "num_leaves_d5": 4,
  "area_d1": 3670,
  "area_d5": 6889,
  "leaves_d1": [
    {
      "masked_path": "d1/uki_w1_r3_b3_d1_01_masked.png",
      "mask_path": "d1/uki_w1_r3_b3_d1_01_mask.png",
      "area": 2666,
      "bb_left": 239,
      "bb_top": 231,
      "bb_width": 59,
      "bb_height": 66
    },
    {
      "masked_path": "d1/uki_w1_r3_b3_d1_02_masked.png",
      "mask_path": "d1/uki_w1_r3_b3_d1_02_mask.png",
      "area": 1033,
      "bb_left": 217,
      "bb_top": 243,
      "bb_width": 33,
      "bb_height": 41
    }
  ],
  "leaves_d5": [
    {
      "masked_path": "d5/uki_w1_r3_b3_d5_01_masked.png",
      "mask_path": "d5/uki_w1_r3_b3_d5_01_mask.png",
      "area": 2511,
      "bb_left": 223,
      "bb_top": 198,
      "bb_width": 69,
      "bb_height": 50
    },
    {
      "masked_path": "d5/uki_w1_r3_b3_d5_02_masked.png",
      "mask_path": "d5/uki_w1_r3_b3_d5_02_mask.png",
      "area": 2965,
      "bb_left": 211,
      "bb_top": 247,
      "bb_width": 52,
      "bb_height": 68
    },
    {
      "masked_path": "d5/uki_w1_r3_b3_d5_03_masked.png",
      "mask_path": "d5/uki_w1_r3_b3_d5_03_mask.png",
      "area": 1165,
      "bb_left": 252,
      "bb_top": 239,
      "bb_width": 39,
      "bb_height": 47
    },
    {
      "masked_path": "d5/uki_w1_r3_b3_d5_04_masked.png",
      "mask_path": "d5/uki_w1_r3_b3_d5_04_mask.png",
      "area": 267,
      "bb_left": 217,
      "bb_top": 209,
      "bb_width": 20,
      "bb_height": 26
    }
  ]
}