{
  "path_d1": "uki_w1_q4_c2_d1.png",
  "path_d5": "uki_w1_q4_c2_d5.png",
  "masked_path_d1": "uki_w1_q4_c2_d1_masked.png",
  "masked_path_d5": "uki_w1_q4_c2_d5_masked.png",
  "mask_path_d1": "uki_w1_q4_c2_d1_mask.png",
  "mask_path_d5": "uki_w1_q4_c2_d5_mask.png",
  "metadata_path": "uki_w1_q4_c2_metadata.json",
  "week": 1,
  "shelf_row": "q",
  "shelf_column": "4",
  "well_row": "c",
  "well_column": "2",
  "num_leaves_d1": 3,
  "num_leaves_d5": 10,
  "area_d1": 10051,
  "area_d5": 35095,
  "leaves_d1": [
    {
      "masked_path": "d1/uki_w1_q4_c2_d1_01_masked.png",
      "mask_path": "d1/uki_w1_q4_c2_d1_01_mask.png",
      "area": 4702,
      "bb_left": 238,
      "bb_top": 238,
      "bb_width": 63,
      "bb_height": 98
    },
    {
      "masked_path": "d1/uki_w1_q4_c2_d1_02_masked.png",
      "mask_path": "d1/uki_w1_q4_c2_d1_02_mask.png",
      "area": 1232,
      "bb_left": 212,
      "bb_top": 239,
      "bb_width": 38,
      "bb_height": 47
    },
    {
      "masked_path": "d1/uki_w1_q4_c2_d1_03_masked.png",
      "mask_path": "d1/uki_w1_q4_c2_d1_03_mask.png",
      "area": 4202,
      "bb_left": 264,
      "bb_top": 197,
      "bb_width": 81,
      "bb_height": 74
    }
  ],
  "leaves_d5": [
    {
      "masked_path": "d5/uki_w1_q4_c2_d5_01_masked.png",
      "mask_path": "d5/uki_w1_q4_c2_d5_01_mask.png",
      "area": 5928,
      "bb_left": 222,
      "bb_top": 299,
      "bb_width": 83,
      "bb_height": 90
    },
    {
      "masked_path": "d5/uki_w1_q4_c2_d5_02_masked.png",
      "mask_path": "d5/uki_w1_q4_c2_d5_02_mask.png",
      "area": 4787,
      "bb_left": 146,
      "bb_top": 260,
      "bb_width": 91,
      "bb_height": 68
    },
    {
      "masked_path": "d5/uki_w1_q4_c2_d5_03_masked.png",
      "mask_path": "d5/uki_w1_q4_c2_d5_03_mask.png",
      "area": 694,
      "bb_left": 204,
      "bb_top": 299,
      "bb_width": 25,
      "bb_height": 53
    },
    {
      "masked_path": "d5/uki_w1_q4_c2_d5_04_masked.png",
      "mask_path": "d5/uki_w1_q4_c2_d5_04_mask.png",
      "area": 2846,
      "bb_left": 230,
      "bb_top": 259,
      "bb_width": 74,
      "bb_height": 56
    },
    {
      "masked_path": "d5/uki_w1_q4_c2_d5_05_masked.png",
      "mask_path": "d5/uki_w1_q4_c2_d5_05_mask.png",
      "area": 3672,
      "bb_left": 198,
      "bb_top": 166,
      "bb_width": 97,
      "bb_height": 62
    },
    {
      "masked_path": "d5/uki_w1_q4_c2_d5_06_masked.png",
      "mask_path": "d5/uki_w1_q4_c2_d5_06_mask.png",
      "area": 3473,
      "bb_left": 254,
      "bb_top": 199,
      "bb_width": 67,
      "bb_height": 67
    },
    {
      "masked_path": "d5/uki_w1_q4_c2_d5_07_masked.png",
      "mask_path": "d5/uki_w1_q4_c2_d5_07_mask.png",
      "area": 2832,
      "bb_left": 175,
      "bb_top": 211,
      "bb_width": 70,
      "bb_height": 50
    },
    {
      "masked_path": "d5/uki_w1_q4_c2_d5_08_masked.png",
      "mask_path": "d5/uki_w1_q4_c2_d5_08_mask.png",
      "area": 4685,
      "bb_left": 270,
      "bb_top": 86,
      "bb_width": 78,
      "bb_height": 88
    },
    {
      "masked_path": "d5/uki_w1_q4_c2_d5_09_masked.png",
      "mask_path": "d5/uki_w1_q4_c2_d5_09_mask.png",
      "area": 4549,
      "bb_left": 212,
      "bb_top": 85,
      "bb_width": 72,
      "bb_height": 83
    },
    {
      "masked_path": "d5/uki_w1_q4_c2_d5_10_masked.png",
      "mask_path": "d5/uki_w1_q4_c2_d5_10_mask.png",
      "area": 1803,
      "bb_left": 282,
      "bb_top": 150,
      "bb_width": 61,
      "bb_height": 50
    }
  ]
}