{
  "path_d1": "uki_w1_q2_a6_d1.png",
  "path_d5": "uki_w1_q2_a6_d5.png",
  "masked_path_d1": "uki_w1_q2_a6_d1_masked.png",
  "masked_path_d5": "uki_w1_q2_a6_d5_masked.png",
  "mask_path_d1": "uki_w1_q2_a6_d1_mask.png",
  "mask_path_d5": "uki_w1_q2_a6_d5_mask.png",
  "metadata_path": "uki_w1_q2_a6_metadata.json",
  "week": 1,
  "shelf_row": "q",
  "shelf_column": "2",
  "well_row": "a",
  "well_column": "6",
  "num_leaves_d1": 4,
  "num_leaves_d5": 5,
  "area_d1": 3872,
  "area_d5": 10859,
  "leaves_d1": [
    {
      "masked_path": "d1/uki_w1_q2_a6_d1_01_masked.png",
      "mask_path": "d1/uki_w1_q2_a6_d1_01_mask.png",
      "area": 1987,
      "bb_left": 247,
      "bb_top": 254,
      "bb_width": 52,
      "bb_height": 45
    },
    {
      "masked_path": "d1/uki_w1_q2_a6_d1_02_masked.png",
      "mask_path": "d1/uki_w1_q2_a6_d1_02_mask.png",
      "area": 80,
      "bb_left": 294,
      "bb_top": 259,
      "bb_width": 9,
      "bb_height": 16
    },
    {
      "masked_path": "d1/uki_w1_q2_a6_d1_03_masked.png",
      "mask_path": "d1/uki_w1_q2_a6_d1_03_mask.png",
      "area": 1729,
      "bb_left": 215,
      "bb_top": 231,
      "bb_width": 40,
      "bb_height": 58
    },
    {
      "masked_path": "d1/uki_w1_q2_a6_d1_04_masked.png",
      "mask_path": "d1/uki_w1_q2_a6_d1_04_mask.png",
      "area": 83,
      "bb_left": 217,
      "bb_top": 227,
      "bb_width": 17,
      "bb_height": 13
    }
  ],
  "leaves_d5": [
    {
      "masked_path": "d5/uki_w1_q2_a6_d5_01_masked.png",
      "mask_path": "d5/uki_w1_q2_a6_d5_01_mask.png",
      "area": 3951,
      "bb_left": 189,
      "bb_top": 234,
      "bb_width": 75,
      "bb_height": 70
    },
    {
      "masked_path": "d5/uki_w1_q2_a6_d5_02_masked.png",
      "mask_path": "d5/uki_w1_q2_a6_d5_02_mask.png",
      "area": 2744,
      "bb_left": 232,
      "bb_top": 195,
      "bb_width": 52,
      "bb_height": 77
    },
    {
      "masked_path": "d5/uki_w1_q2_a6_d5_03_masked.png",
      "mask_path": "d5/uki_w1_q2_a6_d5_03_mask.png",
      "area": 2119,
      "bb_left": 253,
      "bb_top": 269,
      "bb_width": 45,
      "bb_height": 61
    },
    {
      "masked_path": "d5/uki_w1_q2_a6_d5_04_masked.png",
      "mask_path": "d5/uki_w1_q2_a6_d5_04_mask.png",
      "area": 1578,
      "bb_left": 290,
      "bb_top": 260,
      "bb_width": 43,
      "bb_height": 49
    },
    {
      "masked_path": "d5/uki_w1_q2_a6_d5_05_masked.png",
      "mask_path": "d5/uki_w1_q2_a6_d5_05_mask.png",
      "area": 546,
      "bb_left": 277,
      "bb_top": 231,
      "bb_width": 23,
      "bb_height": 36
    }
  ]
}