{
  "path_d1": "uki_w1_t4_d3_d1.png",
  "path_d5": "uki_w1_t4_d3_d5.png",
  "masked_path_d1": "uki_w1_t4_d3_d1_masked.png",
  "masked_path_d5": "uki_w1_t4_d3_d5_masked.png",
  "mask_path_d1": "uki_w1_t4_d3_d1_mask.png",
  "mask_path_d5": "uki_w1_t4_d3_d5_mask.png",
  "metadata_path": "uki_w1_t4_d3_metadata.json",
  "week": 1,
  "shelf_row": "t",
  "shelf_column": "4",
  "well_row": "d",
  "well_column": "3",
  "num_leaves_d1": 2,
  "num_leaves_d5": 6,
  "area_d1": 5839,
  "area_d5": 12934,
  "leaves_d1": [
    {
      "masked_path": "d1/uki_w1_t4_d3_d1_01_masked.png",
      "mask_path": "d1/uki_w1_t4_d3_d1_01_mask.png",
      "area": 3097,
      "bb_left": 256,
      "bb_top": 209,
      "bb_width": 79,
      "bb_height": 55
    },
    {
      "masked_path": "d1/uki_w1_t4_d3_d1_02_masked.png",
      "mask_path": "d1/uki_w1_t4_d3_d1_02_mask.png",
      "area": 2752,
      "bb_left": 218,
      "bb_top": 231,
      "bb_width": 60,
      "bb_height": 62
    }
  ],
  "leaves_d5": [
    {
      "masked_path": "d5/uki_w1_t4_d3_d5_01_masked.png",
      "mask_path": "d5/uki_w1_t4_d3_d5_01_mask.png",
      "area": 3073,
      "bb_left": 253,
      "bb_top": 270,
      "bb_width": 50,
      "bb_height": 82
    },
    {
      "masked_path": "d5/uki_w1_t4_d3_d5_02_masked.png",
      "mask_path": "d5/uki_w1_t4_d3_d5_02_mask.png",
      "area": 1841,
      "bb_left": 289,
      "bb_top": 258,
      "bb_width": 48,
      "bb_height": 52
    },
    {
      "masked_path": "d5/uki_w1_t4_d3_d5_03_masked.png",
      "mask_path": "d5/uki_w1_t4_d3_d5_03_mask.png",
      "area": 2747,
      "bb_left": 246,
      "bb_top": 202,
      "bb_width": 44,
      "bb_height": 82
    },
    {
      "masked_path": "d5/uki_w1_t4_d3_d5_04_masked.png",
      "mask_path": "d5/uki_w1_t4_d3_d5_04_mask.png",
      "area": 418,
      "bb_left": 284,
      "bb_top": 244,
      "bb_width": 26,
      "bb_height": 27
    },
    {
      "masked_path": "d5/uki_w1_t4_d3_d5_05_masked.png",
      "mask_path": "d5/uki_w1_t4_d3_d5_05_mask.png",
      "area": 4491,
      "bb_left": 175,
      "bb_top": 224,
      "bb_width": 83,
      "bb_height": 71
    },
    {
      "masked_path": "d5/uki_w1_t4_d3_d5_06_masked.png",
      "mask_path": "d5/uki_w1_t4_d3_d5_06_mask.png",
      "area": 477,
      "bb_left": 232,
      "bb_top": 275,
      "bb_width": 34,
      "bb_height": 24
    }
  ]
}