{
  "path_d1": "uki_w1_r1_a6_d1.png",
  "path_d5": "uki_w1_r1_a6_d5.png",
  "masked_path_d1": "uki_w1_r1_a6_d1_masked.png",
  "masked_path_d5": "uki_w1_r1_a6_d5_masked.png",
  "mask_path_d1": "uki_w1_r1_a6_d1_mask.png",
  "mask_path_d5": "uki_w1_r1_a6_d5_mask.png",
  "metadata_path": "uki_w1_r1_a6_metadata.json",
  "week": 1,
  "shelf_row": "r",
  "shelf_column": "1",
  "well_row": "a",
  "well_column": "6",
  "num_leaves_d1": 2,
  "num_leaves_d5": 8,
  "area_d1": 5565,
  "area_d5": 21787,
  "leaves_d1": [
    {
      "masked_path": "d1/uki_w1_r1_a6_d1_01_masked.png",
      "mask_path": "d1/uki_w1_r1_a6_d1_01_mask.png",
      "area": 3517,
      "bb_left": 225,
      "bb_top": 241,
      "bb_width": 66,
      "bb_height": 73
    },
    {
      "masked_path": "d1/uki_w1_r1_a6_d1_02_masked.png",
      "mask_path": "d1/uki_w1_r1_a6_d1_02_mask.png",
      "area": 2048,
      "bb_left": 229,
      "bb_top": 200,
      "bb_width": 51,
      "bb_height": 49
    }
  ],
  "leaves_d5": [
    {
      "masked_path": "d5/uki_w1_r1_a6_d5_01_masked.png",
      "mask_path": "d5/uki_w1_r1_a6_d5_01_mask.png",
      "area": 6093,
      "bb_left": 266,
      "bb_top": 203,
      "bb_width": 98,
      "bb_height": 82
    },
    {
      "masked_path": "d5/uki_w1_r1_a6_d5_02_masked.png",
      "mask_path": "d5/uki_w1_r1_a6_d5_02_mask.png",
      "area": 261,
      "bb_left": 280,
      "bb_top": 280,
      "bb_width": 30,
      "bb_height": 13
    },
    {
      "masked_path": "d5/uki_w1_r1_a6_d5_03_masked.png",
      "mask_path": "d5/uki_w1_r1_a6_d5_03_mask.png",
      "area": 2201,
      "bb_left": 236,
      "bb_top": 201,
      "bb_width": 54,
      "bb_height": 60
    },
    {
      "masked_path": "d5/uki_w1_r1_a6_d5_04_masked.png",
      "mask_path": "d5/uki_w1_r1_a6_d5_04_mask.png",
      "area": 3640,
      "bb_left": 229,
      "bb_top": 252,
      "bb_width": 62,
      "bb_height": 80
    },
    {
      "masked_path": "d5/uki_w1_r1_a6_d5_05_masked.png",
      "mask_path": "d5/uki_w1_r1_a6_d5_05_mask.png",
      "area": 3991,
      "bb_left": 165,
      "bb_top": 251,
      "bb_width": 66,
      "bb_height": 75
    },
    {
      "masked_path": "d5/uki_w1_r1_a6_d5_06_masked.png",
      "mask_path": "d5/uki_w1_r1_a6_d5_06_mask.png",
      "area": 3857,
      "bb_left": 138,
      "bb_top": 201,
      "bb_width": 83,
      "bb_height": 61
    },
    {
      "masked_path": "d5/uki_w1_r1_a6_d5_07_masked.png",
      "mask_path": "d5/uki_w1_r1_a6_d5_07_mask.png",
      "area": 745,
      "bb_left": 210,
      "bb_top": 207,
      "bb_width": 27,
      "bb_height": 37
    },
    {
      "masked_path": "d5/uki_w1_r1_a6_d5_08_masked.png",
      "mask_path": "d5/uki_w1_r1_a6_d5_08_mask.png",
      "area": 1135,
      "bb_left": 172,
      "bb_top": 171,
      "bb_width": 45,
      "bb_height": 31
    }
  ]
}