{
  "path_d1": "uki_w1_t1_b5_d1.png",
  "path_d5": "uki_w1_t1_b5_d5.png",
  "masked_path_d1": "uki_w1_t1_b5_d1_masked.png",
  "masked_path_d5": "uki_w1_t1_b5_d5_masked.png",
  "mask_path_d1": "uki_w1_t1_b5_d1_mask.png",
  "mask_path_d5": "uki_w1_t1_b5_d5_mask.png",
  "metadata_path": "uki_w1_t1_b5_metadata.json",
  "week": 1,
  "shelf_row": "t",
  "shelf_column": "1",
  "well_row": "b",
  "well_column": "5",
  "num_leaves_d1": 2,
  "num_leaves_d5": 8,
  "area_d1": 6266,
  "area_d5": 27916,
  "leaves_d1": [
    {
      "masked_path": "d1/uki_w1_t1_b5_d1_01_masked.png",
      "mask_path": "d1/uki_w1_t1_b5_d1_01_mask.png",
      "area": 3296,
      "bb_left": 200,
      "bb_top": 226,
      "bb_width": 55,
      "bb_height": 83
    },
    {
      "masked_path": "d1/uki_w1_t1_b5_d1_02_masked.png",
      "mask_path": "d1/uki_w1_t1_b5_d1_02_mask.png",
      "area": 2999,
      "bb_left": 236,
      "bb_top": 208,
      "bb_width": 69,
      "bb_height": 59
    }
  ],
  "leaves_d5": [
    {
      "masked_path": "d5/uki_w1_t1_b5_d5_01_masked.png",
      "mask_path": "d5/uki_w1_t1_b5_d5_01_mask.png",
      "area": 4774,
      "bb_left": 174,
      "bb_top": 47,
      "bb_width": 67,
      "bb_height": 97
    },
    {
      "masked_path": "d5/uki_w1_t1_b5_d5_02_masked.png",
      "mask_path": "d5/uki_w1_t1_b5_d5_02_mask.png",
      "area": 3162,
      "bb_left": 265,
      "bb_top": 154,
      "bb_width": 65,
      "bb_height": 63
    },
    {
      "masked_path": "d5/uki_w1_t1_b5_d5_03_masked.png",
      "mask_path": "d5/uki_w1_t1_b5_d5_03_mask.png",
      "area": 7120,
      "bb_left": 111,
      "bb_top": 114,
      "bb_width": 106,
      "bb_height": 90
    },
    {
      "masked_path": "d5/uki_w1_t1_b5_d5_04_masked.png",
      "mask_path": "d5/uki_w1_t1_b5_d5_04_mask.png",
      "area": 5759,
      "bb_left": 252,
      "bb_top": 211,
      "bb_width": 79,
      "bb_height": 96
    },
    {
      "masked_path": "d5/uki_w1_t1_b5_d5_05_masked.png",
      "mask_path": "d5/uki_w1_t1_b5_d5_05_mask.png",
      "area": 903,
      "bb_left": 301,
      "bb_top": 202,
      "bb_width": 37,
      "bb_height": 41
    },
    {
      "masked_path": "d5/uki_w1_t1_b5_d5_06_masked.png",
      "mask_path": "d5/uki_w1_t1_b5_d5_06_mask.png",
      "area": 1715,
      "bb_left": 228,
      "bb_top": 166,
      "bb_width": 41,
      "bb_height": 52
    },
    {
      "masked_path": "d5/uki_w1_t1_b5_d5_07_masked.png",
      "mask_path": "d5/uki_w1_t1_b5_d5_07_mask.png",
      "area": 903,
      "bb_left": 198,
      "bb_top": 139,
      "bb_width": 34,
      "bb_height": 44
    },
    {
      "masked_path": "d5/uki_w1_t1_b5_d5_08_masked.png",
      "mask_path": "d5/uki_w1_t1_b5_d5_08_mask.png",
      "area": 3785,
      "bb_left": 237,
      "bb_top": 74,
      "bb_width": 61,
      "bb_height": 77
    }
  ]
}