{
  "path_d1": "uki_w1_p2_c2_d1.png",
  "path_d5": "uki_w1_p2_c2_d5.png",
  "masked_path_d1": "uki_w1_p2_c2_d1_masked.png",
  "masked_path_d5": "uki_w1_p2_c2_d5_masked.png",
  "mask_path_d1": "uki_w1_p2_c2_d1_mask.png",
  "mask_path_d5": "uki_w1_p2_c2_d5_mask.png",
  "metadata_path": "uki_w1_p2_c2_metadata.json",
  "week": 1,
  "shelf_row": "p",
  "shelf_column": "2",
  "well_row": "c",
  "well_column": "2",
  "num_leaves_d1": 5,
  "num_leaves_d5": 11,
  "area_d1": 8827,
  "area_d5": 35055,
  "leaves_d1": [
    {
      "masked_path": "d1/uki_w1_p2_c2_d1_01_masked.png",
      "mask_path": "d1/uki_w1_p2_c2_d1_01_mask.png",
      "area": 4847,
      "bb_left": 192,
      "bb_top": 234,
      "bb_width": 100,
      "bb_height": 69
    },
    {
      "masked_path": "d1/uki_w1_p2_c2_d1_02_masked.png",
      "mask_path": "d1/uki_w1_p2_c2_d1_02_mask.png",
      "area": 2577,
      "bb_left": 264,
      "bb_top": 207,
      "bb_width": 57,
      "bb_height": 57
    },
    {
      "masked_path": "d1/uki_w1_p2_c2_d1_03_masked.png",
      "mask_path": "d1/uki_w1_p2_c2_d1_03_mask.png",
      "area": 889,
      "bb_left": 293,
      "bb_top": 256,
      "bb_width": 38,
      "bb_height": 35
    },
    {
      "masked_path": "d1/uki_w1_p2_c2_d1_04_masked.png",
      "mask_path": "d1/uki_w1_p2_c2_d1_04_mask.png",
      "area": 161,
      "bb_left": 282,
      "bb_top": 278,
      "bb_width": 17,
      "bb_height": 14
    },
    {
      "masked_path": "d1/uki_w1_p2_c2_d1_05_masked.png",
      "mask_path": "d1/uki_w1_p2_c2_d1_05_mask.png",
      "area": 354,
      "bb_left": 256,
      "bb_top": 287,
      "bb_width": 32,
      "bb_height": 18
    }
  ],
  "leaves_d5": [
    {
      "masked_path": "d5/uki_w1_p2_c2_d5_01_masked.png",
      "mask_path": "d5/uki_w1_p2_c2_d5_01_mask.png",
      "area": 5185,
      "bb_left": 334,
      "bb_top": 155,
      "bb_width": 100,
      "bb_height": 67
    },
    {
      "masked_path": "d5/uki_w1_p2_c2_d5_02_masked.png",
      "mask_path": "d5/uki_w1_p2_c2_d5_02_mask.png",
      "area": 2985,
      "bb_left": 307,
      "bb_top": 128,
      "bb_width": 66,
      "bb_height": 72
    },
    {
      "masked_path": "d5/uki_w1_p2_c2_d5_03_masked.png",
      "mask_path": "d5/uki_w1_p2_c2_d5_03_mask.png",
      "area": 857,
      "bb_left": 340,
      "bb_top": 213,
      "bb_width": 42,
      "bb_height": 28
    },
    {
      "masked_path": "d5/uki_w1_p2_c2_d5_04_masked.png",
      "mask_path": "d5/uki_w1_p2_c2_d5_04_mask.png",
      "area": 3068,
      "bb_left": 267,
      "bb_top": 185,
      "bb_width": 75,
      "bb_height": 54
    },
    {
      "masked_path": "d5/uki_w1_p2_c2_d5_05_masked.png",
      "mask_path": "d5/uki_w1_p2_c2_d5_05_mask.png",
      "area": 3910,
      "bb_left": 285,
      "bb_top": 230,
      "bb_width": 72,
      "bb_height": 69
    },
    {
      "masked_path": "d5/uki_w1_p2_c2_d5_06_masked.png",
      "mask_path": "d5/uki_w1_p2_c2_d5_06_mask.png",
      "area": 5828,
      "bb_left": 135,
      "bb_top": 275,
      "bb_width": 77,
      "bb_height": 100
    },
    {
      "masked_path": "d5/uki_w1_p2_c2_d5_07_masked.png",
      "mask_path": "d5/uki_w1_p2_c2_d5_07_mask.png",
      "area": 4172,
      "bb_left": 125,
      "bb_top": 192,
      "bb_width": 80,
      "bb_height": 69
    },
    {
      "masked_path": "d5/uki_w1_p2_c2_d5_08_masked.png",
      "mask_path": "d5/uki_w1_p2_c2_d5_08_mask.png",
      "area": 4244,
      "bb_left": 183,
      "bb_top": 180,
      "bb_width": 84,
      "bb_height": 70
    },
    {
      "masked_path": "d5/uki_w1_p2_c2_d5_09_masked.png",
      "mask_path": "d5/uki_w1_p2_c2_d5_09_mask.png",
      "area": 1166,
      "bb_left": 165,
      "bb_top": 248,
      "bb_width": 45,
      "bb_height": 38
    },
    {
      "masked_path": "d5/uki_w1_p2_c2_d5_10_masked.png",
      "mask_path": "d5/uki_w1_p2_c2_d5_10_mask.png",
      "area": 2846,
      "bb_left": 199,
      "bb_top": 254,
      "bb_width": 55,
      "bb_height": 71
    },
    {
      "masked_path": "d5/uki_w1_p2_c2_d5_11_masked.png",
      "mask_path": "d5/uki_w1_p2_c2_d5_11_mask.png",
      "area": 1019,
      "bb_left": 129,
      "bb_top": 264,
      "bb_width": 37,
      "bb_height": 47
    }
  ]
}