{
  "path_d1": "uki_w1_s2_b5_d1.png",
  "path_d5": "uki_w1_s2_b5_d5.png",
  "masked_path_d1": "uki_w1_s2_b5_d1_masked.png",
  "masked_path_d5": "uki_w1_s2_b5_d5_masked.png",
  "mask_path_d1": "uki_w1_s2_b5_d1_mask.png",
  "mask_path_d5": "uki_w1_s2_b5_d5_mask.png",
  "metadata_path": "uki_w1_s2_b5_metadata.json",
  "week": 1,
  "shelf_row": "s",
  "shelf_column": "2",
  "well_row": "b",
  "well_column": "5",
  "num_leaves_d1": 4,
  "num_leaves_d5": 12,
  "area_d1": 8586,
  "area_d5": 37478,
  "leaves_d1": [
    {
      "masked_path": "d1/uki_w1_s2_b5_d1_01_masked.png",
      "mask_path": "d1/uki_w1_s2_b5_d1_01_mask.png",
      "area": 4773,
      "bb_left": 245,
      "bb_top": 235,
      "bb_width": 69,
      "bb_height": 86
    },
    {
      "masked_path": "d1/uki_w1_s2_b5_d1_02_masked.png",
      "mask_path": "d1/uki_w1_s2_b5_d1_02_mask.png",
      "area": 2777,
      "bb_left": 202,
      "bb_top": 208,
      "bb_width": 80,
      "bb_height": 48
    },
    {
      "masked_path": "d1/uki_w1_s2_b5_d1_03_masked.png",
      "mask_path": "d1/uki_w1_s2_b5_d1_03_mask.png",
      "area": 797,
      "bb_left": 239,
      "bb_top": 186,
      "bb_width": 40,
      "bb_height": 26
    },
    {
      "masked_path": "d1/uki_w1_s2_b5_d1_04_masked.png",
      "mask_path": "d1/uki_w1_s2_b5_d1_04_mask.png",
      "area": 277,
      "bb_left": 274,
      "bb_top": 221,
      "bb_width": 24,
      "bb_height": 23
    }
  ],
  "leaves_d5": [
    {
      "masked_path": "d5/uki_w1_s2_b5_d5_01_masked.png",
      "mask_path": "d5/uki_w1_s2_b5_d5_01_mask.png",
      "area": 6058,
      "bb_left": 236,
      "bb_top": 336,
      "bb_width": 80,
      "bb_height": 98
    },
    {
      "masked_path": "d5/uki_w1_s2_b5_d5_02_masked.png",
      "mask_path": "d5/uki_w1_s2_b5_d5_02_mask.png",
      "area": 3609,
      "bb_left": 249,
      "bb_top": 292,
      "bb_width": 79,
      "bb_height": 65
    },
    {
      "masked_path": "d5/uki_w1_s2_b5_d5_03_masked.png",
      "mask_path": "d5/uki_w1_s2_b5_d5_03_mask.png",
      "area": 1547,
      "bb_left": 208,
      "bb_top": 343,
      "bb_width": 35,
      "bb_height": 60
    },
    {
      "masked_path": "d5/uki_w1_s2_b5_d5_04_masked.png",
      "mask_path": "d5/uki_w1_s2_b5_d5_04_mask.png",
      "area": 5148,
      "bb_left": 145,
      "bb_top": 293,
      "bb_width": 80,
      "bb_height": 82
    },
    {
      "masked_path": "d5/uki_w1_s2_b5_d5_05_masked.png",
      "mask_path": "d5/uki_w1_s2_b5_d5_05_mask.png",
      "area": 1209,
      "bb_left": 220,
      "bb_top": 288,
      "bb_width": 34,
      "bb_height": 46
    },
    {
      "masked_path": "d5/uki_w1_s2_b5_d5_06_masked.png",
      "mask_path": "d5/uki_w1_s2_b5_d5_06_mask.png",
      "area": 3029,
      "bb_left": 148,
      "bb_top": 238,
      "bb_width": 72,
      "bb_height": 50
    },
    {
      "masked_path": "d5/uki_w1_s2_b5_d5_07_masked.png",
      "mask_path": "d5/uki_w1_s2_b5_d5_07_mask.png",
      "area": 545,
      "bb_left": 157,
      "bb_top": 283,
      "bb_width": 53,
      "bb_height": 20
    },
    {
      "masked_path": "d5/uki_w1_s2_b5_d5_08_masked.png",
      "mask_path": "d5/uki_w1_s2_b5_d5_08_mask.png",
      "area": 2758,
      "bb_left": 178,
      "bb_top": 205,
      "bb_width": 79,
      "bb_height": 48
    },
    {
      "masked_path": "d5/uki_w1_s2_b5_d5_09_masked.png",
      "mask_path": "d5/uki_w1_s2_b5_d5_09_mask.png",
      "area": 3371,
      "bb_left": 225,
      "bb_top": 229,
      "bb_width": 64,
      "bb_height": 69
    },
    {
      "masked_path": "d5/uki_w1_s2_b5_d5_10_masked.png",
      "mask_path": "d5/uki_w1_s2_b5_d5_10_mask.png",
      "area": 5020,
      "bb_left": 184,
      "bb_top": 121,
      "bb_width": 76,
      "bb_height": 82
    },
    {
      "masked_path": "d5/uki_w1_s2_b5_d5_11_masked.png",
      "mask_path": "d5/uki_w1_s2_b5_d5_11_mask.png",
      "area": 3962,
      "bb_left": 242,
      "bb_top": 128,
      "bb_width": 72,
      "bb_height": 82
    },
    {
      "masked_path": "d5/uki_w1_s2_b5_d5_12_masked.png",
      "mask_path": "d5/uki_w1_s2_b5_d5_12_mask.png",
      "area": 1441,
      "bb_left": 252,
      "bb_top": 192,
      "bb_width": 56,
      "bb_height": 42
    }
  ]
}