{
  "path_d1": "uki_w1_s3_d6_d1.png",
  "path_d5": "uki_w1_s3_d6_d5.png",
  "masked_path_d1": "uki_w1_s3_d6_d1_masked.png",
  "masked_path_d5": "uki_w1_s3_d6_d5_masked.png",
  "mask_path_d1": "uki_w1_s3_d6_d1_mask.png",
  "mask_path_d5": "uki_w1_s3_d6_d5_mask.png",
  "metadata_path": "uki_w1_s3_d6_metadata.json",
  "week": 1,
  "shelf_row": "s",
  "shelf_column": "3",
  "well_row": "d",
  "well_column": "6",
  "num_leaves_d1": 3,
  "num_leaves_d5": 8,
  "area_d1": 6454,
  "area_d5": 24023,
  "leaves_d1": [
    {
      "masked_path": "d1/uki_w1_s3_d6_d1_01_masked.png",
      "mask_path": "d1/uki_w1_s3_d6_d1_01_mask.png",
      "area": 3332,
      "bb_left": 227,
      "bb_top": 240,
      "bb_width": 70,
      "bb_height": 62
    },
    {
      "masked_path": "d1/uki_w1_s3_d6_d1_02_masked.png",
      "mask_path": "d1/uki_w1_s3_d6_d1_02_mask.png",
      "area": 2835,
      "bb_left": 190,
      "bb_top": 190,
      "bb_width": 46,
      "bb_height": 78
    },
    {
      "masked_path": "d1/uki_w1_s3_d6_d1_03_masked.png",
      "mask_path": "d1/uki_w1_s3_d6_d1_03_mask.png",
      "area": 320,
      "bb_left": 235,
      "bb_top": 227,
      "bb_width": 27,
      "bb_height": 16
    }
  ],
  "leaves_d5": [
    {
      "masked_path": "d5/uki_w1_s3_d6_d5_01_masked.png",
      "mask_path": "d5/uki_w1_s3_d6_d5_01_mask.png",
      "area": 5779,
      "bb_left": 186,
      "bb_top": 210,
      "bb_width": 101,
      "bb_height": 75
    },
    {
      "masked_path": "d5/uki_w1_s3_d6_d5_02_masked.png",
      "mask_path": "d5/uki_w1_s3_d6_d5_02_mask.png",
      "area": 3982,
      "bb_left": 225,
      "bb_top": 269,
      "bb_width": 76,
      "bb_height": 71
    },
    {
      "masked_path": "d5/uki_w1_s3_d6_d5_03_masked.png",
      "mask_path": "d5/uki_w1_s3_d6_d5_03_mask.png",
      "area": 4306,
      "bb_left": 316,
      "bb_top": 252,
      "bb_width": 73,
      "bb_height": 72
    },
    {
      "masked_path": "d5/uki_w1_s3_d6_d5_04_masked.png",
      "mask_path": "d5/uki_w1_s3_d6_d5_04_mask.png",
      "area": 3130,
      "bb_left": 296,
      "bb_top": 199,
      "bb_width": 53,
      "bb_height": 79
    },
    {
      "masked_path": "d5/uki_w1_s3_d6_d5_05_masked.png",
      "mask_path": "d5/uki_w1_s3_d6_d5_05_mask.png",
      "area": 1396,
      "bb_left": 247,
      "bb_top": 200,
      "bb_width": 50,
      "bb_height": 51
    },
    {
      "masked_path": "d5/uki_w1_s3_d6_d5_06_masked.png",
      "mask_path": "d5/uki_w1_s3_d6_d5_06_mask.png",
      "area": 3116,
      "bb_left": 135,
      "bb_top": 281,
      "bb_width": 82,
      "bb_height": 49
    },
    {
      "masked_path": "d5/uki_w1_s3_d6_d5_07_masked.png",
      "mask_path": "d5/uki_w1_s3_d6_d5_07_mask.png",
      "area": 2160,
      "bb_left": 183,
      "bb_top": 308,
      "bb_width": 54,
      "bb_height": 57
    },
    {
      "masked_path": "d5/uki_w1_s3_d6_d5_08_masked.png",
      "mask_path": "d5/uki_w1_s3_d6_d5_08_mask.png",
      "area": 246,
      "bb_left": 289,
      "bb_top": 251,
      "bb_width": 18,
      "bb_height": 27
    }
  ]
}