{
  "path_d1": "uki_w1_p1_d6_d1.png",
  "path_d5": "uki_w1_p1_d6_d5.png",
  "masked_path_d1": "uki_w1_p1_d6_d1_masked.png",
  "masked_path_d5": "uki_w1_p1_d6_d5_masked.png",
  "mask_path_d1": "uki_w1_p1_d6_d1_mask.png",
  "mask_path_d5": "uki_w1_p1_d6_d5_mask.png",
  "metadata_path": "uki_w1_p1_d6_metadata.json",
  "week": 1,
  "shelf_row": "p",
  "shelf_column": "1",
  "well_row": "d",
  "well_column": "6",
  "num_leaves_d1": 4,
  "num_leaves_d5": 4,
  "area_d1": 7475,
  "area_d5": 10692,
  "leaves_d1": [
    {
      "masked_path": "d1/uki_w1_p1_d6_d1_01_masked.png",
      "mask_path": "d1/uki_w1_p1_d6_d1_01_mask.png",
      "area": 3913,
      "bb_left": 243,
      "bb_top": 221,
      "bb_width": 75,
      "bb_height": 68
    },
    {
      "masked_path": "d1/uki_w1_p1_d6_d1_02_masked.png",
      "mask_path": "d1/uki_w1_p1_d6_d1_02_mask.png",
      "area": 2813,
      "bb_left": 190,
      "bb_top": 219,
      "bb_width": 58,
      "bb_height": 68
    },
    {
      "masked_path": "d1/uki_w1_p1_d6_d1_03_masked.png",
      "mask_path": "d1/uki_w1_p1_d6_d1_03_mask.png",
      "area": 571,
      "bb_left": 202,
      "bb_top": 206,
      "bb_width": 32,
      "bb_height": 29
    },
    {
      "masked_path": "d1/uki_w1_p1_d6_d1_04_masked.png",
      "mask_path": "d1/uki_w1_p1_d6_d1_04_mask.png",
      "area": 186,
      "bb_left": 247,
      "bb_top": 215,
      "bb_width": 22,
      "bb_height": 12
    }
  ],
  "leaves_d5": [
    {
      "masked_path": "d5/uki_w1_p1_d6_d5_01_masked.png",
      "mask_path": "d5/uki_w1_p1_d6_d5_01_mask.png",
      "area": 2778,
      "bb_left": 170,
      "bb_top": 246,
      "bb_width": 73,
      "bb_height": 49
    },
    {
      "masked_path": "d5/uki_w1_p1_d6_d5_02_masked.png",
      "mask_path": "d5/uki_w1_p1_d6_d5_02_mask.png",
      "area": 2030,
      "bb_left": 201,
      "bb_top": 197,
      "bb_width": 49,
      "bb_height": 52
    },
    {
      "masked_path": "d5/uki_w1_p1_d6_d5_03_masked.png",
      "mask_path": "d5/uki_w1_p1_d6_d5_03_mask.png",
      "area": 3630,
      "bb_left": 227,
      "bb_top": 271,
      "bb_width": 59,
      "bb_height": 80
    },
    {
      "masked_path": "d5/uki_w1_p1_d6_d5_04_masked.png",
      "mask_path": "d5/uki_w1_p1_d6_d5_04_mask.png",
      "area": 2298,
      "bb_left": 266,
      "bb_top": 254,
      "bb_width": 59,
      "bb_height": 55
    }
  ]
}