{
  "path_d1": "uki_w1_q2_c3_d1.png",
  "path_d5": "uki_w1_q2_c3_d5.png",
  "masked_path_d1": "uki_w1_q2_c3_d1_masked.png",
  "masked_path_d5": "uki_w1_q2_c3_d5_masked.png",
  "mask_path_d1": "uki_w1_q2_c3_d1_mask.png",
  "mask_path_d5": "uki_w1_q2_c3_d5_mask.png",
  "metadata_path": "uki_w1_q2_c3_metadata.json",
  "week": 1,
  "shelf_row": "q",
  "shelf_column": "2",
  "well_row": "c",
  "well_column": "3",
  "num_leaves_d1": 2,
  "num_leaves_d5": 5,
  "area_d1": 4728,
  "area_d5": 9497,
  "leaves_d1": [
    {
      "masked_path": "d1/uki_w1_q2_c3_d1_01_masked.png",
      "mask_path": "d1/uki_w1_q2_c3_d1_01_mask.png",
      "area": 3479,
      "bb_left": 229,
      "bb_top": 229,
      "bb_width": 62,
      "bb_height": 72
    },
    {
      "masked_path": "d1/uki_w1_q2_c3_d1_02_masked.png",
      "mask_path": "d1/uki_w1_q2_c3_d1_02_mask.png",
      "area": 1269,
      "bb_left": 239,
      "bb_top": 206,
      "bb_width": 46,
      "bb_height": 41
    }
  ],
  "leaves_d5": [
    {
      "masked_path": "d5/uki_w1_q2_c3_d5_01_masked.png",
      "mask_path": "d5/uki_w1_q2_c3_d5_01_mask.png",
      "area": 3550,
      "bb_left": 245,
      "bb_top": 185,
      "bb_width": 65,
      "bb_height": 69
    },
    {
      "masked_path": "d5/uki_w1_q2_c3_d5_02_masked.png",
      "mask_path": "d5/uki_w1_q2_c3_d5_02_mask.png",
      "area": 2099,
      "bb_left": 256,
      "bb_top": 248,
      "bb_width": 65,
      "bb_height": 46
    },
    {
      "masked_path": "d5/uki_w1_q2_c3_d5_03_masked.png",
      "mask_path": "d5/uki_w1_q2_c3_d5_03_mask.png",
      "area": 437,
      "bb_left": 254,
      "bb_top": 265,
      "bb_width": 23,
      "bb_height": 28
    },
    {
      "masked_path": "d5/uki_w1_q2_c3_d5_04_masked.png",
      "mask_path": "d5/uki_w1_q2_c3_d5_04_mask.png",
      "area": 3343,
      "bb_left": 197,
      "bb_top": 238,
      "bb_width": 59,
      "bb_height": 75
    },
    {
      "masked_path": "d5/uki_w1_q2_c3_d5_05_masked.png",
      "mask_path": "d5/uki_w1_q2_c3_d5_05_mask.png",
      "area": 102,
      "bb_left": 216,
      "bb_top": 238,
      "bb_width": 22,
      "bb_height": 11
    }
  ]
}