{
  "path_d1": "uki_w1_r2_d5_d1.png",
  "path_d5": "uki_w1_r2_d5_d5.png",
  "masked_path_d1": "uki_w1_r2_d5_d1_masked.png",
  "masked_path_d5": "uki_w1_r2_d5_d5_masked.png",
  "mask_path_d1": "uki_w1_r2_d5_d1_mask.png",
  "mask_path_d5": "uki_w1_r2_d5_d5_mask.png",
  "metadata_path": "uki_w1_r2_d5_metadata.json",
  "week": 1,
  "shelf_row": "r",
  "shelf_column": "2",
  "well_row": "d",
  "well_column": "5",
  "num_leaves_d1": 2,
  "num_leaves_d5": 5,
  "area_d1": 2407,
  "area_d5": 7720,
  "leaves_d1": [
    {
      "masked_path": "d1/uki_w1_r2_d5_d1_01_masked.png",
      "mask_path": "d1/uki_w1_r2_d5_d1_01_mask.png",
      "area": 1483,
      "bb_left": 236,
      "bb_top": 219,
      "bb_width": 42,
      "bb_height": 51
    },
    {
      "masked_path": "d1/uki_w1_r2_d5_d1_02_masked.png",
      "mask_path": "d1/uki_w1_r2_d5_d1_02_mask.png",
      "area": 933,
      "bb_left": 249,
      "bb_top": 257,
      "bb_width": 42,
      "bb_height": 30
    }
  ],
  "leaves_d5": [
    {
      "masked_path": "d5/uki_w1_r2_d5_d5_01_masked.png",
      "mask_path": "d5/uki_w1_r2_d5_d5_01_mask.png",
      "area": 3636,
      "bb_left": 222,
      "bb_top": 201,
      "bb_width": 63,
      "bb_height": 79
    },
    {
      "masked_path": "d5/uki_w1_r2_d5_d5_02_masked.png",
      "mask_path": "d5/uki_w1_r2_d5_d5_02_mask.png",
      "area": 1578,
      "bb_left": 271,
      "bb_top": 262,
      "bb_width": 49,
      "bb_height": 39
    },
    {
      "masked_path": "d5/uki_w1_r2_d5_d5_03_masked.png",
      "mask_path": "d5/uki_w1_r2_d5_d5_03_mask.png",
      "area": 1494,
      "bb_left": 221,
      "bb_top": 256,
      "bb_width": 50,
      "bb_height": 49
    },
    {
      "masked_path": "d5/uki_w1_r2_d5_d5_04_masked.png",
      "mask_path": "d5/uki_w1_r2_d5_d5_04_mask.png",
      "area": 754,
      "bb_left": 257,
      "bb_top": 293,
      "bb_width": 30,
      "bb_height": 32
    },
    {
      "masked_path": "d5/uki_w1_r2_d5_d5_05_masked.png",
      "mask_path": "d5/uki_w1_r2_d5_d5_05_mask.png",
      "area": 313,
      "bb_left": 283,
      "bb_top": 236,
      "bb_width": 14,
      "bb_height": 31
    }
  ]
}