{
  "path_d1": "uki_w1_p1_a4_d1.png",
  "path_d5": "uki_w1_p1_a4_d5.png",
  "masked_path_d1": "uki_w1_p1_a4_d1_masked.png",
  "masked_path_d5": "uki_w1_p1_a4_d5_masked.png",
  "mask_path_d1": "uki_w1_p1_a4_d1_mask.png",
  "mask_path_d5": "uki_w1_p1_a4_d5_mask.png",
  "metadata_path": "uki_w1_p1_a4_metadata.json",
  "week": 1,
  "shelf_row": "p",
  "shelf_column": "1",
  "well_row": "a",
  "well_column": "4",
  "num_leaves_d1": 5,
  "num_leaves_d5": 12,
  "area_d1": 14437,
  "area_d5": 32871,
  "leaves_d1": [
    {
      "masked_path": "d1/uki_w1_p1_a4_d1_01_masked.png",
      "mask_path": "d1/uki_w1_p1_a4_d1_01_mask.png",
      "area": 3412,
      "bb_left": 254,
      "bb_top": 217,
      "bb_width": 76,
      "bb_height": 58
    },
    {
      "masked_path": "d1/uki_w1_p1_a4_d1_02_masked.png",
      "mask_path": "d1/uki_w1_p1_a4_d1_02_mask.png",
      "area": 3934,
      "bb_left": 224,
      "bb_top": 159,
      "bb_width": 64,
      "bb_height": 84
    },
    {
      "masked_path": "d1/uki_w1_p1_a4_d1_03_masked.png",
      "mask_path": "d1/uki_w1_p1_a4_d1_03_mask.png",
      "area": 660,
      "bb_left": 227,
      "bb_top": 226,
      "bb_width": 30,
      "bb_height": 37
    },
    {
      "masked_path": "d1/uki_w1_p1_a4_d1_04_masked.png",
      "mask_path": "d1/uki_w1_p1_a4_d1_04_mask.png",
      "area": 1750,
      "bb_left": 248,
      "bb_top": 270,
      "bb_width": 53,
      "bb_height": 43
    },
    {
      "masked_path": "d1/uki_w1_p1_a4_d1_05_masked.png",
      "mask_path": "d1/uki_w1_p1_a4_d1_05_mask.png",
      "area": 4684,
      "bb_left": 188,
      "bb_top": 267,
      "bb_width": 63,
      "bb_height": 96
    }
  ],
  "leaves_d5": [
    {
      "masked_path": "d5/uki_w1_p1_a4_d5_01_masked.png",
      "mask_path": "d5/uki_w1_p1_a4_d5_01_mask.png",
      "area": 4966,
      "bb_left": 186,
      "bb_top": 147,
      "bb_width": 69,
      "bb_height": 97
    },
    {
      "masked_path": "d5/uki_w1_p1_a4_d5_02_masked.png",
      "mask_path": "d5/uki_w1_p1_a4_d5_02_mask.png",
      "area": 4840,
      "bb_left": 231,
      "bb_top": 112,
      "bb_width": 86,
      "bb_height": 74
    },
    {
      "masked_path": "d5/uki_w1_p1_a4_d5_03_masked.png",
      "mask_path": "d5/uki_w1_p1_a4_d5_03_mask.png",
      "area": 2551,
      "bb_left": 148,
      "bb_top": 129,
      "bb_width": 54,
      "bb_height": 65
    },
    {
      "masked_path": "d5/uki_w1_p1_a4_d5_04_masked.png",
      "mask_path": "d5/uki_w1_p1_a4_d5_04_mask.png",
      "area": 1345,
      "bb_left": 206,
      "bb_top": 111,
      "bb_width": 43,
      "bb_height": 47
    },
    {
      "masked_path": "d5/uki_w1_p1_a4_d5_05_masked.png",
      "mask_path": "d5/uki_w1_p1_a4_d5_05_mask.png",
      "area": 5206,
      "bb_left": 216,
      "bb_top": 293,
      "bb_width": 67,
      "bb_height": 101
    },
    {
      "masked_path": "d5/uki_w1_p1_a4_d5_06_masked.png",
      "mask_path": "d5/uki_w1_p1_a4_d5_06_mask.png",
      "area": 857,
      "bb_left": 242,
      "bb_top": 282,
      "bb_width": 40,
      "bb_height": 37
    },
    {
      "masked_path": "d5/uki_w1_p1_a4_d5_07_masked.png",
      "mask_path": "d5/uki_w1_p1_a4_d5_07_mask.png",
      "area": 140,
      "bb_left": 216,
      "bb_top": 302,
      "bb_width": 14,
      "bb_height": 24
    },
    {
      "masked_path": "d5/uki_w1_p1_a4_d5_08_masked.png",
      "mask_path": "d5/uki_w1_p1_a4_d5_08_mask.png",
      "area": 3589,
      "bb_left": 275,
      "bb_top": 191,
      "bb_width": 58,
      "bb_height": 82
    },
    {
      "masked_path": "d5/uki_w1_p1_a4_d5_09_masked.png",
      "mask_path": "d5/uki_w1_p1_a4_d5_09_mask.png",
      "area": 4329,
      "bb_left": 305,
      "bb_top": 258,
      "bb_width": 66,
      "bb_height": 91
    },
    {
      "masked_path": "d5/uki_w1_p1_a4_d5_10_masked.png",
      "mask_path": "d5/uki_w1_p1_a4_d5_10_mask.png",
      "area": 2624,
      "bb_left": 324,
      "bb_top": 227,
      "bb_width": 64,
      "bb_height": 62
    },
    {
      "masked_path": "d5/uki_w1_p1_a4_d5_11_masked.png",
      "mask_path": "d5/uki_w1_p1_a4_d5_11_mask.png",
      "area": 564,
      "bb_left": 289,
      "bb_top": 268,
      "bb_width": 25,
      "bb_height": 41
    },
    {
      "masked_path": "d5/uki_w1_p1_a4_d5_12_masked.png",
      "mask_path": "d5/uki_w1_p1_a4_d5_12_mask.png",
      "area": 2187,
      "bb_left": 241,
      "bb_top": 225,
      "bb_width": 52,
      "bb_height": 58
    }
  ]
}