{
  "path_d1": "uki_w1_t4_b1_d1.png",
  "path_d5": "uki_w1_t4_b1_d5.png",
  "masked_path_d1": "uki_w1_t4_b1_d1_masked.png",
  "masked_path_d5": "uki_w1_t4_b1_d5_masked.png",
  "mask_path_d1": "uki_w1_t4_b1_d1_mask.png",
  "mask_path_d5": "uki_w1_t4_b1_d5_mask.png",
  "metadata_path": "uki_w1_t4_b1_metadata.json",
  "week": 1,
  "shelf_row": "t",
  "shelf_column": "4",
  "well_row": "b",
  "well_column": "1",
  "num_leaves_d1": 2,
  "num_leaves_d5": 8,
  "area_d1": 5922,
  "area_d5": 19879,
  "leaves_d1": [
    {
      "masked_path": "d1/uki_w1_t4_b1_d1_01_masked.png",
      "mask_path": "d1/uki_w1_t4_b1_d1_01_mask.png",
      "area": 2258,
      "bb_left": 216,
      "bb_top": 220,
      "bb_width": 50,
      "bb_height": 54
    },
    {
      "masked_path": "d1/uki_w1_t4_b1_d1_02_masked.png",
      "mask_path": "d1/uki_w1_t4_b1_d1_02_mask.png",
      "area": 3702,
      "bb_left": 244,
      "bb_top": 222,
      "bb_width": 86,
      "bb_height": 62
    }
  ],
  "leaves_d5": [
    {
      "masked_path": "d5/uki_w1_t4_b1_d5_01_masked.png",
      "mask_path": "d5/uki_w1_t4_b1_d5_01_mask.png",
      "area": 4090,
      "bb_left": 225,
      "bb_top": 136,
      "bb_width": 54,
      "bb_height": 91
    },
    {
      "masked_path": "d5/uki_w1_t4_b1_d5_02_masked.png",
      "mask_path": "d5/uki_w1_t4_b1_d5_02_mask.png",
      "area": 4216,
      "bb_left": 262,
      "bb_top": 234,
      "bb_width": 87,
      "bb_height": 60
    },
    {
      "masked_path": "d5/uki_w1_t4_b1_d5_03_masked.png",
      "mask_path": "d5/uki_w1_t4_b1_d5_03_mask.png",
      "area": 4325,
      "bb_left": 226,
      "bb_top": 288,
      "bb_width": 72,
      "bb_height": 75
    },
    {
      "masked_path": "d5/uki_w1_t4_b1_d5_04_masked.png",
      "mask_path": "d5/uki_w1_t4_b1_d5_04_mask.png",
      "area": 617,
      "bb_left": 294,
      "bb_top": 294,
      "bb_width": 21,
      "bb_height": 36
    },
    {
      "masked_path": "d5/uki_w1_t4_b1_d5_05_masked.png",
      "mask_path": "d5/uki_w1_t4_b1_d5_05_mask.png",
      "area": 1105,
      "bb_left": 239,
      "bb_top": 238,
      "bb_width": 36,
      "bb_height": 47
    },
    {
      "masked_path": "d5/uki_w1_t4_b1_d5_06_masked.png",
      "mask_path": "d5/uki_w1_t4_b1_d5_06_mask.png",
      "area": 1582,
      "bb_left": 267,
      "bb_top": 180,
      "bb_width": 40,
      "bb_height": 55
    },
    {
      "masked_path": "d5/uki_w1_t4_b1_d5_07_masked.png",
      "mask_path": "d5/uki_w1_t4_b1_d5_07_mask.png",
      "area": 439,
      "bb_left": 227,
      "bb_top": 206,
      "bb_width": 27,
      "bb_height": 30
    },
    {
      "masked_path": "d5/uki_w1_t4_b1_d5_08_masked.png",
      "mask_path": "d5/uki_w1_t4_b1_d5_08_mask.png",
      "area": 3686,
      "bb_left": 177,
      "bb_top": 188,
      "bb_width": 71,
      "bb_height": 75
    }
  ]
}