{
  "path_d1": "uki_w1_p4_d1_d1.png",
  "path_d5": "uki_w1_p4_d1_d5.png",
  "masked_path_d1": "uki_w1_p4_d1_d1_masked.png",
  "masked_path_d5": "uki_w1_p4_d1_d5_masked.png",
  "mask_path_d1": "uki_w1_p4_d1_d1_mask.png",
  "mask_path_d5": "uki_w1_p4_d1_d5_mask.png",
  "metadata_path": "uki_w1_p4_d1_metadata.json",
  "week": 1,
  "shelf_row": "p",
  "shelf_column": "4",
  "well_row": "d",
  "well_column": "1",
  "num_leaves_d1": 2,
  "num_leaves_d5": 6,
  "area_d1": 4321,
  "area_d5": 16895,
  "leaves_d1": [
    {
      "masked_path": "d1/uki_w1_p4_d1_d1_01_masked.png",
      "mask_path": "d1/uki_w1_p4_d1_d1_01_mask.png",
      "area": 3843,
      "bb_left": 230,
      "bb_top": 214,
      "bb_width": 70,
      "bb_height": 73
    },
    {
      "masked_path": "d1/uki_w1_p4_d1_d1_02_masked.png",
      "mask_path": "d1/uki_w1_p4_d1_d1_02_mask.png",
      "area": 526,
      "bb_left": 216,
      "bb_top": 243,
      "bb_width": 18,
      "bb_height": 40
    }
  ],
  "leaves_d5": [
    {
      "masked_path": "d5/uki_w1_p4_d1_d5_01_masked.png",
      "mask_path": "d5/uki_w1_p4_d1_d5_01_mask.png",
      "area": 3924,
      "bb_left": 262,
      "bb_top": 214,
      "bb_width": 68,
      "bb_height": 73
    },
    {
      "masked_path": "d5/uki_w1_p4_d1_d5_02_masked.png",
      "mask_path": "d5/uki_w1_p4_d1_d5_02_mask.png",
      "area": 3604,
      "bb_left": 260,
      "bb_top": 278,
      "bb_width": 67,
      "bb_height": 68
    },
    {
      "masked_path": "d5/uki_w1_p4_d1_d5_03_masked.png",
      "mask_path": "d5/uki_w1_p4_d1_d5_03_mask.png",
      "area": 4872,
      "bb_left": 161,
      "bb_top": 199,
      "bb_width": 88,
      "bb_height": 71
    },
    {
      "masked_path": "d5/uki_w1_p4_d1_d5_04_masked.png",
      "mask_path": "d5/uki_w1_p4_d1_d5_04_mask.png",
      "area": 979,
      "bb_left": 229,
      "bb_top": 205,
      "bb_width": 36,
      "bb_height": 45
    },
    {
      "masked_path": "d5/uki_w1_p4_d1_d5_05_masked.png",
      "mask_path": "d5/uki_w1_p4_d1_d5_05_mask.png",
      "area": 558,
      "bb_left": 244,
      "bb_top": 251,
      "bb_width": 21,
      "bb_height": 35
    },
    {
      "masked_path": "d5/uki_w1_p4_d1_d5_06_masked.png",
      "mask_path": "d5/uki_w1_p4_d1_d5_06_mask.png",
      "area": 3104,
      "bb_left": 189,
      "bb_top": 255,
      "bb_width": 68,
      "bb_height": 67
    }
  ]
}