{
  "path_d1": "uki_w1_q2_b1_d1.png",
  "path_d5": "uki_w1_q2_b1_d5.png",
  "masked_path_d1": "uki_w1_q2_b1_d1_masked.png",
  "masked_path_d5": "uki_w1_q2_b1_d5_masked.png",
  "mask_path_d1": "uki_w1_q2_b1_d1_mask.png",
  "mask_path_d5": "uki_w1_q2_b1_d5_mask.png",
  "metadata_path": "uki_w1_q2_b1_metadata.json",
  "week": 1,
  "shelf_row": "q",
  "shelf_column": "2",
  "well_row": "b",
  "well_column": "1",
  "num_leaves_d1": 2,
  "num_leaves_d5": 7,
  "area_d1": 6339,
  "area_d5": 20039,
  "leaves_d1": [
    {
      "masked_path": "d1/uki_w1_q2_b1_d1_01_masked.png",
      "mask_path": "d1/uki_w1_q2_b1_d1_01_mask.png",
      "area": 5028,
      "bb_left": 216,
      "bb_top": 216,
      "bb_width": 68,
      "bb_height": 98
    },
    {
      "masked_path": "d1/uki_w1_q2_b1_d1_02_masked.png",
      "mask_path": "d1/uki_w1_q2_b1_d1_02_mask.png",
      "area": 1311,
      "bb_left": 236,
      "bb_top": 199,
      "bb_width": 51,
      "bb_height": 44
    }
  ],
  "leaves_d5": [
    {
      "masked_path": "d5/uki_w1_q2_b1_d5_01_masked.png",
      "mask_path": "d5/uki_w1_q2_b1_d5_01_mask.png",
      "area": 5015,
      "bb_left": 242,
      "bb_top": 242,
      "bb_width": 97,
      "bb_height": 72
    },
    {
      "masked_path": "d5/uki_w1_q2_b1_d5_02_masked.png",
      "mask_path": "d5/uki_w1_q2_b1_d5_02_mask.png",
      "area": 789,
      "bb_left": 235,
      "bb_top": 237,
      "bb_width": 38,
      "bb_height": 32
    },
    {
      "masked_path": "d5/uki_w1_q2_b1_d5_03_masked.png",
      "mask_path": "d5/uki_w1_q2_b1_d5_03_mask.png",
      "area": 1336,
      "bb_left": 263,
      "bb_top": 193,
      "bb_width": 44,
      "bb_height": 51
    },
    {
      "masked_path": "d5/uki_w1_q2_b1_d5_04_masked.png",
      "mask_path": "d5/uki_w1_q2_b1_d5_04_mask.png",
      "area": 5122,
      "bb_left": 219,
      "bb_top": 141,
      "bb_width": 69,
      "bb_height": 95
    },
    {
      "masked_path": "d5/uki_w1_q2_b1_d5_05_masked.png",
      "mask_path": "d5/uki_w1_q2_b1_d5_05_mask.png",
      "area": 3835,
      "bb_left": 174,
      "bb_top": 191,
      "bb_width": 72,
      "bb_height": 74
    },
    {
      "masked_path": "d5/uki_w1_q2_b1_d5_06_masked.png",
      "mask_path": "d5/uki_w1_q2_b1_d5_06_mask.png",
      "area": 3886,
      "bb_left": 197,
      "bb_top": 277,
      "bb_width": 72,
      "bb_height": 71
    },
    {
      "masked_path": "d5/uki_w1_q2_b1_d5_07_masked.png",
      "mask_path": "d5/uki_w1_q2_b1_d5_07_mask.png",
      "area": 233,
      "bb_left": 260,
      "bb_top": 297,
      "bb_width": 18,
      "bb_height": 25
    }
  ]
}