{
  "path_d1": "uki_w1_q2_d1_d1.png",
  "path_d5": "uki_w1_q2_d1_d5.png",
  "masked_path_d1": "uki_w1_q2_d1_d1_masked.png",
  "masked_path_d5": "uki_w1_q2_d1_d5_masked.png",
  "mask_path_d1": "uki_w1_q2_d1_d1_mask.png",
  "mask_path_d5": "uki_w1_q2_d1_d5_mask.png",
  "metadata_path": "uki_w1_q2_d1_metadata.json",
  "week": 1,
  "shelf_row": "q",
  "shelf_column": "2",
  "well_row": "d",
  "well_column": "1",
  "num_leaves_d1": 2,
  "num_leaves_d5": 6,
  "area_d1": 6162,
  "area_d5": 15859,
  "leaves_d1": [
    {
      "masked_path": "d1/uki_w1_q2_d1_d1_01_masked.png",
      "mask_path": "d1/uki_w1_q2_d1_d1_01_mask.png",
      "area": 4114,
      "bb_left": 225,
      "bb_top": 245,
      "bb_width": 88,
      "bb_height": 62
    },
    {
      "masked_path": "d1/uki_w1_q2_d1_d1_02_masked.png",
      "mask_path": "d1/uki_w1_q2_d1_d1_02_mask.png",
      "area": 2053,
      "bb_left": 212,
      "bb_top": 210,
      "bb_width": 54,
      "bb_height": 56
    }
  ],
  "leaves_d5": [
    {
      "masked_path": "d5/uki_w1_q2_d1_d5_01_masked.png",
      "mask_path": "d5/uki_w1_q2_d1_d5_01_mask.png",
      "area": 4081,
      "bb_left": 248,
      "bb_top": 265,
      "bb_width": 79,
      "bb_height": 68
    },
    {
      "masked_path": "d5/uki_w1_q2_d1_d5_02_masked.png",
      "mask_path": "d5/uki_w1_q2_d1_d5_02_mask.png",
      "area": 3429,
      "bb_left": 244,
      "bb_top": 209,
      "bb_width": 69,
      "bb_height": 59
    },
    {
      "masked_path": "d5/uki_w1_q2_d1_d5_03_masked.png",
      "mask_path": "d5/uki_w1_q2_d1_d5_03_mask.png",
      "area": 4379,
      "bb_left": 166,
      "bb_top": 240,
      "bb_width": 83,
      "bb_height": 72
    },
    {
      "masked_path": "d5/uki_w1_q2_d1_d5_04_masked.png",
      "mask_path": "d5/uki_w1_q2_d1_d5_04_mask.png",
      "area": 557,
      "bb_left": 237,
      "bb_top": 276,
      "bb_width": 25,
      "bb_height": 38
    },
    {
      "masked_path": "d5/uki_w1_q2_d1_d5_05_masked.png",
      "mask_path": "d5/uki_w1_q2_d1_d5_05_mask.png",
      "area": 3356,
      "bb_left": 187,
      "bb_top": 178,
      "bb_width": 62,
      "bb_height": 68
    },
    {
      "masked_path": "d5/uki_w1_q2_d1_d5_06_masked.png",
      "mask_path": "d5/uki_w1_q2_d1_d5_06_mask.png",
      "area": 136,
      "bb_left": 188,
      "bb_top": 229,
      "bb_width": 13,
      "bb_height": 18
    }
  ]
}