{
  "path_d1": "uki_w1_q4_a3_d1.png",
  "path_d5": "uki_w1_q4_a3_d5.png",
  "masked_path_d1": "uki_w1_q4_a3_d1_masked.png",
  "masked_path_d5": "uki_w1_q4_a3_d5_masked.png",
  "mask_path_d1": "uki_w1_q4_a3_d1_mask.png",
  "mask_path_d5": "uki_w1_q4_a3_d5_mask.png",
  "metadata_path": "uki_w1_q4_a3_metadata.json",
  "week": 1,
  "shelf_row": "q",
  "shelf_column": "4",
  "well_row": "a",
  "well_column": "3",
  "num_leaves_d1": 2,
  "num_leaves_d5": 8,
  "area_d1": 6025,
  "area_d5": 25987,
  "leaves_d1": [
    {
      "masked_path": "d1/uki_w1_q4_a3_d1_01_masked.png",
      "mask_path": "d1/uki_w1_q4_a3_d1_01_mask.png",
      "area": 4211,
      "bb_left": 248,
      "bb_top": 209,
      "bb_width": 60,
      "bb_height": 96
    },
    {
      "masked_path": "d1/uki_w1_q4_a3_d1_02_masked.png",
      "mask_path": "d1/uki_w1_q4_a3_d1_02_mask.png",
      "area": 1859,
      "bb_left": 219,
      "bb_top": 253,
      "bb_width": 50,
      "bb_height": 57
    }
  ],
  "leaves_d5": [
    {
      "masked_path": "d5/uki_w1_q4_a3_d5_01_masked.png",
      "mask_path": "d5/uki_w1_q4_a3_d5_01_mask.png",
      "area": 5551,
      "bb_left": 122,
      "bb_top": 187,
      "bb_width": 100,
      "bb_height": 73
    },
    {
      "masked_path": "d5/uki_w1_q4_a3_d5_02_masked.png",
      "mask_path": "d5/uki_w1_q4_a3_d5_02_mask.png",
      "area": 3485,
      "bb_left": 190,
      "bb_top": 181,
      "bb_width": 71,
      "bb_height": 69
    },
    {
      "masked_path": "d5/uki_w1_q4_a3_d5_03_masked.png",
      "mask_path": "d5/uki_w1_q4_a3_d5_03_mask.png",
      "area": 6221,
      "bb_left": 129,
      "bb_top": 261,
      "bb_width": 92,
      "bb_height": 85
    },
    {
      "masked_path": "d5/uki_w1_q4_a3_d5_04_masked.png",
      "mask_path": "d5/uki_w1_q4_a3_d5_04_mask.png",
      "area": 431,
      "bb_left": 186,
      "bb_top": 261,
      "bb_width": 33,
      "bb_height": 24
    },
    {
      "masked_path": "d5/uki_w1_q4_a3_d5_05_masked.png",
      "mask_path": "d5/uki_w1_q4_a3_d5_05_mask.png",
      "area": 4579,
      "bb_left": 288,
      "bb_top": 268,
      "bb_width": 75,
      "bb_height": 80
    },
    {
      "masked_path": "d5/uki_w1_q4_a3_d5_06_masked.png",
      "mask_path": "d5/uki_w1_q4_a3_d5_06_mask.png",
      "area": 60,
      "bb_left": 312,
      "bb_top": 264,
      "bb_width": 18,
      "bb_height": 7
    },
    {
      "masked_path": "d5/uki_w1_q4_a3_d5_07_masked.png",
      "mask_path": "d5/uki_w1_q4_a3_d5_07_mask.png",
      "area": 3475,
      "bb_left": 257,
      "bb_top": 215,
      "bb_width": 58,
      "bb_height": 80
    },
    {
      "masked_path": "d5/uki_w1_q4_a3_d5_08_masked.png",
      "mask_path": "d5/uki_w1_q4_a3_d5_08_mask.png",
      "area": 2363,
      "bb_left": 225,
      "bb_top": 259,
      "bb_width": 54,
      "bb_height": 58
    }
  ]
}