{
  "path_d1": "uki_w1_s4_b2_d1.png",
  "path_d5": "uki_w1_s4_b2_d5.png",
  "masked_path_d1": "uki_w1_s4_b2_d1_masked.png",
  "masked_path_d5": "uki_w1_s4_b2_d5_masked.png",
  "mask_path_d1": "uki_w1_s4_b2_d1_mask.png",
  "mask_path_d5": "uki_w1_s4_b2_d5_mask.png",
  "metadata_path": "uki_w1_s4_b2_metadata.json",
  "week": 1,
  "shelf_row": "s",
  "shelf_column": "4",
  "well_row": "b",
  "well_column": "2",
  "num_leaves_d1": 2,
  "num_leaves_d5": 4,
  "area_d1": 4593,
  "area_d5": 12307,
  "leaves_d1": [
    {
      "masked_path": "d1/uki_w1_s4_b2_d1_01_masked.png",
      "mask_path": "d1/uki_w1_s4_b2_d1_01_mask.png",
      "area": 2807,
      "bb_left": 235,
      "bb_top": 238,
      "bb_width": 74,
      "bb_height": 51
    },
    {
      "masked_path": "d1/uki_w1_s4_b2_d1_02_masked.png",
      "mask_path": "d1/uki_w1_s4_b2_d1_02_mask.png",
      "area": 1804,
      "bb_left": 213,
      "bb_top": 216,
      "bb_width": 48,
      "bb_height": 51
    }
  ],
  "leaves_d5": [
    {
      "masked_path": "d5/uki_w1_s4_b2_d5_01_masked.png",
      "mask_path": "d5/uki_w1_s4_b2_d5_01_mask.png",
      "area": 2950,
      "bb_left": 211,
      "bb_top": 249,
      "bb_width": 62,
      "bb_height": 70
    },
    {
      "masked_path": "d5/uki_w1_s4_b2_d5_02_masked.png",
      "mask_path": "d5/uki_w1_s4_b2_d5_02_mask.png",
      "area": 5382,
      "bb_left": 219,
      "bb_top": 193,
      "bb_width": 90,
      "bb_height": 82
    },
    {
      "masked_path": "d5/uki_w1_s4_b2_d5_03_masked.png",
      "mask_path": "d5/uki_w1_s4_b2_d5_03_mask.png",
      "area": 3212,
      "bb_left": 284,
      "bb_top": 155,
      "bb_width": 74,
      "bb_height": 57
    },
    {
      "masked_path": "d5/uki_w1_s4_b2_d5_04_masked.png",
      "mask_path": "d5/uki_w1_s4_b2_d5_04_mask.png",
      "area": 799,
      "bb_left": 189,
      "bb_top": 256,
      "bb_width": 27,
      "bb_height": 39
    }
  ]
}