{
  "path_d1": "uki_w1_p3_b2_d1.png",
  "path_d5": "uki_w1_p3_b2_d5.png",
  "masked_path_d1": "uki_w1_p3_b2_d1_masked.png",
  "masked_path_d5": "uki_w1_p3_b2_d5_masked.png",
  "mask_path_d1": "uki_w1_p3_b2_d1_mask.png",
  "mask_path_d5": "uki_w1_p3_b2_d5_mask.png",
  "metadata_path": "uki_w1_p3_b2_metadata.json",
  "week": 1,
  "shelf_row": "p",
  "shelf_column": "3",
  "well_row": "b",
  "well_column": "2",
  "num_leaves_d1": 3,
  "num_leaves_d5": 6,
  "area_d1": 6987,
  "area_d5": 13836,
  "leaves_d1": [
    {
      "masked_path": "d1/uki_w1_p3_b2_d1_01_masked.png",
      "mask_path": "d1/uki_w1_p3_b2_d1_01_mask.png",
      "area": 3316,
      "bb_left": 238,
      "bb_top": 248,
      "bb_width": 64,
      "bb_height": 65
    },
    {
      "masked_path": "d1/uki_w1_p3_b2_d1_02_masked.png",
      "mask_path": "d1/uki_w1_p3_b2_d1_02_mask.png",
      "area": 3579,
      "bb_left": 228,
      "bb_top": 188,
      "bb_width": 80,
      "bb_height": 65
    },
    {
      "masked_path": "d1/uki_w1_p3_b2_d1_03_masked.png",
      "mask_path": "d1/uki_w1_p3_b2_d1_03_mask.png",
      "area": 92,
      "bb_left": 298,
      "bb_top": 250,
      "bb_width": 8,
      "bb_height": 15
    }
  ],
  "leaves_d5": [
    {
      "masked_path": "d5/uki_w1_p3_b2_d5_01_masked.png",
      "mask_path": "d5/uki_w1_p3_b2_d5_01_mask.png",
      "area": 3956,
      "bb_left": 207,
      "bb_top": 184,
      "bb_width": 81,
      "bb_height": 69
    },
    {
      "masked_path": "d5/uki_w1_p3_b2_d5_02_masked.png",
      "mask_path": "d5/uki_w1_p3_b2_d5_02_mask.png",
      "area": 1120,
      "bb_left": 262,
      "bb_top": 183,
      "bb_width": 48,
      "bb_height": 41
    },
    {
      "masked_path": "d5/uki_w1_p3_b2_d5_03_masked.png",
      "mask_path": "d5/uki_w1_p3_b2_d5_03_mask.png",
      "area": 285,
      "bb_left": 292,
      "bb_top": 184,
      "bb_width": 23,
      "bb_height": 28
    },
    {
      "masked_path": "d5/uki_w1_p3_b2_d5_04_masked.png",
      "mask_path": "d5/uki_w1_p3_b2_d5_04_mask.png",
      "area": 4648,
      "bb_left": 211,
      "bb_top": 232,
      "bb_width": 87,
      "bb_height": 93
    },
    {
      "masked_path": "d5/uki_w1_p3_b2_d5_05_masked.png",
      "mask_path": "d5/uki_w1_p3_b2_d5_05_mask.png",
      "area": 3478,
      "bb_left": 277,
      "bb_top": 236,
      "bb_width": 64,
      "bb_height": 72
    },
    {
      "masked_path": "d5/uki_w1_p3_b2_d5_06_masked.png",
      "mask_path": "d5/uki_w1_p3_b2_d5_06_mask.png",
      "area": 485,
      "bb_left": 220,
      "bb_top": 237,
      "bb_width": 28,
      "bb_height": 29
    }
  ]
}