{
  "path_d1": "uki_w1_s2_d4_d1.png",
  "path_d5": "uki_w1_s2_d4_d5.png",
  "masked_path_d1": "uki_w1_s2_d4_d1_masked.png",
  "masked_path_d5": "uki_w1_s2_d4_d5_masked.png",
  "mask_path_d1": "uki_w1_s2_d4_d1_mask.png",
  "mask_path_d5": "uki_w1_s2_d4_d5_mask.png",
  "metadata_path": "uki_w1_s2_d4_metadata.json",
  "week": 1,
  "shelf_row": "s",
  "shelf_column": "2",
  "well_row": "d",
  "well_column": "4",
  "num_leaves_d1": 3,
  "num_leaves_d5": 5,
  "area_d1": 4692,
  "area_d5": 9391,
  "leaves_d1": [
    {
      "masked_path": "d1/uki_w1_s2_d4_d1_01_masked.png",
      "mask_path": "d1/uki_w1_s2_d4_d1_01_mask.png",
      "area": 3636,
      "bb_left": 224,
      "bb_top": 232,
      "bb_width": 84,
      "bb_height": 56
    },
    {
      "masked_path": "d1/uki_w1_s2_d4_d1_02_masked.png",
      "mask_path": "d1/uki_w1_s2_d4_d1_02_mask.png",
      "area": 1017,
      "bb_left": 221,
      "bb_top": 213,
      "bb_width": 43,
      "bb_height": 38
    },
    {
      "masked_path": "d1/uki_w1_s2_d4_d1_03_masked.png",
      "mask_path": "d1/uki_w1_s2_d4_d1_03_mask.png",
      "area": 59,
      "bb_left": 241,
      "bb_top": 278,
      "bb_width": 9,
      "bb_height": 9
    }
  ],
  "leaves_d5": [
    {
      "masked_path": "d5/uki_w1_s2_d4_d5_01_masked.png",
      "mask_path": "d5/uki_w1_s2_d4_d5_01_mask.png",
      "area": 4117,
      "bb_left": 235,
      "bb_top": 241,
      "bb_width": 64,
      "bb_height": 84
    },
    {
      "masked_path": "d5/uki_w1_s2_d4_d5_02_masked.png",
      "mask_path": "d5/uki_w1_s2_d4_d5_02_mask.png",
      "area": 1455,
      "bb_left": 259,
      "bb_top": 221,
      "bb_width": 49,
      "bb_height": 48
    },
    {
      "masked_path": "d5/uki_w1_s2_d4_d5_03_masked.png",
      "mask_path": "d5/uki_w1_s2_d4_d5_03_mask.png",
      "area": 2984,
      "bb_left": 192,
      "bb_top": 209,
      "bb_width": 77,
      "bb_height": 53
    },
    {
      "masked_path": "d5/uki_w1_s2_d4_d5_04_masked.png",
      "mask_path": "d5/uki_w1_s2_d4_d5_04_mask.png",
      "area": 527,
      "bb_left": 236,
      "bb_top": 201,
      "bb_width": 52,
      "bb_height": 27
    },
    {
      "masked_path": "d5/uki_w1_s2_d4_d5_05_masked.png",
      "mask_path": "d5/uki_w1_s2_d4_d5_05_mask.png",
      "area": 394,
      "bb_left": 224,
      "bb_top": 250,
      "bb_width": 23,
      "bb_height": 35
    }
  ]
}