{
  "path_d1": "uki_w1_q3_b3_d1.png",
  "path_d5": "uki_w1_q3_b3_d5.png",
  "masked_path_d1": "uki_w1_q3_b3_d1_masked.png",
  "masked_path_d5": "uki_w1_q3_b3_d5_masked.png",
  "mask_path_d1": "uki_w1_q3_b3_d1_mask.png",
  "mask_path_d5": "uki_w1_q3_b3_d5_mask.png",
  "metadata_path": "uki_w1_q3_b3_metadata.json",
  "week": 1,
  "shelf_row": "q",
  "shelf_column": "3",
  "well_row": "b",
  "well_column": "3",
  "num_leaves_d1": 3,
  "num_leaves_d5": 11,
  "area_d1": 7654,
  "area_d5": 31716,
  "leaves_d1": [
    {
      "masked_path": "d1/uki_w1_q3_b3_d1_01_masked.png",
      "mask_path": "d1/uki_w1_q3_b3_d1_01_mask.png",
      "area": 3627,
      "bb_left": 202,
      "bb_top": 228,
      "bb_width": 66,
      "bb_height": 78
    },
    {
      "masked_path": "d1/uki_w1_q3_b3_d1_02_masked.png",
      "mask_path": "d1/uki_w1_q3_b3_d1_02_mask.png",
      "area": 3209,
      "bb_left": 258,
      "bb_top": 227,
      "bb_width": 64,
      "bb_height": 62
    },
    {
      "masked_path": "d1/uki_w1_q3_b3_d1_03_masked.png",
      "mask_path": "d1/uki_w1_q3_b3_d1_03_mask.png",
      "area": 893,
      "bb_left": 199,
      "bb_top": 219,
      "bb_width": 41,
      "bb_height": 40
    }
  ],
  "leaves_d5": [
    {
      "masked_path": "d5/uki_w1_q3_b3_d5_01_masked.png",
      "mask_path": "d5/uki_w1_q3_b3_d5_01_mask.png",
      "area": 6606,
      "bb_left": 159,
      "bb_top": 179,
      "bb_width": 108,
      "bb_height": 79
    },
    {
      "masked_path": "d5/uki_w1_q3_b3_d5_02_masked.png",
      "mask_path": "d5/uki_w1_q3_b3_d5_02_mask.png",
      "area": 463,
      "bb_left": 213,
      "bb_top": 166,
      "bb_width": 42,
      "bb_height": 21
    },
    {
      "masked_path": "d5/uki_w1_q3_b3_d5_03_masked.png",
      "mask_path": "d5/uki_w1_q3_b3_d5_03_mask.png",
      "area": 3826,
      "bb_left": 249,
      "bb_top": 127,
      "bb_width": 63,
      "bb_height": 81
    },
    {
      "masked_path": "d5/uki_w1_q3_b3_d5_04_masked.png",
      "mask_path": "d5/uki_w1_q3_b3_d5_04_mask.png",
      "area": 3392,
      "bb_left": 312,
      "bb_top": 204,
      "bb_width": 68,
      "bb_height": 71
    },
    {
      "masked_path": "d5/uki_w1_q3_b3_d5_05_masked.png",
      "mask_path": "d5/uki_w1_q3_b3_d5_05_mask.png",
      "area": 84,
      "bb_left": 339,
      "bb_top": 263,
      "bb_width": 18,
      "bb_height": 12
    },
    {
      "masked_path": "d5/uki_w1_q3_b3_d5_06_masked.png",
      "mask_path": "d5/uki_w1_q3_b3_d5_06_mask.png",
      "area": 1959,
      "bb_left": 299,
      "bb_top": 168,
      "bb_width": 57,
      "bb_height": 46
    },
    {
      "masked_path": "d5/uki_w1_q3_b3_d5_07_masked.png",
      "mask_path": "d5/uki_w1_q3_b3_d5_07_mask.png",
      "area": 2857,
      "bb_left": 269,
      "bb_top": 204,
      "bb_width": 58,
      "bb_height": 68
    },
    {
      "masked_path": "d5/uki_w1_q3_b3_d5_08_masked.png",
      "mask_path": "d5/uki_w1_q3_b3_d5_08_mask.png",
      "area": 1734,
      "bb_left": 230,
      "bb_top": 199,
      "bb_width": 54,
      "bb_height": 71
    },
    {
      "masked_path": "d5/uki_w1_q3_b3_d5_09_masked.png",
      "mask_path": "d5/uki_w1_q3_b3_d5_09_mask.png",
      "area": 4252,
      "bb_left": 300,
      "bb_top": 282,
      "bb_width": 61,
      "bb_height": 99
    },
    {
      "masked_path": "d5/uki_w1_q3_b3_d5_10_masked.png",
      "mask_path": "d5/uki_w1_q3_b3_d5_10_mask.png",
      "area": 1779,
      "bb_left": 278,
      "bb_top": 274,
      "bb_width": 52,
      "bb_height": 56
    },
    {
      "masked_path": "d5/uki_w1_q3_b3_d5_11_masked.png",
      "mask_path": "d5/uki_w1_q3_b3_d5_11_mask.png",
      "area": 5034,
      "bb_left": 348,
      "bb_top": 268,
      "bb_width": 77,
      "bb_height": 84
    }
  ]
}