{
  "path_d1": "uki_w1_p2_c1_d1.png",
  "path_d5": "uki_w1_p2_c1_d5.png",
  "masked_path_d1": "uki_w1_p2_c1_d1_masked.png",
  "masked_path_d5": "uki_w1_p2_c1_d5_masked.png",
  "mask_path_d1": "uki_w1_p2_c1_d1_mask.png",
  "mask_path_d5": "uki_w1_p2_c1_d5_mask.png",
  "metadata_path": "uki_w1_p2_c1_metadata.json",
  "week": 1,
  "shelf_row": "p",
  "shelf_column": "2",
  "well_row": "c",
  "well_column": "1",
  "num_leaves_d1": 2,
  "num_leaves_d5": 4,
  "area_d1": 3514,
  "area_d5": 9943,
  "leaves_d1": [
    {
      "masked_path": "d1/uki_w1_p2_c1_d1_01_masked.png",
      "mask_path": "d1/uki_w1_p2_c1_d1_01_mask.png",
      "area": 2322,
      "bb_left": 246,
      "bb_top": 223,
      "bb_width": 47,
      "bb_height": 64
    },
    {
      "masked_path": "d1/uki_w1_p2_c1_d1_02_masked.png",
      "mask_path": "d1/uki_w1_p2_c1_d1_02_mask.png",
      "area": 1192,
      "bb_left": 212,
      "bb_top": 220,
      "bb_width": 36,
      "bb_height": 40
    }
  ],
  "leaves_d5": [
    {
      "masked_path": "d5/uki_w1_p2_c1_d5_01_masked.png",
      "mask_path": "d5/uki_w1_p2_c1_d5_01_mask.png",
      "area": 3684,
      "bb_left": 197,
      "bb_top": 232,
      "bb_width": 71,
      "bb_height": 76
    },
    {
      "masked_path": "d5/uki_w1_p2_c1_d5_02_masked.png",
      "mask_path": "d5/uki_w1_p2_c1_d5_02_mask.png",
      "area": 2220,
      "bb_left": 250,
      "bb_top": 200,
      "bb_width": 62,
      "bb_height": 44
    },
    {
      "masked_path": "d5/uki_w1_p2_c1_d5_03_masked.png",
      "mask_path": "d5/uki_w1_p2_c1_d5_03_mask.png",
      "area": 1318,
      "bb_left": 225,
      "bb_top": 188,
      "bb_width": 46,
      "bb_height": 44
    },
    {
      "masked_path": "d5/uki_w1_p2_c1_d5_04_masked.png",
      "mask_path": "d5/uki_w1_p2_c1_d5_04_mask.png",
      "area": 2813,
      "bb_left": 246,
      "bb_top": 245,
      "bb_width": 60,
      "bb_height": 68
    }
  ]
}