{
  "path_d1": "uki_w1_t3_b3_d1.png",
  "path_d5": "uki_w1_t3_b3_d5.png",
  "masked_path_d1": "uki_w1_t3_b3_d1_masked.png",
  "masked_path_d5": "uki_w1_t3_b3_d5_masked.png",
  "mask_path_d1": "uki_w1_t3_b3_d1_mask.png",
  "mask_path_d5": "uki_w1_t3_b3_d5_mask.png",
  "metadata_path": "uki_w1_t3_b3_metadata.json",
  "week": 1,
  "shelf_row": "t",
  "shelf_column": "3",
  "well_row": "b",
  "well_column": "3",
  "num_leaves_d1": 3,
  "num_leaves_d5": 8,
  "area_d1": 6925,
  "area_d5": 28274,
  "leaves_d1": [
    {
      "masked_path": "d1/uki_w1_t3_b3_d1_01_masked.png",
      "mask_path": "d1/uki_w1_t3_b3_d1_01_mask.png",
      "area": 3188,
      "bb_left": 247,
      "bb_top": 258,
      "bb_width": 66,
      "bb_height": 63
    },
    {
      "masked_path": "d1/uki_w1_t3_b3_d1_02_masked.png",
      "mask_path": "d1/uki_w1_t3_b3_d1_02_mask.png",
      "area": 3321,
      "bb_left": 207,
      "bb_top": 200,
      "bb_width": 52,
      "bb_height": 84
    },
    {
      "masked_path": "d1/uki_w1_t3_b3_d1_03_masked.png",
      "mask_path": "d1/uki_w1_t3_b3_d1_03_mask.png",
      "area": 451,
      "bb_left": 254,
      "bb_top": 241,
      "bb_width": 29,
      "bb_height": 20
    }
  ],
  "leaves_d5": [
    {
      "masked_path": "d5/uki_w1_t3_b3_d5_01_masked.png",
      "mask_path": "d5/uki_w1_t3_b3_d5_01_mask.png",
      "area": 6873,
      "bb_left": 217,
      "bb_top": 125,
      "bb_width": 79,
      "bb_height": 114
    },
    {
      "masked_path": "d5/uki_w1_t3_b3_d5_02_masked.png",
      "mask_path": "d5/uki_w1_t3_b3_d5_02_mask.png",
      "area": 3605,
      "bb_left": 292,
      "bb_top": 217,
      "bb_width": 72,
      "bb_height": 68
    },
    {
      "masked_path": "d5/uki_w1_t3_b3_d5_03_masked.png",
      "mask_path": "d5/uki_w1_t3_b3_d5_03_mask.png",
      "area": 3397,
      "bb_left": 251,
      "bb_top": 301,
      "bb_width": 61,
      "bb_height": 80
    },
    {
      "masked_path": "d5/uki_w1_t3_b3_d5_04_masked.png",
      "mask_path": "d5/uki_w1_t3_b3_d5_04_mask.png",
      "area": 2852,
      "bb_left": 207,
      "bb_top": 282,
      "bb_width": 73,
      "bb_height": 55
    },
    {
      "masked_path": "d5/uki_w1_t3_b3_d5_05_masked.png",
      "mask_path": "d5/uki_w1_t3_b3_d5_05_mask.png",
      "area": 4408,
      "bb_left": 290,
      "bb_top": 279,
      "bb_width": 75,
      "bb_height": 79
    },
    {
      "masked_path": "d5/uki_w1_t3_b3_d5_06_masked.png",
      "mask_path": "d5/uki_w1_t3_b3_d5_06_mask.png",
      "area": 397,
      "bb_left": 279,
      "bb_top": 249,
      "bb_width": 18,
      "bb_height": 30
    },
    {
      "masked_path": "d5/uki_w1_t3_b3_d5_07_masked.png",
      "mask_path": "d5/uki_w1_t3_b3_d5_07_mask.png",
      "area": 1974,
      "bb_left": 294,
      "bb_top": 168,
      "bb_width": 38,
      "bb_height": 64
    },
    {
      "masked_path": "d5/uki_w1_t3_b3_d5_08_masked.png",
      "mask_path": "d5/uki_w1_t3_b3_d5_08_mask.png",
      "area": 5008,
      "bb_left": 191,
      "bb_top": 202,
      "bb_width": 88,
      "bb_height": 80
    }
  ]
}