{
  "path_d1": "uki_w1_p3_a6_d1.png",
  "path_d5": "uki_w1_p3_a6_d5.png",
  "masked_path_d1": "uki_w1_p3_a6_d1_masked.png",
  "masked_path_d5": "uki_w1_p3_a6_d5_masked.png",
  "mask_path_d1": "uki_w1_p3_a6_d1_mask.png",
  "mask_path_d5": "uki_w1_p3_a6_d5_mask.png",
  "metadata_path": "uki_w1_p3_a6_metadata.json",
  "week": 1,
  "shelf_row": "p",
  "shelf_column": "3",
  "well_row": "a",
  "well_column": "6",
  "num_leaves_d1": 2,
  "num_leaves_d5": 7,
  "area_d1": 6200,
  "area_d5": 21546,
  "leaves_d1": [
    {
      "masked_path": "d1/uki_w1_p3_a6_d1_01_masked.png",
      "mask_path": "d1/uki_w1_p3_a6_d1_01_mask.png",
      "area": 3699,
      "bb_left": 204,
      "bb_top": 259,
      "bb_width": 86,
      "bb_height": 57
    },
    {
      "masked_path": "d1/uki_w1_p3_a6_d1_02_masked.png",
      "mask_path": "d1/uki_w1_p3_a6_d1_02_mask.png",
      "area": 2501,
      "bb_left": 262,
      "bb_top": 225,
      "bb_width": 60,
      "bb_height": 62
    }
  ],
  "leaves_d5": [
    {
      "masked_path": "d5/uki_w1_p3_a6_d5_01_masked.png",
      "mask_path": "d5/uki_w1_p3_a6_d5_01_mask.png",
      "area": 5580,
      "bb_left": 325,
      "bb_top": 180,
      "bb_width": 83,
      "bb_height": 86
    },
    {
      "masked_path": "d5/uki_w1_p3_a6_d5_02_masked.png",
      "mask_path": "d5/uki_w1_p3_a6_d5_02_mask.png",
      "area": 3703,
      "bb_left": 319,
      "bb_top": 262,
      "bb_width": 88,
      "bb_height": 58
    },
    {
      "masked_path": "d5/uki_w1_p3_a6_d5_03_masked.png",
      "mask_path": "d5/uki_w1_p3_a6_d5_03_mask.png",
      "area": 563,
      "bb_left": 312,
      "bb_top": 231,
      "bb_width": 24,
      "bb_height": 37
    },
    {
      "masked_path": "d5/uki_w1_p3_a6_d5_04_masked.png",
      "mask_path": "d5/uki_w1_p3_a6_d5_04_mask.png",
      "area": 4613,
      "bb_left": 195,
      "bb_top": 261,
      "bb_width": 83,
      "bb_height": 81
    },
    {
      "masked_path": "d5/uki_w1_p3_a6_d5_05_masked.png",
      "mask_path": "d5/uki_w1_p3_a6_d5_05_mask.png",
      "area": 3354,
      "bb_left": 243,
      "bb_top": 209,
      "bb_width": 64,
      "bb_height": 79
    },
    {
      "masked_path": "d5/uki_w1_p3_a6_d5_06_masked.png",
      "mask_path": "d5/uki_w1_p3_a6_d5_06_mask.png",
      "area": 2042,
      "bb_left": 254,
      "bb_top": 281,
      "bb_width": 52,
      "bb_height": 64
    },
    {
      "masked_path": "d5/uki_w1_p3_a6_d5_07_masked.png",
      "mask_path": "d5/uki_w1_p3_a6_d5_07_mask.png",
      "area": 1897,
      "bb_left": 300,
      "bb_top": 280,
      "bb_width": 51,
      "bb_height": 55
    }
  ]
}