{
  "path_d1": "uki_w1_p1_a2_d1.png",
  "path_d5": "uki_w1_p1_a2_d5.png",
  "masked_path_d1": "uki_w1_p1_a2_d1_masked.png",
  "masked_path_d5": "uki_w1_p1_a2_d5_masked.png",
  "mask_path_d1": "uki_w1_p1_a2_d1_mask.png",
  "mask_path_d5": "uki_w1_p1_a2_d5_mask.png",
  "metadata_path": "uki_w1_p1_a2_metadata.json",
  "week": 1,
  "shelf_row": "p",
  "shelf_column": "1",
  "well_row": "a",
  "well_column": "2",
  "num_leaves_d1": 2,
  "num_leaves_d5": 4,
  "area_d1": 7329,
  "area_d5": 14551,
  "leaves_d1": [
    {
      "masked_path": "d1/uki_w1_p1_a2_d1_01_masked.png",
      "mask_path": "d1/uki_w1_p1_a2_d1_01_mask.png",
      "area": 5225,
      "bb_left": 201,
      "bb_top": 195,
      "bb_width": 98,
      "bb_height": 71
    },
    {
      "masked_path": "d1/uki_w1_p1_a2_d1_02_masked.png",
      "mask_path": "d1/uki_w1_p1_a2_d1_02_mask.png",
      "area": 2104,
      "bb_left": 257,
      "bb_top": 245,
      "bb_width": 55,
      "bb_height": 59
    }
  ],
  "leaves_d5": [
    {
      "masked_path": "d5/uki_w1_p1_a2_d5_01_masked.png",
      "mask_path": "d5/uki_w1_p1_a2_d5_01_mask.png",
      "area": 5853,
      "bb_left": 239,
      "bb_top": 179,
      "bb_width": 75,
      "bb_height": 102
    },
    {
      "masked_path": "d5/uki_w1_p1_a2_d5_02_masked.png",
      "mask_path": "d5/uki_w1_p1_a2_d5_02_mask.png",
      "area": 2163,
      "bb_left": 301,
      "bb_top": 231,
      "bb_width": 53,
      "bb_height": 60
    },
    {
      "masked_path": "d5/uki_w1_p1_a2_d5_03_masked.png",
      "mask_path": "d5/uki_w1_p1_a2_d5_03_mask.png",
      "area": 4479,
      "bb_left": 182,
      "bb_top": 248,
      "bb_width": 86,
      "bb_height": 72
    },
    {
      "masked_path": "d5/uki_w1_p1_a2_d5_04_masked.png",
      "mask_path": "d5/uki_w1_p1_a2_d5_04_mask.png",
      "area": 2191,
      "bb_left": 240,
      "bb_top": 270,
      "bb_width": 63,
      "bb_height": 59
    }
  ]
}