{
  "path_d1": "uki_w1_s3_b2_d1.png",
  "path_d5": "uki_w1_s3_b2_d5.png",
  "masked_path_d1": "uki_w1_s3_b2_d1_masked.png",
  "masked_path_d5": "uki_w1_s3_b2_d5_masked.png",
  "mask_path_d1": "uki_w1_s3_b2_d1_mask.png",
  "mask_path_d5": "uki_w1_s3_b2_d5_mask.png",
  "metadata_path": "uki_w1_s3_b2_metadata.json",
  "week": 1,
  "shelf_row": "s",
  "shelf_column": "3",
  "well_row": "b",
  "well_column": "2",
  "num_leaves_d1": 3,
  "num_leaves_d5": 10,
  "area_d1": 9558,
  "area_d5": 25928,
  "leaves_d1": [
    {
      "masked_path": "d1/uki_w1_s3_b2_d1_01_masked.png",
      "mask_path": "d1/uki_w1_s3_b2_d1_01_mask.png",
      "area": 4917,
      "bb_left": 225,
      "bb_top": 155,
      "bb_width": 68,
      "bb_height": 95
    },
    {
      "masked_path": "d1/uki_w1_s3_b2_d1_02_masked.png",
      "mask_path": "d1/uki_w1_s3_b2_d1_02_mask.png",
      "area": 2800,
      "bb_left": 225,
      "bb_top": 247,
      "bb_width": 57,
      "bb_height": 61
    },
    {
      "masked_path": "d1/uki_w1_s3_b2_d1_03_masked.png",
      "mask_path": "d1/uki_w1_s3_b2_d1_03_mask.png",
      "area": 1872,
      "bb_left": 257,
      "bb_top": 223,
      "bb_width": 59,
      "bb_height": 52
    }
  ],
  "leaves_d5": [
    {
      "masked_path": "d5/uki_w1_s3_b2_d5_01_masked.png",
      "mask_path": "d5/uki_w1_s3_b2_d5_01_mask.png",
      "area": 6349,
      "bb_left": 210,
      "bb_top": 287,
      "bb_width": 85,
      "bb_height": 94
    },
    {
      "masked_path": "d5/uki_w1_s3_b2_d5_02_masked.png",
      "mask_path": "d5/uki_w1_s3_b2_d5_02_mask.png",
      "area": 4422,
      "bb_left": 143,
      "bb_top": 273,
      "bb_width": 97,
      "bb_height": 77
    },
    {
      "masked_path": "d5/uki_w1_s3_b2_d5_03_masked.png",
      "mask_path": "d5/uki_w1_s3_b2_d5_03_mask.png",
      "area": 2990,
      "bb_left": 168,
      "bb_top": 226,
      "bb_width": 71,
      "bb_height": 56
    },
    {
      "masked_path": "d5/uki_w1_s3_b2_d5_04_masked.png",
      "mask_path": "d5/uki_w1_s3_b2_d5_04_mask.png",
      "area": 4645,
      "bb_left": 286,
      "bb_top": 239,
      "bb_width": 63,
      "bb_height": 96
    },
    {
      "masked_path": "d5/uki_w1_s3_b2_d5_05_masked.png",
      "mask_path": "d5/uki_w1_s3_b2_d5_05_mask.png",
      "area": 53,
      "bb_left": 291,
      "bb_top": 256,
      "bb_width": 9,
      "bb_height": 13
    },
    {
      "masked_path": "d5/uki_w1_s3_b2_d5_06_masked.png",
      "mask_path": "d5/uki_w1_s3_b2_d5_06_mask.png",
      "area": 362,
      "bb_left": 333,
      "bb_top": 247,
      "bb_width": 21,
      "bb_height": 27
    },
    {
      "masked_path": "d5/uki_w1_s3_b2_d5_07_masked.png",
      "mask_path": "d5/uki_w1_s3_b2_d5_07_mask.png",
      "area": 24,
      "bb_left": 330,
      "bb_top": 245,
      "bb_width": 9,
      "bb_height": 3
    },
    {
      "masked_path": "d5/uki_w1_s3_b2_d5_08_masked.png",
      "mask_path": "d5/uki_w1_s3_b2_d5_08_mask.png",
      "area": 3554,
      "bb_left": 278,
      "bb_top": 183,
      "bb_width": 66,
      "bb_height": 72
    },
    {
      "masked_path": "d5/uki_w1_s3_b2_d5_09_masked.png",
      "mask_path": "d5/uki_w1_s3_b2_d5_09_mask.png",
      "area": 2831,
      "bb_left": 224,
      "bb_top": 196,
      "bb_width": 67,
      "bb_height": 59
    },
    {
      "masked_path": "d5/uki_w1_s3_b2_d5_10_masked.png",
      "mask_path": "d5/uki_w1_s3_b2_d5_10_mask.png",
      "area": 802,
      "bb_left": 248,
      "bb_top": 253,
      "bb_width": 39,
      "bb_height": 26
    }
  ]
}