{
  "path_d1": "uki_w1_p1_d1_d1.png",
  "path_d5": "uki_w1_p1_d1_d5.png",
  "masked_path_d1": "uki_w1_p1_d1_d1_masked.png",
  "masked_path_d5": "uki_w1_p1_d1_d5_masked.png",
  "mask_path_d1": "uki_w1_p1_d1_d1_mask.png",
  "mask_path_d5": "uki_w1_p1_d1_d5_mask.png",
  "metadata_path": "uki_w1_p1_d1_metadata.json",
  "week": 1,
  "shelf_row": "p",
  "shelf_column": "1",
  "well_row": "d",
  "well_column": "1",
  "num_leaves_d1": 2,
  "num_leaves_d5": 4,
  "area_d1": 5082,
  "area_d5": 7804,
  "leaves_d1": [
    {
      "masked_path": "d1/uki_w1_p1_d1_d1_01_masked.png",
      "mask_path": "d1/uki_w1_p1_d1_d1_01_mask.png",
      "area": 3256,
      "bb_left": 239,
      "bb_top": 209,
      "bb_width": 68,
      "bb_height": 64
    },
    {
      "masked_path": "d1/uki_w1_p1_d1_d1_02_masked.png",
      "mask_path": "d1/uki_w1_p1_d1_d1_02_mask.png",
      "area": 1826,
      "bb_left": 201,
      "bb_top": 244,
      "bb_width": 62,
      "bb_height": 43
    }
  ],
  "leaves_d5": [
    {
      "masked_path": "d5/uki_w1_p1_d1_d5_01_masked.png",
      "mask_path": "d5/uki_w1_p1_d1_d5_01_mask.png",
      "area": 3890,
      "bb_left": 234,
      "bb_top": 198,
      "bb_width": 70,
      "bb_height": 73
    },
    {
      "masked_path": "d5/uki_w1_p1_d1_d5_02_masked.png",
      "mask_path": "d5/uki_w1_p1_d1_d5_02_mask.png",
      "area": 1161,
      "bb_left": 207,
      "bb_top": 220,
      "bb_width": 32,
      "bb_height": 49
    },
    {
      "masked_path": "d5/uki_w1_p1_d1_d5_03_masked.png",
      "mask_path": "d5/uki_w1_p1_d1_d5_03_mask.png",
      "area": 2341,
      "bb_left": 231,
      "bb_top": 271,
      "bb_width": 66,
      "bb_height": 47
    },
    {
      "masked_path": "d5/uki_w1_p1_d1_d5_04_masked.png",
      "mask_path": "d5/uki_w1_p1_d1_d5_04_mask.png",
      "area": 483,
      "bb_left": 277,
      "bb_top": 286,
      "bb_width": 29,
      "bb_height": 31
    }
  ]
}