{
  "path_d1": "uki_w1_r2_c5_d1.png",
  "path_d5": "uki_w1_r2_c5_d5.png",
  "masked_path_d1": "uki_w1_r2_c5_d1_masked.png",
  "masked_path_d5": "uki_w1_r2_c5_d5_masked.png",
  "mask_path_d1": "uki_w1_r2_c5_d1_mask.png",
  "mask_path_d5": "uki_w1_r2_c5_d5_mask.png",
  "metadata_path": "uki_w1_r2_c5_metadata.json",
  "week": 1,
  "shelf_row": "r",
  "shelf_column": "2",
  "well_row": "c",
  "well_column": "5",
  "num_leaves_d1": 2,
  "num_leaves_d5": 5,
  "area_d1": 3082,
  "area_d5": 11856,
  "leaves_d1": [
    {
      "masked_path": "d1/uki_w1_r2_c5_d1_01_masked.png",
      "mask_path": "d1/uki_w1_r2_c5_d1_01_mask.png",
      "area": 2294,
      "bb_left": 247,
      "bb_top": 226,
      "bb_width": 54,
      "bb_height": 60
    },
    {
      "masked_path": "d1/uki_w1_r2_c5_d1_02_masked.png",
      "mask_path": "d1/uki_w1_r2_c5_d1_02_mask.png",
      "area": 797,
      "bb_left": 256,
      "bb_top": 207,
      "bb_width": 34,
      "bb_height": 32
    }
  ],
  "leaves_d5": [
    {
      "masked_path": "d5/uki_w1_r2_c5_d5_01_masked.png",
      "mask_path": "d5/uki_w1_r2_c5_d5_01_mask.png",
      "area": 4559,
      "bb_left": 221,
      "bb_top": 363,
      "bb_width": 94,
      "bb_height": 67
    },
    {
      "masked_path": "d5/uki_w1_r2_c5_d5_02_masked.png",
      "mask_path": "d5/uki_w1_r2_c5_d5_02_mask.png",
      "area": 3300,
      "bb_left": 229,
      "bb_top": 313,
      "bb_width": 75,
      "bb_height": 58
    },
    {
      "masked_path": "d5/uki_w1_r2_c5_d5_03_masked.png",
      "mask_path": "d5/uki_w1_r2_c5_d5_03_mask.png",
      "area": 2006,
      "bb_left": 182,
      "bb_top": 327,
      "bb_width": 48,
      "bb_height": 56
    },
    {
      "masked_path": "d5/uki_w1_r2_c5_d5_04_masked.png",
      "mask_path": "d5/uki_w1_r2_c5_d5_04_mask.png",
      "area": 1555,
      "bb_left": 177,
      "bb_top": 368,
      "bb_width": 47,
      "bb_height": 44
    },
    {
      "masked_path": "d5/uki_w1_r2_c5_d5_05_masked.png",
      "mask_path": "d5/uki_w1_r2_c5_d5_05_mask.png",
      "area": 482,
      "bb_left": 217,
      "bb_top": 393,
      "bb_width": 32,
      "bb_height": 32
    }
  ]
}