{
  "path_d1": "uki_w1_r2_d1_d1.png",
  "path_d5": "uki_w1_r2_d1_d5.png",
  "masked_path_d1": "uki_w1_r2_d1_d1_masked.png",
  "masked_path_d5": "uki_w1_r2_d1_d5_masked.png",
  "mask_path_d1": "uki_w1_r2_d1_d1_mask.png",
  "mask_path_d5": "uki_w1_r2_d1_d5_mask.png",
  "metadata_path": "uki_w1_r2_d1_metadata.json",
  "week": 1,
  "shelf_row": "r",
  "shelf_column": "2",
  "well_row": "d",
  "well_column": "1",
  "num_leaves_d1": 2,
  "num_leaves_d5": 6,
  "area_d1": 4283,
  "area_d5": 11210,
  "leaves_d1": [
    {
      "masked_path": "d1/uki_w1_r2_d1_d1_01_masked.png",
      "mask_path": "d1/uki_w1_r2_d1_d1_01_mask.png",
      "area": 2554,
      "bb_left": 218,
      "bb_top": 253,
      "bb_width": 71,
      "bb_height": 44
    },
    {
      "masked_path": "d1/uki_w1_r2_d1_d1_02_masked.png",
      "mask_path": "d1/uki_w1_r2_d1_d1_02_mask.png",
      "area": 1729,
      "bb_left": 259,
      "bb_top": 217,
      "bb_width": 48,
      "bb_height": 52
    }
  ],
  "leaves_d5": [
    {
      "masked_path": "d5/uki_w1_r2_d1_d5_01_masked.png",
      "mask_path": "d5/uki_w1_r2_d1_d5_01_mask.png",
      "area": 4136,
      "bb_left": 179,
      "bb_top": 279,
      "bb_width": 73,
      "bb_height": 73
    },
    {
      "masked_path": "d5/uki_w1_r2_d1_d5_02_masked.png",
      "mask_path": "d5/uki_w1_r2_d1_d5_02_mask.png",
      "area": 2782,
      "bb_left": 248,
      "bb_top": 281,
      "bb_width": 49,
      "bb_height": 75
    },
    {
      "masked_path": "d5/uki_w1_r2_d1_d5_03_masked.png",
      "mask_path": "d5/uki_w1_r2_d1_d5_03_mask.png",
      "area": 183,
      "bb_left": 233,
      "bb_top": 329,
      "bb_width": 17,
      "bb_height": 20
    },
    {
      "masked_path": "d5/uki_w1_r2_d1_d5_04_masked.png",
      "mask_path": "d5/uki_w1_r2_d1_d5_04_mask.png",
      "area": 781,
      "bb_left": 264,
      "bb_top": 329,
      "bb_width": 35,
      "bb_height": 37
    },
    {
      "masked_path": "d5/uki_w1_r2_d1_d5_05_masked.png",
      "mask_path": "d5/uki_w1_r2_d1_d5_05_mask.png",
      "area": 2669,
      "bb_left": 202,
      "bb_top": 351,
      "bb_width": 74,
      "bb_height": 48
    },
    {
      "masked_path": "d5/uki_w1_r2_d1_d5_06_masked.png",
      "mask_path": "d5/uki_w1_r2_d1_d5_06_mask.png",
      "area": 734,
      "bb_left": 248,
      "bb_top": 369,
      "bb_width": 36,
      "bb_height": 37
    }
  ]
}