{
  "path_d1": "uki_w1_t3_b2_d1.png",
  "path_d5": "uki_w1_t3_b2_d5.png",
  "masked_path_d1": "uki_w1_t3_b2_d1_masked.png",
  "masked_path_d5": "uki_w1_t3_b2_d5_masked.png",
  "mask_path_d1": "uki_w1_t3_b2_d1_mask.png",
  "mask_path_d5": "uki_w1_t3_b2_d5_mask.png",
  "metadata_path": "uki_w1_t3_b2_metadata.json",
  "week": 1,
  "shelf_row": "t",
  "shelf_column": "3",
  "well_row": "b",
  "well_column": "2",
  "num_leaves_d1": 2,
  "num_leaves_d5": 10,
  "area_d1": 5619,
  "area_d5": 29756,
  "leaves_d1": [
    {
      "masked_path": "d1/uki_w1_t3_b2_d1_01_masked.png",
      "mask_path": "d1/uki_w1_t3_b2_d1_01_mask.png",
      "area": 2398,
      "bb_left": 230,
      "bb_top": 262,
      "bb_width": 69,
      "bb_height": 44
    },
    {
      "masked_path": "d1/uki_w1_t3_b2_d1_02_masked.png",
      "mask_path": "d1/uki_w1_t3_b2_d1_02_mask.png",
      "area": 3236,
      "bb_left": 222,
      "bb_top": 197,
      "bb_width": 55,
      "bb_height": 71
    }
  ],
  "leaves_d5": [
    {
      "masked_path": "d5/uki_w1_t3_b2_d5_01_masked.png",
      "mask_path": "d5/uki_w1_t3_b2_d5_01_mask.png",
      "area": 4178,
      "bb_left": 290,
      "bb_top": 296,
      "bb_width": 85,
      "bb_height": 67
    },
    {
      "masked_path": "d5/uki_w1_t3_b2_d5_02_masked.png",
      "mask_path": "d5/uki_w1_t3_b2_d5_02_mask.png",
      "area": 4858,
      "bb_left": 109,
      "bb_top": 252,
      "bb_width": 92,
      "bb_height": 68
    },
    {
      "masked_path": "d5/uki_w1_t3_b2_d5_03_masked.png",
      "mask_path": "d5/uki_w1_t3_b2_d5_03_mask.png",
      "area": 2477,
      "bb_left": 204,
      "bb_top": 295,
      "bb_width": 50,
      "bb_height": 66
    },
    {
      "masked_path": "d5/uki_w1_t3_b2_d5_04_masked.png",
      "mask_path": "d5/uki_w1_t3_b2_d5_04_mask.png",
      "area": 5963,
      "bb_left": 294,
      "bb_top": 195,
      "bb_width": 82,
      "bb_height": 101
    },
    {
      "masked_path": "d5/uki_w1_t3_b2_d5_05_masked.png",
      "mask_path": "d5/uki_w1_t3_b2_d5_05_mask.png",
      "area": 655,
      "bb_left": 317,
      "bb_top": 274,
      "bb_width": 43,
      "bb_height": 25
    },
    {
      "masked_path": "d5/uki_w1_t3_b2_d5_06_masked.png",
      "mask_path": "d5/uki_w1_t3_b2_d5_06_mask.png",
      "area": 2394,
      "bb_left": 259,
      "bb_top": 240,
      "bb_width": 55,
      "bb_height": 64
    },
    {
      "masked_path": "d5/uki_w1_t3_b2_d5_07_masked.png",
      "mask_path": "d5/uki_w1_t3_b2_d5_07_mask.png",
      "area": 1833,
      "bb_left": 214,
      "bb_top": 268,
      "bb_width": 53,
      "bb_height": 47
    },
    {
      "masked_path": "d5/uki_w1_t3_b2_d5_08_masked.png",
      "mask_path": "d5/uki_w1_t3_b2_d5_08_mask.png",
      "area": 3627,
      "bb_left": 245,
      "bb_top": 317,
      "bb_width": 68,
      "bb_height": 70
    },
    {
      "masked_path": "d5/uki_w1_t3_b2_d5_09_masked.png",
      "mask_path": "d5/uki_w1_t3_b2_d5_09_mask.png",
      "area": 3439,
      "bb_left": 130,
      "bb_top": 318,
      "bb_width": 73,
      "bb_height": 56
    },
    {
      "masked_path": "d5/uki_w1_t3_b2_d5_10_masked.png",
      "mask_path": "d5/uki_w1_t3_b2_d5_10_mask.png",
      "area": 546,
      "bb_left": 179,
      "bb_top": 265,
      "bb_width": 29,
      "bb_height": 36
    }
  ]
}