{
  "path_d1": "uki_w1_s2_b1_d1.png",
  "path_d5": "uki_w1_s2_b1_d5.png",
  "masked_path_d1": "uki_w1_s2_b1_d1_masked.png",
  "masked_path_d5": "uki_w1_s2_b1_d5_masked.png",
  "mask_path_d1": "uki_w1_s2_b1_d1_mask.png",
  "mask_path_d5": "uki_w1_s2_b1_d5_mask.png",
  "metadata_path": "uki_w1_s2_b1_metadata.json",
  "week": 1,
  "shelf_row": "s",
  "shelf_column": "2",
  "well_row": "b",
  "well_column": "1",
  "num_leaves_d1": 1,
  "num_leaves_d5": 3,
  "area_d1": 5071,
  "area_d5": 9310,
  "leaves_d1": [
    {
      "masked_path": "d1/uki_w1_s2_b1_d1_01_masked.png",
      "mask_path": "d1/uki_w1_s2_b1_d1_01_mask.png",
      "area": 5071,
      "bb_left": 214,
      "bb_top": 213,
      "bb_width": 83,
      "bb_height": 84
    }
  ],
  "leaves_d5": [
    {
      "masked_path": "d5/uki_w1_s2_b1_d5_01_masked.png",
      "mask_path": "d5/uki_w1_s2_b1_d5_01_mask.png",
      "area": 4909,
      "bb_left": 231,
      "bb_top": 188,
      "bb_width": 105,
      "bb_height": 63
    },
    {
      "masked_path": "d5/uki_w1_s2_b1_d5_02_masked.png",
      "mask_path": "d5/uki_w1_s2_b1_d5_02_mask.png",
      "area": 2525,
      "bb_left": 204,
      "bb_top": 234,
      "bb_width": 50,
      "bb_height": 64
    },
    {
      "masked_path": "d5/uki_w1_s2_b1_d5_03_masked.png",
      "mask_path": "d5/uki_w1_s2_b1_d5_03_mask.png",
      "area": 1889,
      "bb_left": 247,
      "bb_top": 245,
      "bb_width": 45,
      "bb_height": 55
    }
  ]
}