{
  "path_d1": "uki_w1_t4_d5_d1.png",
  "path_d5": "uki_w1_t4_d5_d5.png",
  "masked_path_d1": "uki_w1_t4_d5_d1_masked.png",
  "masked_path_d5": "uki_w1_t4_d5_d5_masked.png",
  "mask_path_d1": "uki_w1_t4_d5_d1_mask.png",
  "mask_path_d5": "uki_w1_t4_d5_d5_mask.png",
  "metadata_path": "uki_w1_t4_d5_metadata.json",
  "week": 1,
  "shelf_row": "t",
  "shelf_column": "4",
  "well_row": "d",
  "well_column": "5",
  "num_leaves_d1": 3,
  "num_leaves_d5": 10,
  "area_d1": 7590,
  "area_d5": 27598,
  "leaves_d1": [
    {
      "masked_path": "d1/uki_w1_t4_d5_d1_01_masked.png",
      "mask_path": "d1/uki_w1_t4_d5_d1_01_mask.png",
      "area": 3743,
      "bb_left": 245,
      "bb_top": 236,
      "bb_width": 56,
      "bb_height": 83
    },
    {
      "masked_path": "d1/uki_w1_t4_d5_d1_02_masked.png",
      "mask_path": "d1/uki_w1_t4_d5_d1_02_mask.png",
      "area": 2903,
      "bb_left": 220,
      "bb_top": 188,
      "bb_width": 70,
      "bb_height": 56
    },
    {
      "masked_path": "d1/uki_w1_t4_d5_d1_03_masked.png",
      "mask_path": "d1/uki_w1_t4_d5_d1_03_mask.png",
      "area": 991,
      "bb_left": 280,
      "bb_top": 229,
      "bb_width": 38,
      "bb_height": 43
    }
  ],
  "leaves_d5": [
    {
      "masked_path": "d5/uki_w1_t4_d5_d5_01_masked.png",
      "mask_path": "d5/uki_w1_t4_d5_d5_01_mask.png",
      "area": 5069,
      "bb_left": 226,
      "bb_top": 184,
      "bb_width": 80,
      "bb_height": 78
    },
    {
      "masked_path": "d5/uki_w1_t4_d5_d5_02_masked.png",
      "mask_path": "d5/uki_w1_t4_d5_d5_02_mask.png",
      "area": 4721,
      "bb_left": 261,
      "bb_top": 249,
      "bb_width": 75,
      "bb_height": 82
    },
    {
      "masked_path": "d5/uki_w1_t4_d5_d5_03_masked.png",
      "mask_path": "d5/uki_w1_t4_d5_d5_03_mask.png",
      "area": 2529,
      "bb_left": 295,
      "bb_top": 201,
      "bb_width": 60,
      "bb_height": 64
    },
    {
      "masked_path": "d5/uki_w1_t4_d5_d5_04_masked.png",
      "mask_path": "d5/uki_w1_t4_d5_d5_04_mask.png",
      "area": 3392,
      "bb_left": 200,
      "bb_top": 236,
      "bb_width": 68,
      "bb_height": 75
    },
    {
      "masked_path": "d5/uki_w1_t4_d5_d5_05_masked.png",
      "mask_path": "d5/uki_w1_t4_d5_d5_05_mask.png",
      "area": 2302,
      "bb_left": 279,
      "bb_top": 131,
      "bb_width": 56,
      "bb_height": 55
    },
    {
      "masked_path": "d5/uki_w1_t4_d5_d5_06_masked.png",
      "mask_path": "d5/uki_w1_t4_d5_d5_06_mask.png",
      "area": 1497,
      "bb_left": 208,
      "bb_top": 137,
      "bb_width": 41,
      "bb_height": 44
    },
    {
      "masked_path": "d5/uki_w1_t4_d5_d5_07_masked.png",
      "mask_path": "d5/uki_w1_t4_d5_d5_07_mask.png",
      "area": 3326,
      "bb_left": 172,
      "bb_top": 181,
      "bb_width": 80,
      "bb_height": 72
    },
    {
      "masked_path": "d5/uki_w1_t4_d5_d5_08_masked.png",
      "mask_path": "d5/uki_w1_t4_d5_d5_08_mask.png",
      "area": 2363,
      "bb_left": 238,
      "bb_top": 100,
      "bb_width": 51,
      "bb_height": 64
    },
    {
      "masked_path": "d5/uki_w1_t4_d5_d5_09_masked.png",
      "mask_path": "d5/uki_w1_t4_d5_d5_09_mask.png",
      "area": 758,
      "bb_left": 233,
      "bb_top": 159,
      "bb_width": 43,
      "bb_height": 26
    },
    {
      "masked_path": "d5/uki_w1_t4_d5_d5_10_masked.png",
      "mask_path": "d5/uki_w1_t4_d5_d5_10_mask.png",
      "area": 1946,
      "bb_left": 163,
      "bb_top": 143,
      "bb_width": 53,
      "bb_height": 48
    }
  ]
}