{
  "path_d1": "uki_w1_s3_a2_d1.png",
  "path_d5": "uki_w1_s3_a2_d5.png",
  "masked_path_d1": "uki_w1_s3_a2_d1_masked.png",
  "masked_path_d5": "uki_w1_s3_a2_d5_masked.png",
  "mask_path_d1": "uki_w1_s3_a2_d1_mask.png",
  "mask_path_d5": "uki_w1_s3_a2_d5_mask.png",
  "metadata_path": "uki_w1_s3_a2_metadata.json",
  "week": 1,
  "shelf_row": "s",
  "shelf_column": "3",
  "well_row": "a",
  "well_column": "2",
  "num_leaves_d1": 1,
  "num_leaves_d5": 4,
  "area_d1": 2818,
  "area_d5": 11247,
  "leaves_d1": [
    {
      "masked_path": "d1/uki_w1_s3_a2_d1_01_masked.png",
      "mask_path": "d1/uki_w1_s3_a2_d1_01_mask.png",
      "area": 2818,
      "bb_left": 241,
      "bb_top": 249,
      "bb_width": 63,
      "bb_height": 55
    }
  ],
  "leaves_d5": [
    {
      "masked_path": "d5/uki_w1_s3_a2_d5_01_masked.png",
      "mask_path": "d5/uki_w1_s3_a2_d5_01_mask.png",
      "area": 5773,
      "bb_left": 265,
      "bb_top": 206,
      "bb_width": 88,
      "bb_height": 81
    },
    {
      "masked_path": "d5/uki_w1_s3_a2_d5_02_masked.png",
      "mask_path": "d5/uki_w1_s3_a2_d5_02_mask.png",
      "area": 2304,
      "bb_left": 219,
      "bb_top": 197,
      "bb_width": 46,
      "bb_height": 61
    },
    {
      "masked_path": "d5/uki_w1_s3_a2_d5_03_masked.png",
      "mask_path": "d5/uki_w1_s3_a2_d5_03_mask.png",
      "area": 2147,
      "bb_left": 222,
      "bb_top": 155,
      "bb_width": 58,
      "bb_height": 47
    },
    {
      "masked_path": "d5/uki_w1_s3_a2_d5_04_masked.png",
      "mask_path": "d5/uki_w1_s3_a2_d5_04_mask.png",
      "area": 1098,
      "bb_left": 263,
      "bb_top": 179,
      "bb_width": 54,
      "bb_height": 28
    }
  ]
}