{
  "path_d1": "uki_w1_q2_d6_d1.png",
  "path_d5": "uki_w1_q2_d6_d5.png",
  "masked_path_d1": "uki_w1_q2_d6_d1_masked.png",
  "masked_path_d5": "uki_w1_q2_d6_d5_masked.png",
  "mask_path_d1": "uki_w1_q2_d6_d1_mask.png",
  "mask_path_d5": "uki_w1_q2_d6_d5_mask.png",
  "metadata_path": "uki_w1_q2_d6_metadata.json",
  "week": 1,
  "shelf_row": "q",
  "shelf_column": "2",
  "well_row": "d",
  "well_column": "6",
  "num_leaves_d1": 2,
  "num_leaves_d5": 4,
  "area_d1": 4584,
  "area_d5": 9531,
  "leaves_d1": [
    {
      "masked_path": "d1/uki_w1_q2_d6_d1_01_masked.png",
      "mask_path": "d1/uki_w1_q2_d6_d1_01_mask.png",
      "area": 3384,
      "bb_left": 221,
      "bb_top": 241,
      "bb_width": 81,
      "bb_height": 56
    },
    {
      "masked_path": "d1/uki_w1_q2_d6_d1_02_masked.png",
      "mask_path": "d1/uki_w1_q2_d6_d1_02_mask.png",
      "area": 1203,
      "bb_left": 215,
      "bb_top": 216,
      "bb_width": 45,
      "bb_height": 39
    }
  ],
  "leaves_d5": [
    {
      "masked_path": "d5/uki_w1_q2_d6_d5_01_masked.png",
      "mask_path": "d5/uki_w1_q2_d6_d5_01_mask.png",
      "area": 3026,
      "bb_left": 239,
      "bb_top": 243,
      "bb_width": 62,
      "bb_height": 67
    },
    {
      "masked_path": "d5/uki_w1_q2_d6_d5_02_masked.png",
      "mask_path": "d5/uki_w1_q2_d6_d5_02_mask.png",
      "area": 482,
      "bb_left": 225,
      "bb_top": 251,
      "bb_width": 18,
      "bb_height": 39
    },
    {
      "masked_path": "d5/uki_w1_q2_d6_d5_03_masked.png",
      "mask_path": "d5/uki_w1_q2_d6_d5_03_mask.png",
      "area": 3329,
      "bb_left": 168,
      "bb_top": 220,
      "bb_width": 79,
      "bb_height": 55
    },
    {
      "masked_path": "d5/uki_w1_q2_d6_d5_04_masked.png",
      "mask_path": "d5/uki_w1_q2_d6_d5_04_mask.png",
      "area": 2753,
      "bb_left": 243,
      "bb_top": 205,
      "bb_width": 68,
      "bb_height": 57
    }
  ]
}