{
  "path_d1": "uki_w1_t2_c3_d1.png",
  "path_d5": "uki_w1_t2_c3_d5.png",
  "masked_path_d1": "uki_w1_t2_c3_d1_masked.png",
  "masked_path_d5": "uki_w1_t2_c3_d5_masked.png",
  "mask_path_d1": "uki_w1_t2_c3_d1_mask.png",
  "mask_path_d5": "uki_w1_t2_c3_d5_mask.png",
  "metadata_path": "uki_w1_t2_c3_metadata.json",
  "week": 1,
  "shelf_row": "t",
  "shelf_column": "2",
  "well_row": "c",
  "well_column": "3",
  "num_leaves_d1": 3,
  "num_leaves_d5": 4,
  "area_d1": 4931,
  "area_d5": 6119,
  "leaves_d1": [
    {
      "masked_path": "d1/uki_w1_t2_c3_d1_01_masked.png",
      "mask_path": "d1/uki_w1_t2_c3_d1_01_mask.png",
      "area": 2849,
      "bb_left": 207,
      "bb_top": 218,
      "bb_width": 72,
      "bb_height": 52
    },
    {
      "masked_path": "d1/uki_w1_t2_c3_d1_02_masked.png",
      "mask_path": "d1/uki_w1_t2_c3_d1_02_mask.png",
      "area": 1597,
      "bb_left": 243,
      "bb_top": 262,
      "bb_width": 41,
      "bb_height": 50
    },
    {
      "masked_path": "d1/uki_w1_t2_c3_d1_03_masked.png",
      "mask_path": "d1/uki_w1_t2_c3_d1_03_mask.png",
      "area": 491,
      "bb_left": 270,
      "bb_top": 249,
      "bb_width": 27,
      "bb_height": 23
    }
  ],
  "leaves_d5": [
    {
      "masked_path": "d5/uki_w1_t2_c3_d5_01_masked.png",
      "mask_path": "d5/uki_w1_t2_c3_d5_01_mask.png",
      "area": 3014,
      "bb_left": 231,
      "bb_top": 234,
      "bb_width": 57,
      "bb_height": 68
    },
    {
      "masked_path": "d5/uki_w1_t2_c3_d5_02_masked.png",
      "mask_path": "d5/uki_w1_t2_c3_d5_02_mask.png",
      "area": 1142,
      "bb_left": 280,
      "bb_top": 262,
      "bb_width": 29,
      "bb_height": 49
    },
    {
      "masked_path": "d5/uki_w1_t2_c3_d5_03_masked.png",
      "mask_path": "d5/uki_w1_t2_c3_d5_03_mask.png",
      "area": 328,
      "bb_left": 283,
      "bb_top": 242,
      "bb_width": 24,
      "bb_height": 23
    },
    {
      "masked_path": "d5/uki_w1_t2_c3_d5_04_masked.png",
      "mask_path": "d5/uki_w1_t2_c3_d5_04_mask.png",
      "area": 1663,
      "bb_left": 189,
      "bb_top": 234,
      "bb_width": 44,
      "bb_height": 46
    }
  ]
}