{
  "path_d1": "uki_w1_p1_a3_d1.png",
  "path_d5": "uki_w1_p1_a3_d5.png",
  "masked_path_d1": "uki_w1_p1_a3_d1_masked.png",
  "masked_path_d5": "uki_w1_p1_a3_d5_masked.png",
  "mask_path_d1": "uki_w1_p1_a3_d1_mask.png",
  "mask_path_d5": "uki_w1_p1_a3_d5_mask.png",
  "metadata_path": "uki_w1_p1_a3_metadata.json",
  "week": 1,
  "shelf_row": "p",
  "shelf_column": "1",
  "well_row": "a",
  "well_column": "3",
  "num_leaves_d1": 3,
  "num_leaves_d5": 5,
  "area_d1": 7659,
  "area_d5": 15556,
  "leaves_d1": [
    {
      "masked_path": "d1/uki_w1_p1_a3_d1_01_masked.png",
      "mask_path": "d1/uki_w1_p1_a3_d1_01_mask.png",
      "area": 2886,
      "bb_left": 247,
      "bb_top": 236,
      "bb_width": 62,
      "bb_height": 67
    },
    {
      "masked_path": "d1/uki_w1_p1_a3_d1_02_masked.png",
      "mask_path": "d1/uki_w1_p1_a3_d1_02_mask.png",
      "area": 3482,
      "bb_left": 187,
      "bb_top": 219,
      "bb_width": 82,
      "bb_height": 55
    },
    {
      "masked_path": "d1/uki_w1_p1_a3_d1_03_masked.png",
      "mask_path": "d1/uki_w1_p1_a3_d1_03_mask.png",
      "area": 1291,
      "bb_left": 223,
      "bb_top": 188,
      "bb_width": 47,
      "bb_height": 33
    }
  ],
  "leaves_d5": [
    {
      "masked_path": "d5/uki_w1_p1_a3_d5_01_masked.png",
      "mask_path": "d5/uki_w1_p1_a3_d5_01_mask.png",
      "area": 4023,
      "bb_left": 208,
      "bb_top": 193,
      "bb_width": 73,
      "bb_height": 79
    },
    {
      "masked_path": "d5/uki_w1_p1_a3_d5_02_masked.png",
      "mask_path": "d5/uki_w1_p1_a3_d5_02_mask.png",
      "area": 3753,
      "bb_left": 178,
      "bb_top": 256,
      "bb_width": 68,
      "bb_height": 73
    },
    {
      "masked_path": "d5/uki_w1_p1_a3_d5_03_masked.png",
      "mask_path": "d5/uki_w1_p1_a3_d5_03_mask.png",
      "area": 3108,
      "bb_left": 240,
      "bb_top": 260,
      "bb_width": 61,
      "bb_height": 68
    },
    {
      "masked_path": "d5/uki_w1_p1_a3_d5_04_masked.png",
      "mask_path": "d5/uki_w1_p1_a3_d5_04_mask.png",
      "area": 3372,
      "bb_left": 275,
      "bb_top": 213,
      "bb_width": 75,
      "bb_height": 55
    },
    {
      "masked_path": "d5/uki_w1_p1_a3_d5_05_masked.png",
      "mask_path": "d5/uki_w1_p1_a3_d5_05_mask.png",
      "area": 1406,
      "bb_left": 261,
      "bb_top": 184,
      "bb_width": 53,
      "bb_height": 42
    }
  ]
}