{
  "path_d1": "uki_w1_s2_a4_d1.png",
  "path_d5": "uki_w1_s2_a4_d5.png",
  "masked_path_d1": "uki_w1_s2_a4_d1_masked.png",
  "masked_path_d5": "uki_w1_s2_a4_d5_masked.png",
  "mask_path_d1": "uki_w1_s2_a4_d1_mask.png",
  "mask_path_d5": "uki_w1_s2_a4_d5_mask.png",
  "metadata_path": "uki_w1_s2_a4_metadata.json",
  "week": 1,
  "shelf_row": "s",
  "shelf_column": "2",
  "well_row": "a",
  "well_column": "4",
  "num_leaves_d1": 3,
  "num_leaves_d5": 7,
  "area_d1": 5340,
  "area_d5": 17216,
  "leaves_d1": [
    {
      "masked_path": "d1/uki_w1_s2_a4_d1_01_masked.png",
      "mask_path": "d1/uki_w1_s2_a4_d1_01_mask.png",
      "area": 3200,
      "bb_left": 266,
      "bb_top": 227,
      "bb_width": 54,
      "bb_height": 75
    },
    {
      "masked_path": "d1/uki_w1_s2_a4_d1_02_masked.png",
      "mask_path": "d1/uki_w1_s2_a4_d1_02_mask.png",
      "area": 1983,
      "bb_left": 220,
      "bb_top": 249,
      "bb_width": 47,
      "bb_height": 49
    },
    {
      "masked_path": "d1/uki_w1_s2_a4_d1_03_masked.png",
      "mask_path": "d1/uki_w1_s2_a4_d1_03_mask.png",
      "area": 207,
      "bb_left": 252,
      "bb_top": 290,
      "bb_width": 24,
      "bb_height": 14
    }
  ],
  "leaves_d5": [
    {
      "masked_path": "d5/uki_w1_s2_a4_d5_01_masked.png",
      "mask_path": "d5/uki_w1_s2_a4_d5_01_mask.png",
      "area": 5247,
      "bb_left": 187,
      "bb_top": 184,
      "bb_width": 87,
      "bb_height": 79
    },
    {
      "masked_path": "d5/uki_w1_s2_a4_d5_02_masked.png",
      "mask_path": "d5/uki_w1_s2_a4_d5_02_mask.png",
      "area": 3851,
      "bb_left": 256,
      "bb_top": 198,
      "bb_width": 64,
      "bb_height": 77
    },
    {
      "masked_path": "d5/uki_w1_s2_a4_d5_03_masked.png",
      "mask_path": "d5/uki_w1_s2_a4_d5_03_mask.png",
      "area": 2996,
      "bb_left": 312,
      "bb_top": 184,
      "bb_width": 74,
      "bb_height": 52
    },
    {
      "masked_path": "d5/uki_w1_s2_a4_d5_04_masked.png",
      "mask_path": "d5/uki_w1_s2_a4_d5_04_mask.png",
      "area": 201,
      "bb_left": 320,
      "bb_top": 231,
      "bb_width": 20,
      "bb_height": 15
    },
    {
      "masked_path": "d5/uki_w1_s2_a4_d5_05_masked.png",
      "mask_path": "d5/uki_w1_s2_a4_d5_05_mask.png",
      "area": 2079,
      "bb_left": 308,
      "bb_top": 144,
      "bb_width": 52,
      "bb_height": 51
    },
    {
      "masked_path": "d5/uki_w1_s2_a4_d5_06_masked.png",
      "mask_path": "d5/uki_w1_s2_a4_d5_06_mask.png",
      "area": 2472,
      "bb_left": 260,
      "bb_top": 138,
      "bb_width": 54,
      "bb_height": 63
    },
    {
      "masked_path": "d5/uki_w1_s2_a4_d5_07_masked.png",
      "mask_path": "d5/uki_w1_s2_a4_d5_07_mask.png",
      "area": 508,
      "bb_left": 227,
      "bb_top": 169,
      "bb_width": 38,
      "bb_height": 21
    }
  ]
}