{
  "path_d1": "uki_w1_t4_b4_d1.png",
  "path_d5": "uki_w1_t4_b4_d5.png",
  "masked_path_d1": "uki_w1_t4_b4_d1_masked.png",
  "masked_path_d5": "uki_w1_t4_b4_d5_masked.png",
  "mask_path_d1": "uki_w1_t4_b4_d1_mask.png",
  "mask_path_d5": "uki_w1_t4_b4_d5_mask.png",
  "metadata_path": "uki_w1_t4_b4_metadata.json",
  "week": 1,
  "shelf_row": "t",
  "shelf_column": "4",
  "well_row": "b",
  "well_column": "4",
  "num_leaves_d1": 2,
  "num_leaves_d5": 7,
  "area_d1": 5600,
  "area_d5": 19474,
  "leaves_d1": [
    {
      "masked_path": "d1/uki_w1_t4_b4_d1_01_masked.png",
      "mask_path": "d1/uki_w1_t4_b4_d1_01_mask.png",
      "area": 3297,
      "bb_left": 215,
      "bb_top": 200,
      "bb_width": 55,
      "bb_height": 76
    },
    {
      "masked_path": "d1/uki_w1_t4_b4_d1_02_masked.png",
      "mask_path": "d1/uki_w1_t4_b4_d1_02_mask.png",
      "area": 2338,
      "bb_left": 267,
      "bb_top": 235,
      "bb_width": 59,
      "bb_height": 48
    }
  ],
  "leaves_d5": [
    {
      "masked_path": "d5/uki_w1_t4_b4_d5_01_masked.png",
      "mask_path": "d5/uki_w1_t4_b4_d5_01_mask.png",
      "area": 2663,
      "bb_left": 280,
      "bb_top": 230,
      "bb_width": 69,
      "bb_height": 52
    },
    {
      "masked_path": "d5/uki_w1_t4_b4_d5_02_masked.png",
      "mask_path": "d5/uki_w1_t4_b4_d5_02_mask.png",
      "area": 5672,
      "bb_left": 230,
      "bb_top": 154,
      "bb_width": 77,
      "bb_height": 100
    },
    {
      "masked_path": "d5/uki_w1_t4_b4_d5_03_masked.png",
      "mask_path": "d5/uki_w1_t4_b4_d5_03_mask.png",
      "area": 3141,
      "bb_left": 239,
      "bb_top": 307,
      "bb_width": 61,
      "bb_height": 61
    },
    {
      "masked_path": "d5/uki_w1_t4_b4_d5_04_masked.png",
      "mask_path": "d5/uki_w1_t4_b4_d5_04_mask.png",
      "area": 3184,
      "bb_left": 192,
      "bb_top": 272,
      "bb_width": 82,
      "bb_height": 55
    },
    {
      "masked_path": "d5/uki_w1_t4_b4_d5_05_masked.png",
      "mask_path": "d5/uki_w1_t4_b4_d5_05_mask.png",
      "area": 2285,
      "bb_left": 221,
      "bb_top": 222,
      "bb_width": 59,
      "bb_height": 56
    },
    {
      "masked_path": "d5/uki_w1_t4_b4_d5_06_masked.png",
      "mask_path": "d5/uki_w1_t4_b4_d5_06_mask.png",
      "area": 391,
      "bb_left": 302,
      "bb_top": 204,
      "bb_width": 15,
      "bb_height": 34
    },
    {
      "masked_path": "d5/uki_w1_t4_b4_d5_07_masked.png",
      "mask_path": "d5/uki_w1_t4_b4_d5_07_mask.png",
      "area": 2283,
      "bb_left": 271,
      "bb_top": 277,
      "bb_width": 62,
      "bb_height": 52
    }
  ]
}