{
  "path_d1": "uki_w1_r4_a3_d1.png",
  "path_d5": "uki_w1_r4_a3_d5.png",
  "masked_path_d1": "uki_w1_r4_a3_d1_masked.png",
  "masked_path_d5": "uki_w1_r4_a3_d5_masked.png",
  "mask_path_d1": "uki_w1_r4_a3_d1_mask.png",
  "mask_path_d5": "uki_w1_r4_a3_d5_mask.png",
  "metadata_path": "uki_w1_r4_a3_metadata.json",
  "week": 1,
  "shelf_row": "r",
  "shelf_column": "4",
  "well_row": "a",
  "well_column": "3",
  "num_leaves_d1": 3,
  "num_leaves_d5": 6,
  "area_d1": 6035,
  "area_d5": 10827,
  "leaves_d1": [
    {
      "masked_path": "d1/uki_w1_r4_a3_d1_01_masked.png",
      "mask_path": "d1/uki_w1_r4_a3_d1_01_mask.png",
      "area": 3011,
      "bb_left": 231,
      "bb_top": 246,
      "bb_width": 52,
      "bb_height": 74
    },
    {
      "masked_path": "d1/uki_w1_r4_a3_d1_02_masked.png",
      "mask_path": "d1/uki_w1_r4_a3_d1_02_mask.png",
      "area": 2627,
      "bb_left": 200,
      "bb_top": 197,
      "bb_width": 56,
      "bb_height": 58
    },
    {
      "masked_path": "d1/uki_w1_r4_a3_d1_03_masked.png",
      "mask_path": "d1/uki_w1_r4_a3_d1_03_mask.png",
      "area": 423,
      "bb_left": 216,
      "bb_top": 254,
      "bb_width": 30,
      "bb_height": 20
    }
  ],
  "leaves_d5": [
    {
      "masked_path": "d5/uki_w1_r4_a3_d5_01_masked.png",
      "mask_path": "d5/uki_w1_r4_a3_d5_01_mask.png",
      "area": 3069,
      "bb_left": 253,
      "bb_top": 250,
      "bb_width": 73,
      "bb_height": 54
    },
    {
      "masked_path": "d5/uki_w1_r4_a3_d5_02_masked.png",
      "mask_path": "d5/uki_w1_r4_a3_d5_02_mask.png",
      "area": 4330,
      "bb_left": 210,
      "bb_top": 191,
      "bb_width": 68,
      "bb_height": 83
    },
    {
      "masked_path": "d5/uki_w1_r4_a3_d5_03_masked.png",
      "mask_path": "d5/uki_w1_r4_a3_d5_03_mask.png",
      "area": 1163,
      "bb_left": 238,
      "bb_top": 290,
      "bb_width": 44,
      "bb_height": 40
    },
    {
      "masked_path": "d5/uki_w1_r4_a3_d5_04_masked.png",
      "mask_path": "d5/uki_w1_r4_a3_d5_04_mask.png",
      "area": 587,
      "bb_left": 222,
      "bb_top": 259,
      "bb_width": 36,
      "bb_height": 28
    },
    {
      "masked_path": "d5/uki_w1_r4_a3_d5_05_masked.png",
      "mask_path": "d5/uki_w1_r4_a3_d5_05_mask.png",
      "area": 1458,
      "bb_left": 191,
      "bb_top": 283,
      "bb_width": 61,
      "bb_height": 33
    },
    {
      "masked_path": "d5/uki_w1_r4_a3_d5_06_masked.png",
      "mask_path": "d5/uki_w1_r4_a3_d5_06_mask.png",
      "area": 295,
      "bb_left": 275,
      "bb_top": 228,
      "bb_width": 15,
      "bb_height": 30
    }
  ]
}