{
  "path_d1": "uki_w1_s3_c3_d1.png",
  "path_d5": "uki_w1_s3_c3_d5.png",
  "masked_path_d1": "uki_w1_s3_c3_d1_masked.png",
  "masked_path_d5": "uki_w1_s3_c3_d5_masked.png",
  "mask_path_d1": "uki_w1_s3_c3_d1_mask.png",
  "mask_path_d5": "uki_w1_s3_c3_d5_mask.png",
  "metadata_path": "uki_w1_s3_c3_metadata.json",
  "week": 1,
  "shelf_row": "s",
  "shelf_column": "3",
  "well_row": "c",
  "well_column": "3",
  "num_leaves_d1": 2,
  "num_leaves_d5": 5,
  "area_d1": 5728,
  "area_d5": 12970,
  "leaves_d1": [
    {
      "masked_path": "d1/uki_w1_s3_c3_d1_01_masked.png",
      "mask_path": "d1/uki_w1_s3_c3_d1_01_mask.png",
      "area": 3504,
      "bb_left": 212,
      "bb_top": 259,
      "bb_width": 79,
      "bb_height": 58
    },
    {
      "masked_path": "d1/uki_w1_s3_c3_d1_02_masked.png",
      "mask_path": "d1/uki_w1_s3_c3_d1_02_mask.png",
      "area": 2235,
      "bb_left": 214,
      "bb_top": 210,
      "bb_width": 55,
      "bb_height": 49
    }
  ],
  "leaves_d5": [
    {
      "masked_path": "d5/uki_w1_s3_c3_d5_01_masked.png",
      "mask_path": "d5/uki_w1_s3_c3_d5_01_mask.png",
      "area": 4807,
      "bb_left": 222,
      "bb_top": 156,
      "bb_width": 92,
      "bb_height": 69
    },
    {
      "masked_path": "d5/uki_w1_s3_c3_d5_02_masked.png",
      "mask_path": "d5/uki_w1_s3_c3_d5_02_mask.png",
      "area": 3645,
      "bb_left": 271,
      "bb_top": 203,
      "bb_width": 84,
      "bb_height": 58
    },
    {
      "masked_path": "d5/uki_w1_s3_c3_d5_03_masked.png",
      "mask_path": "d5/uki_w1_s3_c3_d5_03_mask.png",
      "area": 2314,
      "bb_left": 202,
      "bb_top": 194,
      "bb_width": 50,
      "bb_height": 67
    },
    {
      "masked_path": "d5/uki_w1_s3_c3_d5_04_masked.png",
      "mask_path": "d5/uki_w1_s3_c3_d5_04_mask.png",
      "area": 1294,
      "bb_left": 175,
      "bb_top": 185,
      "bb_width": 33,
      "bb_height": 50
    },
    {
      "masked_path": "d5/uki_w1_s3_c3_d5_05_masked.png",
      "mask_path": "d5/uki_w1_s3_c3_d5_05_mask.png",
      "area": 996,
      "bb_left": 211,
      "bb_top": 154,
      "bb_width": 42,
      "bb_height": 40
    }
  ]
}