{
  "path_d1": "uki_w1_s1_c3_d1.png",
  "path_d5": "uki_w1_s1_c3_d5.png",
  "masked_path_d1": "uki_w1_s1_c3_d1_masked.png",
  "masked_path_d5": "uki_w1_s1_c3_d5_masked.png",
  "mask_path_d1": "uki_w1_s1_c3_d1_mask.png",
  "mask_path_d5": "uki_w1_s1_c3_d5_mask.png",
  "metadata_path": "uki_w1_s1_c3_metadata.json",
  "week": 1,
  "shelf_row": "s",
  "shelf_column": "1",
  "well_row": "c",
  "well_column": "3",
  "num_leaves_d1": 3,
  "num_leaves_d5": 7,
  "area_d1": 7116,
  "area_d5": 10556,
  "leaves_d1": [
    {
      "masked_path": "d1/uki_w1_s1_c3_d1_01_masked.png",
      "mask_path": "d1/uki_w1_s1_c3_d1_01_mask.png",
      "area": 5845,
      "bb_left": 203,
      "bb_top": 239,
      "bb_width": 101,
      "bb_height": 75
    },
    {
      "masked_path": "d1/uki_w1_s1_c3_d1_02_masked.png",
      "mask_path": "d1/uki_w1_s1_c3_d1_02_mask.png",
      "area": 74,
      "bb_left": 291,
      "bb_top": 275,
      "bb_width": 10,
      "bb_height": 15
    },
    {
      "masked_path": "d1/uki_w1_s1_c3_d1_03_masked.png",
      "mask_path": "d1/uki_w1_s1_c3_d1_03_mask.png",
      "area": 1216,
      "bb_left": 255,
      "bb_top": 211,
      "bb_width": 47,
      "bb_height": 32
    }
  ],
  "leaves_d5": [
    {
      "masked_path": "d5/uki_w1_s1_c3_d5_01_masked.png",
      "mask_path": "d5/uki_w1_s1_c3_d5_01_mask.png",
      "area": 5568,
      "bb_left": 241,
      "bb_top": 217,
      "bb_width": 95,
      "bb_height": 80
    },
    {
      "masked_path": "d5/uki_w1_s1_c3_d5_02_masked.png",
      "mask_path": "d5/uki_w1_s1_c3_d5_02_mask.png",
      "area": 2657,
      "bb_left": 196,
      "bb_top": 246,
      "bb_width": 58,
      "bb_height": 57
    },
    {
      "masked_path": "d5/uki_w1_s1_c3_d5_03_masked.png",
      "mask_path": "d5/uki_w1_s1_c3_d5_03_mask.png",
      "area": 1404,
      "bb_left": 235,
      "bb_top": 259,
      "bb_width": 47,
      "bb_height": 54
    },
    {
      "masked_path": "d5/uki_w1_s1_c3_d5_04_masked.png",
      "mask_path": "d5/uki_w1_s1_c3_d5_04_mask.png",
      "area": 415,
      "bb_left": 216,
      "bb_top": 228,
      "bb_width": 29,
      "bb_height": 19
    },
    {
      "masked_path": "d5/uki_w1_s1_c3_d5_05_masked.png",
      "mask_path": "d5/uki_w1_s1_c3_d5_05_mask.png",
      "area": 209,
      "bb_left": 252,
      "bb_top": 208,
      "bb_width": 29,
      "bb_height": 12
    },
    {
      "masked_path": "d5/uki_w1_s1_c3_d5_06_masked.png",
      "mask_path": "d5/uki_w1_s1_c3_d5_06_mask.png",
      "area": 113,
      "bb_left": 275,
      "bb_top": 206,
      "bb_width": 15,
      "bb_height": 10
    },
    {
      "masked_path": "d5/uki_w1_s1_c3_d5_07_masked.png",
      "mask_path": "d5/uki_w1_s1_c3_d5_07_mask.png",
      "area": 310,
      "bb_left": 238,
      "bb_top": 206,
      "bb_width": 25,
      "bb_height": 20
    }
  ]
}