{
  "path_d1": "uki_w1_t2_c6_d1.png",
  "path_d5": "uki_w1_t2_c6_d5.png",
  "masked_path_d1": "uki_w1_t2_c6_d1_masked.png",
  "masked_path_d5": "uki_w1_t2_c6_d5_masked.png",
  "mask_path_d1": "uki_w1_t2_c6_d1_mask.png",
  "mask_path_d5": "uki_w1_t2_c6_d5_mask.png",
  "metadata_path": "uki_w1_t2_c6_metadata.json",
  "week": 1,
  "shelf_row": "t",
  "shelf_column": "2",
  "well_row": "c",
  "well_column": "6",
  "num_leaves_d1": 3,
  "num_leaves_d5": 8,
  "area_d1": 6435,
  "area_d5": 24924,
  "leaves_d1": [
    {
      "masked_path": "d1/uki_w1_t2_c6_d1_01_masked.png",
      "mask_path": "d1/uki_w1_t2_c6_d1_01_mask.png",
      "area": 3631,
      "bb_left": 218,
      "bb_top": 237,
      "bb_width": 59,
      "bb_height": 80
    },
    {
      "masked_path": "d1/uki_w1_t2_c6_d1_02_masked.png",
      "mask_path": "d1/uki_w1_t2_c6_d1_02_mask.png",
      "area": 826,
      "bb_left": 224,
      "bb_top": 209,
      "bb_width": 30,
      "bb_height": 33
    },
    {
      "masked_path": "d1/uki_w1_t2_c6_d1_03_masked.png",
      "mask_path": "d1/uki_w1_t2_c6_d1_03_mask.png",
      "area": 2019,
      "bb_left": 247,
      "bb_top": 201,
      "bb_width": 52,
      "bb_height": 52
    }
  ],
  "leaves_d5": [
    {
      "masked_path": "d5/uki_w1_t2_c6_d5_01_masked.png",
      "mask_path": "d5/uki_w1_t2_c6_d5_01_mask.png",
      "area": 5329,
      "bb_left": 219,
      "bb_top": 258,
      "bb_width": 78,
      "bb_height": 84
    },
    {
      "masked_path": "d5/uki_w1_t2_c6_d5_02_masked.png",
      "mask_path": "d5/uki_w1_t2_c6_d5_02_mask.png",
      "area": 3399,
      "bb_left": 301,
      "bb_top": 181,
      "bb_width": 63,
      "bb_height": 74
    },
    {
      "masked_path": "d5/uki_w1_t2_c6_d5_03_masked.png",
      "mask_path": "d5/uki_w1_t2_c6_d5_03_mask.png",
      "area": 1570,
      "bb_left": 266,
      "bb_top": 206,
      "bb_width": 40,
      "bb_height": 51
    },
    {
      "masked_path": "d5/uki_w1_t2_c6_d5_04_masked.png",
      "mask_path": "d5/uki_w1_t2_c6_d5_04_mask.png",
      "area": 2827,
      "bb_left": 208,
      "bb_top": 178,
      "bb_width": 69,
      "bb_height": 54
    },
    {
      "masked_path": "d5/uki_w1_t2_c6_d5_05_masked.png",
      "mask_path": "d5/uki_w1_t2_c6_d5_05_mask.png",
      "area": 707,
      "bb_left": 237,
      "bb_top": 232,
      "bb_width": 36,
      "bb_height": 24
    },
    {
      "masked_path": "d5/uki_w1_t2_c6_d5_06_masked.png",
      "mask_path": "d5/uki_w1_t2_c6_d5_06_mask.png",
      "area": 3852,
      "bb_left": 256,
      "bb_top": 144,
      "bb_width": 78,
      "bb_height": 72
    },
    {
      "masked_path": "d5/uki_w1_t2_c6_d5_07_masked.png",
      "mask_path": "d5/uki_w1_t2_c6_d5_07_mask.png",
      "area": 5188,
      "bb_left": 149,
      "bb_top": 251,
      "bb_width": 88,
      "bb_height": 89
    },
    {
      "masked_path": "d5/uki_w1_t2_c6_d5_08_masked.png",
      "mask_path": "d5/uki_w1_t2_c6_d5_08_mask.png",
      "area": 2298,
      "bb_left": 163,
      "bb_top": 218,
      "bb_width": 65,
      "bb_height": 50
    }
  ]
}