{
  "path_d1": "uki_w1_s4_a4_d1.png",
  "path_d5": "uki_w1_s4_a4_d5.png",
  "masked_path_d1": "uki_w1_s4_a4_d1_masked.png",
  "masked_path_d5": "uki_w1_s4_a4_d5_masked.png",
  "mask_path_d1": "uki_w1_s4_a4_d1_mask.png",
  "mask_path_d5": "uki_w1_s4_a4_d5_mask.png",
  "metadata_path": "uki_w1_s4_a4_metadata.json",
  "week": 1,
  "shelf_row": "s",
  "shelf_column": "4",
  "well_row": "a",
  "well_column": "4",
  "num_leaves_d1": 2,
  "num_leaves_d5": 8,
  "area_d1": 6670,
  "area_d5": 23676,
  "leaves_d1": [
    {
      "masked_path": "d1/uki_w1_s4_a4_d1_01_masked.png",
      "mask_path": "d1/uki_w1_s4_a4_d1_01_mask.png",
      "area": 3270,
      "bb_left": 197,
      "bb_top": 233,
      "bb_width": 74,
      "bb_height": 60
    },
    {
      "masked_path": "d1/uki_w1_s4_a4_d1_02_masked.png",
      "mask_path": "d1/uki_w1_s4_a4_d1_02_mask.png",
      "area": 3411,
      "bb_left": 255,
      "bb_top": 240,
      "bb_width": 70,
      "bb_height": 68
    }
  ],
  "leaves_d5": [
    {
      "masked_path": "d5/uki_w1_s4_a4_d5_01_masked.png",
      "mask_path": "d5/uki_w1_s4_a4_d5_01_mask.png",
      "area": 4486,
      "bb_left": 263,
      "bb_top": 304,
      "bb_width": 66,
      "bb_height": 89
    },
    {
      "masked_path": "d5/uki_w1_s4_a4_d5_02_masked.png",
      "mask_path": "d5/uki_w1_s4_a4_d5_02_mask.png",
      "area": 3436,
      "bb_left": 184,
      "bb_top": 251,
      "bb_width": 60,
      "bb_height": 76
    },
    {
      "masked_path": "d5/uki_w1_s4_a4_d5_03_masked.png",
      "mask_path": "d5/uki_w1_s4_a4_d5_03_mask.png",
      "area": 6475,
      "bb_left": 282,
      "bb_top": 236,
      "bb_width": 99,
      "bb_height": 88
    },
    {
      "masked_path": "d5/uki_w1_s4_a4_d5_04_masked.png",
      "mask_path": "d5/uki_w1_s4_a4_d5_04_mask.png",
      "area": 937,
      "bb_left": 262,
      "bb_top": 261,
      "bb_width": 30,
      "bb_height": 43
    },
    {
      "masked_path": "d5/uki_w1_s4_a4_d5_05_masked.png",
      "mask_path": "d5/uki_w1_s4_a4_d5_05_mask.png",
      "area": 4623,
      "bb_left": 150,
      "bb_top": 186,
      "bb_width": 73,
      "bb_height": 84
    },
    {
      "masked_path": "d5/uki_w1_s4_a4_d5_06_masked.png",
      "mask_path": "d5/uki_w1_s4_a4_d5_06_mask.png",
      "area": 798,
      "bb_left": 159,
      "bb_top": 251,
      "bb_width": 37,
      "bb_height": 34
    },
    {
      "masked_path": "d5/uki_w1_s4_a4_d5_07_masked.png",
      "mask_path": "d5/uki_w1_s4_a4_d5_07_mask.png",
      "area": 2192,
      "bb_left": 218,
      "bb_top": 300,
      "bb_width": 46,
      "bb_height": 61
    },
    {
      "masked_path": "d5/uki_w1_s4_a4_d5_08_masked.png",
      "mask_path": "d5/uki_w1_s4_a4_d5_08_mask.png",
      "area": 920,
      "bb_left": 233,
      "bb_top": 247,
      "bb_width": 33,
      "bb_height": 45
    }
  ]
}