{
  "path_d1": "uki_w1_q2_a1_d1.png",
  "path_d5": "uki_w1_q2_a1_d5.png",
  "masked_path_d1": "uki_w1_q2_a1_d1_masked.png",
  "masked_path_d5": "uki_w1_q2_a1_d5_masked.png",
  "mask_path_d1": "uki_w1_q2_a1_d1_mask.png",
  "mask_path_d5": "uki_w1_q2_a1_d5_mask.png",
  "metadata_path": "uki_w1_q2_a1_metadata.json",
  "week": 1,
  "shelf_row": "q",
  "shelf_column": "2",
  "well_row": "a",
  "well_column": "1",
  "num_leaves_d1": 2,
  "num_leaves_d5": 5,
  "area_d1": 5092,
  "area_d5": 16081,
  "leaves_d1": [
    {
      "masked_path": "d1/uki_w1_q2_a1_d1_01_masked.png",
      "mask_path": "d1/uki_w1_q2_a1_d1_01_mask.png",
      "area": 4674,
      "bb_left": 229,
      "bb_top": 206,
      "bb_width": 78,
      "bb_height": 78
    },
    {
      "masked_path": "d1/uki_w1_q2_a1_d1_02_masked.png",
      "mask_path": "d1/uki_w1_q2_a1_d1_02_mask.png",
      "area": 418,
      "bb_left": 264,
      "bb_top": 282,
      "bb_width": 36,
      "bb_height": 17
    }
  ],
  "leaves_d5": [
    {
      "masked_path": "d5/uki_w1_q2_a1_d5_01_masked.png",
      "mask_path": "d5/uki_w1_q2_a1_d5_01_mask.png",
      "area": 4578,
      "bb_left": 158,
      "bb_top": 259,
      "bb_width": 79,
      "bb_height": 75
    },
    {
      "masked_path": "d5/uki_w1_q2_a1_d5_02_masked.png",
      "mask_path": "d5/uki_w1_q2_a1_d5_02_mask.png",
      "area": 546,
      "bb_left": 186,
      "bb_top": 243,
      "bb_width": 43,
      "bb_height": 22
    },
    {
      "masked_path": "d5/uki_w1_q2_a1_d5_03_masked.png",
      "mask_path": "d5/uki_w1_q2_a1_d5_03_mask.png",
      "area": 3171,
      "bb_left": 223,
      "bb_top": 259,
      "bb_width": 61,
      "bb_height": 74
    },
    {
      "masked_path": "d5/uki_w1_q2_a1_d5_04_masked.png",
      "mask_path": "d5/uki_w1_q2_a1_d5_04_mask.png",
      "area": 4625,
      "bb_left": 204,
      "bb_top": 177,
      "bb_width": 68,
      "bb_height": 85
    },
    {
      "masked_path": "d5/uki_w1_q2_a1_d5_05_masked.png",
      "mask_path": "d5/uki_w1_q2_a1_d5_05_mask.png",
      "area": 3343,
      "bb_left": 264,
      "bb_top": 209,
      "bb_width": 64,
      "bb_height": 65
    }
  ]
}