{
  "path_d1": "uki_w1_r2_c2_d1.png",
  "path_d5": "uki_w1_r2_c2_d5.png",
  "masked_path_d1": "uki_w1_r2_c2_d1_masked.png",
  "masked_path_d5": "uki_w1_r2_c2_d5_masked.png",
  "mask_path_d1": "uki_w1_r2_c2_d1_mask.png",
  "mask_path_d5": "uki_w1_r2_c2_d5_mask.png",
  "metadata_path": "uki_w1_r2_c2_metadata.json",
  "week": 1,
  "shelf_row": "r",
  "shelf_column": "2",
  "well_row": "c",
  "well_column": "2",
  "num_leaves_d1": 2,
  "num_leaves_d5": 7,
  "area_d1": 6744,
  "area_d5": 18699,
  "leaves_d1": [
    {
      "masked_path": "d1/uki_w1_r2_c2_d1_01_masked.png",
      "mask_path": "d1/uki_w1_r2_c2_d1_01_mask.png",
      "area": 4546,
      "bb_left": 208,
      "bb_top": 211,
      "bb_width": 75,
      "bb_height": 80
    },
    {
      "masked_path": "d1/uki_w1_r2_c2_d1_02_masked.png",
      "mask_path": "d1/uki_w1_r2_c2_d1_02_mask.png",
      "area": 2215,
      "bb_left": 277,
      "bb_top": 228,
      "bb_width": 54,
      "bb_height": 54
    }
  ],
  "leaves_d5": [
    {
      "masked_path": "d5/uki_w1_r2_c2_d5_01_masked.png",
      "mask_path": "d5/uki_w1_r2_c2_d5_01_mask.png",
      "area": 6033,
      "bb_left": 191,
      "bb_top": 239,
      "bb_width": 79,
      "bb_height": 107
    },
    {
      "masked_path": "d5/uki_w1_r2_c2_d5_02_masked.png",
      "mask_path": "d5/uki_w1_r2_c2_d5_02_mask.png",
      "area": 2907,
      "bb_left": 164,
      "bb_top": 203,
      "bb_width": 75,
      "bb_height": 53
    },
    {
      "masked_path": "d5/uki_w1_r2_c2_d5_03_masked.png",
      "mask_path": "d5/uki_w1_r2_c2_d5_03_mask.png",
      "area": 229,
      "bb_left": 188,
      "bb_top": 254,
      "bb_width": 15,
      "bb_height": 25
    },
    {
      "masked_path": "d5/uki_w1_r2_c2_d5_04_masked.png",
      "mask_path": "d5/uki_w1_r2_c2_d5_04_mask.png",
      "area": 2550,
      "bb_left": 225,
      "bb_top": 219,
      "bb_width": 64,
      "bb_height": 60
    },
    {
      "masked_path": "d5/uki_w1_r2_c2_d5_05_masked.png",
      "mask_path": "d5/uki_w1_r2_c2_d5_05_mask.png",
      "area": 4186,
      "bb_left": 230,
      "bb_top": 166,
      "bb_width": 93,
      "bb_height": 61
    },
    {
      "masked_path": "d5/uki_w1_r2_c2_d5_06_masked.png",
      "mask_path": "d5/uki_w1_r2_c2_d5_06_mask.png",
      "area": 1313,
      "bb_left": 230,
      "bb_top": 141,
      "bb_width": 51,
      "bb_height": 39
    },
    {
      "masked_path": "d5/uki_w1_r2_c2_d5_07_masked.png",
      "mask_path": "d5/uki_w1_r2_c2_d5_07_mask.png",
      "area": 1613,
      "bb_left": 191,
      "bb_top": 167,
      "bb_width": 52,
      "bb_height": 45
    }
  ]
}