{
  "path_d1": "uki_w1_t1_d1_d1.png",
  "path_d5": "uki_w1_t1_d1_d5.png",
  "masked_path_d1": "uki_w1_t1_d1_d1_masked.png",
  "masked_path_d5": "uki_w1_t1_d1_d5_masked.png",
  "mask_path_d1": "uki_w1_t1_d1_d1_mask.png",
  "mask_path_d5": "uki_w1_t1_d1_d5_mask.png",
  "metadata_path": "uki_w1_t1_d1_metadata.json",
  "week": 1,
  "shelf_row": "t",
  "shelf_column": "1",
  "well_row": "d",
  "well_column": "1",
  "num_leaves_d1": 4,
  "num_leaves_d5": 10,
  "area_d1": 6011,
  "area_d5": 24638,
  "leaves_d1": [
    {
      "masked_path": "d1/uki_w1_t1_d1_d1_01_masked.png",
      "mask_path": "d1/uki_w1_t1_d1_d1_01_mask.png",
      "area": 1953,
      "bb_left": 215,
      "bb_top": 227,
      "bb_width": 49,
      "bb_height": 55
    },
    {
      "masked_path": "d1/uki_w1_t1_d1_d1_02_masked.png",
      "mask_path": "d1/uki_w1_t1_d1_d1_02_mask.png",
      "area": 990,
      "bb_left": 209,
      "bb_top": 271,
      "bb_width": 51,
      "bb_height": 34
    },
    {
      "masked_path": "d1/uki_w1_t1_d1_d1_03_masked.png",
      "mask_path": "d1/uki_w1_t1_d1_d1_03_mask.png",
      "area": 2512,
      "bb_left": 252,
      "bb_top": 217,
      "bb_width": 62,
      "bb_height": 52
    },
    {
      "masked_path": "d1/uki_w1_t1_d1_d1_04_masked.png",
      "mask_path": "d1/uki_w1_t1_d1_d1_04_mask.png",
      "area": 615,
      "bb_left": 207,
      "bb_top": 222,
      "bb_width": 31,
      "bb_height": 33
    }
  ],
  "leaves_d5": [
    {
      "masked_path": "d5/uki_w1_t1_d1_d5_01_masked.png",
      "mask_path": "d5/uki_w1_t1_d1_d5_01_mask.png",
      "area": 3844,
      "bb_left": 221,
      "bb_top": 176,
      "bb_width": 58,
      "bb_height": 86
    },
    {
      "masked_path": "d5/uki_w1_t1_d1_d5_02_masked.png",
      "mask_path": "d5/uki_w1_t1_d1_d5_02_mask.png",
      "area": 4223,
      "bb_left": 299,
      "bb_top": 301,
      "bb_width": 62,
      "bb_height": 85
    },
    {
      "masked_path": "d5/uki_w1_t1_d1_d5_03_masked.png",
      "mask_path": "d5/uki_w1_t1_d1_d5_03_mask.png",
      "area": 5432,
      "bb_left": 152,
      "bb_top": 235,
      "bb_width": 89,
      "bb_height": 76
    },
    {
      "masked_path": "d5/uki_w1_t1_d1_d5_04_masked.png",
      "mask_path": "d5/uki_w1_t1_d1_d5_04_mask.png",
      "area": 1751,
      "bb_left": 314,
      "bb_top": 282,
      "bb_width": 64,
      "bb_height": 49
    },
    {
      "masked_path": "d5/uki_w1_t1_d1_d5_05_masked.png",
      "mask_path": "d5/uki_w1_t1_d1_d5_05_mask.png",
      "area": 1877,
      "bb_left": 299,
      "bb_top": 241,
      "bb_width": 43,
      "bb_height": 57
    },
    {
      "masked_path": "d5/uki_w1_t1_d1_d5_06_masked.png",
      "mask_path": "d5/uki_w1_t1_d1_d5_06_mask.png",
      "area": 1365,
      "bb_left": 266,
      "bb_top": 265,
      "bb_width": 43,
      "bb_height": 45
    },
    {
      "masked_path": "d5/uki_w1_t1_d1_d5_07_masked.png",
      "mask_path": "d5/uki_w1_t1_d1_d5_07_mask.png",
      "area": 1510,
      "bb_left": 263,
      "bb_top": 213,
      "bb_width": 46,
      "bb_height": 52
    },
    {
      "masked_path": "d5/uki_w1_t1_d1_d5_08_masked.png",
      "mask_path": "d5/uki_w1_t1_d1_d5_08_mask.png",
      "area": 2043,
      "bb_left": 219,
      "bb_top": 256,
      "bb_width": 56,
      "bb_height": 58
    },
    {
      "masked_path": "d5/uki_w1_t1_d1_d5_09_masked.png",
      "mask_path": "d5/uki_w1_t1_d1_d5_09_mask.png",
      "area": 2311,
      "bb_left": 259,
      "bb_top": 303,
      "bb_width": 46,
      "bb_height": 65
    },
    {
      "masked_path": "d5/uki_w1_t1_d1_d5_10_masked.png",
      "mask_path": "d5/uki_w1_t1_d1_d5_10_mask.png",
      "area": 567,
      "bb_left": 190,
      "bb_top": 218,
      "bb_width": 40,
      "bb_height": 18
    }
  ]
}