{
  "path_d1": "uki_w1_s2_d5_d1.png",
  "path_d5": "uki_w1_s2_d5_d5.png",
  "masked_path_d1": "uki_w1_s2_d5_d1_masked.png",
  "masked_path_d5": "uki_w1_s2_d5_d5_masked.png",
  "mask_path_d1": "uki_w1_s2_d5_d1_mask.png",
  "mask_path_d5": "uki_w1_s2_d5_d5_mask.png",
  "metadata_path": "uki_w1_s2_d5_metadata.json",
  "week": 1,
  "shelf_row": "s",
  "shelf_column": "2",
  "well_row": "d",
  "well_column": "5",
  "num_leaves_d1": 3,
  "num_leaves_d5": 9,
  "area_d1": 8980,
  "area_d5": 23364,
  "leaves_d1": [
    {
      "masked_path": "d1/uki_w1_s2_d5_d1_01_masked.png",
      "mask_path": "d1/uki_w1_s2_d5_d1_01_mask.png",
      "area": 4062,
      "bb_left": 260,
      "bb_top": 250,
      "bb_width": 57,
      "bb_height": 87
    },
    {
      "masked_path": "d1/uki_w1_s2_d5_d1_02_masked.png",
      "mask_path": "d1/uki_w1_s2_d5_d1_02_mask.png",
      "area": 3332,
      "bb_left": 205,
      "bb_top": 204,
      "bb_width": 63,
      "bb_height": 73
    },
    {
      "masked_path": "d1/uki_w1_s2_d5_d1_03_masked.png",
      "mask_path": "d1/uki_w1_s2_d5_d1_03_mask.png",
      "area": 1648,
      "bb_left": 210,
      "bb_top": 261,
      "bb_width": 49,
      "bb_height": 45
    }
  ],
  "leaves_d5": [
    {
      "masked_path": "d5/uki_w1_s2_d5_d5_01_masked.png",
      "mask_path": "d5/uki_w1_s2_d5_d5_01_mask.png",
      "area": 5208,
      "bb_left": 162,
      "bb_top": 191,
      "bb_width": 102,
      "bb_height": 65
    },
    {
      "masked_path": "d5/uki_w1_s2_d5_d5_02_masked.png",
      "mask_path": "d5/uki_w1_s2_d5_d5_02_mask.png",
      "area": 3673,
      "bb_left": 208,
      "bb_top": 241,
      "bb_width": 71,
      "bb_height": 69
    },
    {
      "masked_path": "d5/uki_w1_s2_d5_d5_03_masked.png",
      "mask_path": "d5/uki_w1_s2_d5_d5_03_mask.png",
      "area": 3655,
      "bb_left": 263,
      "bb_top": 267,
      "bb_width": 70,
      "bb_height": 71
    },
    {
      "masked_path": "d5/uki_w1_s2_d5_d5_04_masked.png",
      "mask_path": "d5/uki_w1_s2_d5_d5_04_mask.png",
      "area": 2702,
      "bb_left": 328,
      "bb_top": 265,
      "bb_width": 59,
      "bb_height": 59
    },
    {
      "masked_path": "d5/uki_w1_s2_d5_d5_05_masked.png",
      "mask_path": "d5/uki_w1_s2_d5_d5_05_mask.png",
      "area": 3281,
      "bb_left": 316,
      "bb_top": 211,
      "bb_width": 67,
      "bb_height": 58
    },
    {
      "masked_path": "d5/uki_w1_s2_d5_d5_06_masked.png",
      "mask_path": "d5/uki_w1_s2_d5_d5_06_mask.png",
      "area": 103,
      "bb_left": 323,
      "bb_top": 206,
      "bb_width": 21,
      "bb_height": 13
    },
    {
      "masked_path": "d5/uki_w1_s2_d5_d5_07_masked.png",
      "mask_path": "d5/uki_w1_s2_d5_d5_07_mask.png",
      "area": 2968,
      "bb_left": 275,
      "bb_top": 174,
      "bb_width": 51,
      "bb_height": 79
    },
    {
      "masked_path": "d5/uki_w1_s2_d5_d5_08_masked.png",
      "mask_path": "d5/uki_w1_s2_d5_d5_08_mask.png",
      "area": 514,
      "bb_left": 274,
      "bb_top": 230,
      "bb_width": 32,
      "bb_height": 29
    },
    {
      "masked_path": "d5/uki_w1_s2_d5_d5_09_masked.png",
      "mask_path": "d5/uki_w1_s2_d5_d5_09_mask.png",
      "area": 1359,
      "bb_left": 225,
      "bb_top": 178,
      "bb_width": 50,
      "bb_height": 48
    }
  ]
}