{
  "path_d1": "uki_w1_t1_c5_d1.png",
  "path_d5": "uki_w1_t1_c5_d5.png",
  "masked_path_d1": "uki_w1_t1_c5_d1_masked.png",
  "masked_path_d5": "uki_w1_t1_c5_d5_masked.png",
  "mask_path_d1": "uki_w1_t1_c5_d1_mask.png",
  "mask_path_d5": "uki_w1_t1_c5_d5_mask.png",
  "metadata_path": "uki_w1_t1_c5_metadata.json",
  "week": 1,
  "shelf_row": "t",
  "shelf_column": "1",
  "well_row": "c",
  "well_column": "5",
  "num_leaves_d1": 3,
  "num_leaves_d5": 9,
  "area_d1": 7885,
  "area_d5": 28784,
  "leaves_d1": [
    {
      "masked_path": "d1/uki_w1_t1_c5_d1_01_masked.png",
      "mask_path": "d1/uki_w1_t1_c5_d1_01_mask.png",
      "area": 3141,
      "bb_left": 226,
      "bb_top": 275,
      "bb_width": 80,
      "bb_height": 53
    },
    {
      "masked_path": "d1/uki_w1_t1_c5_d1_02_masked.png",
      "mask_path": "d1/uki_w1_t1_c5_d1_02_mask.png",
      "area": 547,
      "bb_left": 222,
      "bb_top": 298,
      "bb_width": 32,
      "bb_height": 32
    },
    {
      "masked_path": "d1/uki_w1_t1_c5_d1_03_masked.png",
      "mask_path": "d1/uki_w1_t1_c5_d1_03_mask.png",
      "area": 4216,
      "bb_left": 220,
      "bb_top": 200,
      "bb_width": 66,
      "bb_height": 85
    }
  ],
  "leaves_d5": [
    {
      "masked_path": "d5/uki_w1_t1_c5_d5_01_masked.png",
      "mask_path": "d5/uki_w1_t1_c5_d5_01_mask.png",
      "area": 3484,
      "bb_left": 164,
      "bb_top": 212,
      "bb_width": 80,
      "bb_height": 57
    },
    {
      "masked_path": "d5/uki_w1_t1_c5_d5_02_masked.png",
      "mask_path": "d5/uki_w1_t1_c5_d5_02_mask.png",
      "area": 6349,
      "bb_left": 197,
      "bb_top": 295,
      "bb_width": 88,
      "bb_height": 88
    },
    {
      "masked_path": "d5/uki_w1_t1_c5_d5_03_masked.png",
      "mask_path": "d5/uki_w1_t1_c5_d5_03_mask.png",
      "area": 5033,
      "bb_left": 129,
      "bb_top": 288,
      "bb_width": 80,
      "bb_height": 96
    },
    {
      "masked_path": "d5/uki_w1_t1_c5_d5_04_masked.png",
      "mask_path": "d5/uki_w1_t1_c5_d5_04_mask.png",
      "area": 3785,
      "bb_left": 268,
      "bb_top": 244,
      "bb_width": 57,
      "bb_height": 86
    },
    {
      "masked_path": "d5/uki_w1_t1_c5_d5_05_masked.png",
      "mask_path": "d5/uki_w1_t1_c5_d5_05_mask.png",
      "area": 2221,
      "bb_left": 279,
      "bb_top": 212,
      "bb_width": 59,
      "bb_height": 54
    },
    {
      "masked_path": "d5/uki_w1_t1_c5_d5_06_masked.png",
      "mask_path": "d5/uki_w1_t1_c5_d5_06_mask.png",
      "area": 267,
      "bb_left": 257,
      "bb_top": 258,
      "bb_width": 13,
      "bb_height": 25
    },
    {
      "masked_path": "d5/uki_w1_t1_c5_d5_07_masked.png",
      "mask_path": "d5/uki_w1_t1_c5_d5_07_mask.png",
      "area": 4914,
      "bb_left": 212,
      "bb_top": 172,
      "bb_width": 93,
      "bb_height": 78
    },
    {
      "masked_path": "d5/uki_w1_t1_c5_d5_08_masked.png",
      "mask_path": "d5/uki_w1_t1_c5_d5_08_mask.png",
      "area": 879,
      "bb_left": 206,
      "bb_top": 254,
      "bb_width": 41,
      "bb_height": 34
    },
    {
      "masked_path": "d5/uki_w1_t1_c5_d5_09_masked.png",
      "mask_path": "d5/uki_w1_t1_c5_d5_09_mask.png",
      "area": 2064,
      "bb_left": 137,
      "bb_top": 260,
      "bb_width": 61,
      "bb_height": 56
    }
  ]
}