{
  "path_d1": "uki_w1_r1_a1_d1.png",
  "path_d5": "uki_w1_r1_a1_d5.png",
  "masked_path_d1": "uki_w1_r1_a1_d1_masked.png",
  "masked_path_d5": "uki_w1_r1_a1_d5_masked.png",
  "mask_path_d1": "uki_w1_r1_a1_d1_mask.png",
  "mask_path_d5": "uki_w1_r1_a1_d5_mask.png",
  "metadata_path": "uki_w1_r1_a1_metadata.json",
  "week": 1,
  "shelf_row": "r",
  "shelf_column": "1",
  "well_row": "a",
  "well_column": "1",
  "num_leaves_d1": 2,
  "num_leaves_d5": 6,
  "area_d1": 5452,
  "area_d5": 11225,
  "leaves_d1": [
    {
      "masked_path": "d1/uki_w1_r1_a1_d1_01_masked.png",
      "mask_path": "d1/uki_w1_r1_a1_d1_01_mask.png",
      "area": 3190,
      "bb_left": 234,
      "bb_top": 241,
      "bb_width": 60,
      "bb_height": 67
    },
    {
      "masked_path": "d1/uki_w1_r1_a1_d1_02_masked.png",
      "mask_path": "d1/uki_w1_r1_a1_d1_02_mask.png",
      "area": 2289,
      "bb_left": 192,
      "bb_top": 222,
      "bb_width": 74,
      "bb_height": 50
    }
  ],
  "leaves_d5": [
    {
      "masked_path": "d5/uki_w1_r1_a1_d5_01_masked.png",
      "mask_path": "d5/uki_w1_r1_a1_d5_01_mask.png",
      "area": 2741,
      "bb_left": 219,
      "bb_top": 254,
      "bb_width": 59,
      "bb_height": 57
    },
    {
      "masked_path": "d5/uki_w1_r1_a1_d5_02_masked.png",
      "mask_path": "d5/uki_w1_r1_a1_d5_02_mask.png",
      "area": 2727,
      "bb_left": 276,
      "bb_top": 215,
      "bb_width": 52,
      "bb_height": 71
    },
    {
      "masked_path": "d5/uki_w1_r1_a1_d5_03_masked.png",
      "mask_path": "d5/uki_w1_r1_a1_d5_03_mask.png",
      "area": 3107,
      "bb_left": 200,
      "bb_top": 203,
      "bb_width": 75,
      "bb_height": 57
    },
    {
      "masked_path": "d5/uki_w1_r1_a1_d5_04_masked.png",
      "mask_path": "d5/uki_w1_r1_a1_d5_04_mask.png",
      "area": 121,
      "bb_left": 265,
      "bb_top": 225,
      "bb_width": 14,
      "bb_height": 19
    },
    {
      "masked_path": "d5/uki_w1_r1_a1_d5_05_masked.png",
      "mask_path": "d5/uki_w1_r1_a1_d5_05_mask.png",
      "area": 2308,
      "bb_left": 283,
      "bb_top": 269,
      "bb_width": 56,
      "bb_height": 55
    },
    {
      "masked_path": "d5/uki_w1_r1_a1_d5_06_masked.png",
      "mask_path": "d5/uki_w1_r1_a1_d5_06_mask.png",
      "area": 247,
      "bb_left": 316,
      "bb_top": 259,
      "bb_width": 18,
      "bb_height": 22
    }
  ]
}