{
  "path_d1": "uki_w1_r2_a1_d1.png",
  "path_d5": "uki_w1_r2_a1_d5.png",
  "masked_path_d1": "uki_w1_r2_a1_d1_masked.png",
  "masked_path_d5": "uki_w1_r2_a1_d5_masked.png",
  "mask_path_d1": "uki_w1_r2_a1_d1_mask.png",
  "mask_path_d5": "uki_w1_r2_a1_d5_mask.png",
  "metadata_path": "uki_w1_r2_a1_metadata.json",
  "week": 1,
  "shelf_row": "r",
  "shelf_column": "2",
  "well_row": "a",
  "well_column": "1",
  "num_leaves_d1": 2,
  "num_leaves_d5": 10,
  "area_d1": 7413,
  "area_d5": 28453,
  "leaves_d1": [
    {
      "masked_path": "d1/uki_w1_r2_a1_d1_01_masked.png",
      "mask_path": "d1/uki_w1_r2_a1_d1_01_mask.png",
      "area": 3801,
      "bb_left": 181,
      "bb_top": 232,
      "bb_width": 71,
      "bb_height": 65
    },
    {
      "masked_path": "d1/uki_w1_r2_a1_d1_02_masked.png",
      "mask_path": "d1/uki_w1_r2_a1_d1_02_mask.png",
      "area": 3677,
      "bb_left": 251,
      "bb_top": 212,
      "bb_width": 61,
      "bb_height": 81
    }
  ],
  "leaves_d5": [
    {
      "masked_path": "d5/uki_w1_r2_a1_d5_01_masked.png",
      "mask_path": "d5/uki_w1_r2_a1_d5_01_mask.png",
      "area": 5813,
      "bb_left": 152,
      "bb_top": 109,
      "bb_width": 89,
      "bb_height": 85
    },
    {
      "masked_path": "d5/uki_w1_r2_a1_d5_02_masked.png",
      "mask_path": "d5/uki_w1_r2_a1_d5_02_mask.png",
      "area": 2565,
      "bb_left": 202,
      "bb_top": 150,
      "bb_width": 60,
      "bb_height": 74
    },
    {
      "masked_path": "d5/uki_w1_r2_a1_d5_03_masked.png",
      "mask_path": "d5/uki_w1_r2_a1_d5_03_mask.png",
      "area": 345,
      "bb_left": 235,
      "bb_top": 132,
      "bb_width": 17,
      "bb_height": 37
    },
    {
      "masked_path": "d5/uki_w1_r2_a1_d5_04_masked.png",
      "mask_path": "d5/uki_w1_r2_a1_d5_04_mask.png",
      "area": 4826,
      "bb_left": 254,
      "bb_top": 110,
      "bb_width": 73,
      "bb_height": 90
    },
    {
      "masked_path": "d5/uki_w1_r2_a1_d5_05_masked.png",
      "mask_path": "d5/uki_w1_r2_a1_d5_05_mask.png",
      "area": 3099,
      "bb_left": 267,
      "bb_top": 173,
      "bb_width": 67,
      "bb_height": 64
    },
    {
      "masked_path": "d5/uki_w1_r2_a1_d5_06_masked.png",
      "mask_path": "d5/uki_w1_r2_a1_d5_06_mask.png",
      "area": 5009,
      "bb_left": 275,
      "bb_top": 301,
      "bb_width": 73,
      "bb_height": 90
    },
    {
      "masked_path": "d5/uki_w1_r2_a1_d5_07_masked.png",
      "mask_path": "d5/uki_w1_r2_a1_d5_07_mask.png",
      "area": 139,
      "bb_left": 274,
      "bb_top": 306,
      "bb_width": 11,
      "bb_height": 24
    },
    {
      "masked_path": "d5/uki_w1_r2_a1_d5_08_masked.png",
      "mask_path": "d5/uki_w1_r2_a1_d5_08_mask.png",
      "area": 1909,
      "bb_left": 298,
      "bb_top": 281,
      "bb_width": 64,
      "bb_height": 53
    },
    {
      "masked_path": "d5/uki_w1_r2_a1_d5_09_masked.png",
      "mask_path": "d5/uki_w1_r2_a1_d5_09_mask.png",
      "area": 3323,
      "bb_left": 272,
      "bb_top": 235,
      "bb_width": 65,
      "bb_height": 73
    },
    {
      "masked_path": "d5/uki_w1_r2_a1_d5_10_masked.png",
      "mask_path": "d5/uki_w1_r2_a1_d5_10_mask.png",
      "area": 1631,
      "bb_left": 238,
      "bb_top": 258,
      "bb_width": 40,
      "bb_height": 54
    }
  ]
}