{
  "path_d1": "uki_w1_t3_d4_d1.png",
  "path_d5": "uki_w1_t3_d4_d5.png",
  "masked_path_d1": "uki_w1_t3_d4_d1_masked.png",
  "masked_path_d5": "uki_w1_t3_d4_d5_masked.png",
  "mask_path_d1": "uki_w1_t3_d4_d1_mask.png",
  "mask_path_d5": "uki_w1_t3_d4_d5_mask.png",
  "metadata_path": "uki_w1_t3_d4_metadata.json",
  "week": 1,
  "shelf_row": "t",
  "shelf_column": "3",
  "well_row": "d",
  "well_column": "4",
  "num_leaves_d1": 2,
  "num_leaves_d5": 7,
  "area_d1": 3572,
  "area_d5": 19049,
  "leaves_d1": [
    {
      "masked_path": "d1/uki_w1_t3_d4_d1_01_masked.png",
      "mask_path": "d1/uki_w1_t3_d4_d1_01_mask.png",
      "area": 2240,
      "bb_left": 238,
      "bb_top": 237,
      "bb_width": 42,
      "bb_height": 69
    },
    {
      "masked_path": "d1/uki_w1_t3_d4_d1_02_masked.png",
      "mask_path": "d1/uki_w1_t3_d4_d1_02_mask.png",
      "area": 1349,
      "bb_left": 217,
      "bb_top": 222,
      "bb_width": 44,
      "bb_height": 44
    }
  ],
  "leaves_d5": [
    {
      "masked_path": "d5/uki_w1_t3_d4_d5_01_masked.png",
      "mask_path": "d5/uki_w1_t3_d4_d5_01_mask.png",
      "area": 3930,
      "bb_left": 211,
      "bb_top": 241,
      "bb_width": 83,
      "bb_height": 68
    },
    {
      "masked_path": "d5/uki_w1_t3_d4_d5_02_masked.png",
      "mask_path": "d5/uki_w1_t3_d4_d5_02_mask.png",
      "area": 920,
      "bb_left": 295,
      "bb_top": 315,
      "bb_width": 31,
      "bb_height": 35
    },
    {
      "masked_path": "d5/uki_w1_t3_d4_d5_03_masked.png",
      "mask_path": "d5/uki_w1_t3_d4_d5_03_mask.png",
      "area": 2420,
      "bb_left": 314,
      "bb_top": 302,
      "bb_width": 61,
      "bb_height": 61
    },
    {
      "masked_path": "d5/uki_w1_t3_d4_d5_04_masked.png",
      "mask_path": "d5/uki_w1_t3_d4_d5_04_mask.png",
      "area": 838,
      "bb_left": 249,
      "bb_top": 305,
      "bb_width": 34,
      "bb_height": 31
    },
    {
      "masked_path": "d5/uki_w1_t3_d4_d5_05_masked.png",
      "mask_path": "d5/uki_w1_t3_d4_d5_05_mask.png",
      "area": 4918,
      "bb_left": 189,
      "bb_top": 292,
      "bb_width": 83,
      "bb_height": 84
    },
    {
      "masked_path": "d5/uki_w1_t3_d4_d5_06_masked.png",
      "mask_path": "d5/uki_w1_t3_d4_d5_06_mask.png",
      "area": 3526,
      "bb_left": 323,
      "bb_top": 253,
      "bb_width": 70,
      "bb_height": 65
    },
    {
      "masked_path": "d5/uki_w1_t3_d4_d5_07_masked.png",
      "mask_path": "d5/uki_w1_t3_d4_d5_07_mask.png",
      "area": 2646,
      "bb_left": 270,
      "bb_top": 234,
      "bb_width": 59,
      "bb_height": 66
    }
  ]
}