{
  "path_d1": "uki_w1_p1_d5_d1.png",
  "path_d5": "uki_w1_p1_d5_d5.png",
  "masked_path_d1": "uki_w1_p1_d5_d1_masked.png",
  "masked_path_d5": "uki_w1_p1_d5_d5_masked.png",
  "mask_path_d1": "uki_w1_p1_d5_d1_mask.png",
  "mask_path_d5": "uki_w1_p1_d5_d5_mask.png",
  "metadata_path": "uki_w1_p1_d5_metadata.json",
  "week": 1,
  "shelf_row": "p",
  "shelf_column": "1",
  "well_row": "d",
  "well_column": "5",
  "num_leaves_d1": 2,
  "num_leaves_d5": 2,
  "area_d1": 5881,
  "area_d5": 3309,
  "leaves_d1": [
    {
      "masked_path": "d1/uki_w1_p1_d5_d1_01_masked.png",
      "mask_path": "d1/uki_w1_p1_d5_d1_01_mask.png",
      "area": 4139,
      "bb_left": 232,
      "bb_top": 226,
      "bb_width": 78,
      "bb_height": 70
    },
    {
      "masked_path": "d1/uki_w1_p1_d5_d1_02_masked.png",
      "mask_path": "d1/uki_w1_p1_d5_d1_02_mask.png",
      "area": 1742,
      "bb_left": 201,
      "bb_top": 231,
      "bb_width": 43,
      "bb_height": 56
    }
  ],
  "leaves_d5": [
    {
      "masked_path": "d5/uki_w1_p1_d5_d5_01_masked.png",
      "mask_path": "d5/uki_w1_p1_d5_d5_01_mask.png",
      "area": 2078,
      "bb_left": 191,
      "bb_top": 156,
      "bb_width": 63,
      "bb_height": 40
    },
    {
      "masked_path": "d5/uki_w1_p1_d5_d5_02_masked.png",
      "mask_path": "d5/uki_w1_p1_d5_d5_02_mask.png",
      "area": 1249,
      "bb_left": 167,
      "bb_top": 165,
      "bb_width": 41,
      "bb_height": 54
    }
  ]
}