{
  "path_d1": "uki_w1_s3_c2_d1.png",
  "path_d5": "uki_w1_s3_c2_d5.png",
  "masked_path_d1": "uki_w1_s3_c2_d1_masked.png",
  "masked_path_d5": "uki_w1_s3_c2_d5_masked.png",
  "mask_path_d1": "uki_w1_s3_c2_d1_mask.png",
  "mask_path_d5": "uki_w1_s3_c2_d5_mask.png",
  "metadata_path": "uki_w1_s3_c2_metadata.json",
  "week": 1,
  "shelf_row": "s",
  "shelf_column": "3",
  "well_row": "c",
  "well_column": "2",
  "num_leaves_d1": 4,
  "num_leaves_d5": 11,
  "area_d1": 7028,
  "area_d5": 32780,
  "leaves_d1": [
    {
      "masked_path": "d1/uki_w1_s3_c2_d1_01_masked.png",
      "mask_path": "d1/uki_w1_s3_c2_d1_01_mask.png",
      "area": 4165,
      "bb_left": 237,
      "bb_top": 230,
      "bb_width": 61,
      "bb_height": 84
    },
    {
      "masked_path": "d1/uki_w1_s3_c2_d1_02_masked.png",
      "mask_path": "d1/uki_w1_s3_c2_d1_02_mask.png",
      "area": 2202,
      "bb_left": 206,
      "bb_top": 203,
      "bb_width": 69,
      "bb_height": 43
    },
    {
      "masked_path": "d1/uki_w1_s3_c2_d1_03_masked.png",
      "mask_path": "d1/uki_w1_s3_c2_d1_03_mask.png",
      "area": 448,
      "bb_left": 241,
      "bb_top": 189,
      "bb_width": 31,
      "bb_height": 24
    },
    {
      "masked_path": "d1/uki_w1_s3_c2_d1_04_masked.png",
      "mask_path": "d1/uki_w1_s3_c2_d1_04_mask.png",
      "area": 259,
      "bb_left": 269,
      "bb_top": 220,
      "bb_width": 20,
      "bb_height": 24
    }
  ],
  "leaves_d5": [
    {
      "masked_path": "d5/uki_w1_s3_c2_d5_01_masked.png",
      "mask_path": "d5/uki_w1_s3_c2_d5_01_mask.png",
      "area": 6005,
      "bb_left": 142,
      "bb_top": 228,
      "bb_width": 94,
      "bb_height": 84
    },
    {
      "masked_path": "d5/uki_w1_s3_c2_d5_02_masked.png",
      "mask_path": "d5/uki_w1_s3_c2_d5_02_mask.png",
      "area": 3505,
      "bb_left": 216,
      "bb_top": 236,
      "bb_width": 65,
      "bb_height": 77
    },
    {
      "masked_path": "d5/uki_w1_s3_c2_d5_03_masked.png",
      "mask_path": "d5/uki_w1_s3_c2_d5_03_mask.png",
      "area": 1135,
      "bb_left": 170,
      "bb_top": 205,
      "bb_width": 53,
      "bb_height": 34
    },
    {
      "masked_path": "d5/uki_w1_s3_c2_d5_04_masked.png",
      "mask_path": "d5/uki_w1_s3_c2_d5_04_mask.png",
      "area": 4272,
      "bb_left": 193,
      "bb_top": 147,
      "bb_width": 75,
      "bb_height": 76
    },
    {
      "masked_path": "d5/uki_w1_s3_c2_d5_05_masked.png",
      "mask_path": "d5/uki_w1_s3_c2_d5_05_mask.png",
      "area": 463,
      "bb_left": 235,
      "bb_top": 217,
      "bb_width": 33,
      "bb_height": 20
    },
    {
      "masked_path": "d5/uki_w1_s3_c2_d5_06_masked.png",
      "mask_path": "d5/uki_w1_s3_c2_d5_06_mask.png",
      "area": 3991,
      "bb_left": 256,
      "bb_top": 146,
      "bb_width": 73,
      "bb_height": 73
    },
    {
      "masked_path": "d5/uki_w1_s3_c2_d5_07_masked.png",
      "mask_path": "d5/uki_w1_s3_c2_d5_07_mask.png",
      "area": 2470,
      "bb_left": 267,
      "bb_top": 215,
      "bb_width": 55,
      "bb_height": 58
    },
    {
      "masked_path": "d5/uki_w1_s3_c2_d5_08_masked.png",
      "mask_path": "d5/uki_w1_s3_c2_d5_08_mask.png",
      "area": 4595,
      "bb_left": 336,
      "bb_top": 245,
      "bb_width": 71,
      "bb_height": 86
    },
    {
      "masked_path": "d5/uki_w1_s3_c2_d5_09_masked.png",
      "mask_path": "d5/uki_w1_s3_c2_d5_09_mask.png",
      "area": 2085,
      "bb_left": 309,
      "bb_top": 186,
      "bb_width": 43,
      "bb_height": 68
    },
    {
      "masked_path": "d5/uki_w1_s3_c2_d5_10_masked.png",
      "mask_path": "d5/uki_w1_s3_c2_d5_10_mask.png",
      "area": 3585,
      "bb_left": 350,
      "bb_top": 207,
      "bb_width": 76,
      "bb_height": 68
    },
    {
      "masked_path": "d5/uki_w1_s3_c2_d5_11_masked.png",
      "mask_path": "d5/uki_w1_s3_c2_d5_11_mask.png",
      "area": 875,
      "bb_left": 316,
      "bb_top": 255,
      "bb_width": 27,
      "bb_height": 46
    }
  ]
}