{
  "path_d1": "uki_w1_s2_a6_d1.png",
  "path_d5": "uki_w1_s2_a6_d5.png",
  "masked_path_d1": "uki_w1_s2_a6_d1_masked.png",
  "masked_path_d5": "uki_w1_s2_a6_d5_masked.png",
  "mask_path_d1": "uki_w1_s2_a6_d1_mask.png",
  "mask_path_d5": "uki_w1_s2_a6_d5_mask.png",
  "metadata_path": "uki_w1_s2_a6_metadata.json",
  "week": 1,
  "shelf_row": "s",
  "shelf_column": "2",
  "well_row": "a",
  "well_column": "6",
  "num_leaves_d1": 2,
  "num_leaves_d5": 3,
  "area_d1": 4693,
  "area_d5": 6188,
  "leaves_d1": [
    {
      "masked_path": "d1/uki_w1_s2_a6_d1_01_masked.png",
      "mask_path": "d1/uki_w1_s2_a6_d1_01_mask.png",
      "area": 3519,
      "bb_left": 229,
      "bb_top": 210,
      "bb_width": 79,
      "bb_height": 57
    },
    {
      "masked_path": "d1/uki_w1_s2_a6_d1_02_masked.png",
      "mask_path": "d1/uki_w1_s2_a6_d1_02_mask.png",
      "area": 1180,
      "bb_left": 227,
      "bb_top": 264,
      "bb_width": 40,
      "bb_height": 37
    }
  ],
  "leaves_d5": [
    {
      "masked_path": "d5/uki_w1_s2_a6_d5_01_masked.png",
      "mask_path": "d5/uki_w1_s2_a6_d5_01_mask.png",
      "area": 3533,
      "bb_left": 214,
      "bb_top": 211,
      "bb_width": 64,
      "bb_height": 70
    },
    {
      "masked_path": "d5/uki_w1_s2_a6_d5_02_masked.png",
      "mask_path": "d5/uki_w1_s2_a6_d5_02_mask.png",
      "area": 1416,
      "bb_left": 276,
      "bb_top": 227,
      "bb_width": 40,
      "bb_height": 40
    },
    {
      "masked_path": "d5/uki_w1_s2_a6_d5_03_masked.png",
      "mask_path": "d5/uki_w1_s2_a6_d5_03_mask.png",
      "area": 1260,
      "bb_left": 249,
      "bb_top": 265,
      "bb_width": 42,
      "bb_height": 44
    }
  ]
}