{
  "path_d1": "uki_w1_s4_c3_d1.png",
  "path_d5": "uki_w1_s4_c3_d5.png",
  "masked_path_d1": "uki_w1_s4_c3_d1_masked.png",
  "masked_path_d5": "uki_w1_s4_c3_d5_masked.png",
  "mask_path_d1": "uki_w1_s4_c3_d1_mask.png",
  "mask_path_d5": "uki_w1_s4_c3_d5_mask.png",
  "metadata_path": "uki_w1_s4_c3_metadata.json",
  "week": 1,
  "shelf_row": "s",
  "shelf_column": "4",
  "well_row": "c",
  "well_column": "3",
  "num_leaves_d1": 3,
  "num_leaves_d5": 6,
  "area_d1": 6705,
  "area_d5": 17240,
  "leaves_d1": [
    {
      "masked_path": "d1/uki_w1_s4_c3_d1_01_masked.png",
      "mask_path": "d1/uki_w1_s4_c3_d1_01_mask.png",
      "area": 3526,
      "bb_left": 211,
      "bb_top": 189,
      "bb_width": 66,
      "bb_height": 77
    },
    {
      "masked_path": "d1/uki_w1_s4_c3_d1_02_masked.png",
      "mask_path": "d1/uki_w1_s4_c3_d1_02_mask.png",
      "area": 2963,
      "bb_left": 222,
      "bb_top": 256,
      "bb_width": 55,
      "bb_height": 67
    },
    {
      "masked_path": "d1/uki_w1_s4_c3_d1_03_masked.png",
      "mask_path": "d1/uki_w1_s4_c3_d1_03_mask.png",
      "area": 225,
      "bb_left": 249,
      "bb_top": 248,
      "bb_width": 19,
      "bb_height": 18
    }
  ],
  "leaves_d5": [
    {
      "masked_path": "d5/uki_w1_s4_c3_d5_01_masked.png",
      "mask_path": "d5/uki_w1_s4_c3_d5_01_mask.png",
      "area": 3319,
      "bb_left": 200,
      "bb_top": 195,
      "bb_width": 74,
      "bb_height": 60
    },
    {
      "masked_path": "d5/uki_w1_s4_c3_d5_02_masked.png",
      "mask_path": "d5/uki_w1_s4_c3_d5_02_mask.png",
      "area": 4063,
      "bb_left": 173,
      "bb_top": 291,
      "bb_width": 84,
      "bb_height": 66
    },
    {
      "masked_path": "d5/uki_w1_s4_c3_d5_03_masked.png",
      "mask_path": "d5/uki_w1_s4_c3_d5_03_mask.png",
      "area": 4779,
      "bb_left": 251,
      "bb_top": 215,
      "bb_width": 71,
      "bb_height": 93
    },
    {
      "masked_path": "d5/uki_w1_s4_c3_d5_04_masked.png",
      "mask_path": "d5/uki_w1_s4_c3_d5_04_mask.png",
      "area": 1215,
      "bb_left": 271,
      "bb_top": 198,
      "bb_width": 47,
      "bb_height": 39
    },
    {
      "masked_path": "d5/uki_w1_s4_c3_d5_05_masked.png",
      "mask_path": "d5/uki_w1_s4_c3_d5_05_mask.png",
      "area": 2052,
      "bb_left": 166,
      "bb_top": 249,
      "bb_width": 54,
      "bb_height": 49
    },
    {
      "masked_path": "d5/uki_w1_s4_c3_d5_06_masked.png",
      "mask_path": "d5/uki_w1_s4_c3_d5_06_mask.png",
      "area": 1896,
      "bb_left": 226,
      "bb_top": 157,
      "bb_width": 55,
      "bb_height": 43
    }
  ]
}