{
  "path_d1": "uki_w1_q4_b2_d1.png",
  "path_d5": "uki_w1_q4_b2_d5.png",
  "masked_path_d1": "uki_w1_q4_b2_d1_masked.png",
  "masked_path_d5": "uki_w1_q4_b2_d5_masked.png",
  "mask_path_d1": "uki_w1_q4_b2_d1_mask.png",
  "mask_path_d5": "uki_w1_q4_b2_d5_mask.png",
  "metadata_path": "uki_w1_q4_b2_metadata.json",
  "week": 1,
  "shelf_row": "q",
  "shelf_column": "4",
  "well_row": "b",
  "well_column": "2",
  "num_leaves_d1": 2,
  "num_leaves_d5": 6,
  "area_d1": 4957,
  "area_d5": 13783,
  "leaves_d1": [
    {
      "masked_path": "d1/uki_w1_q4_b2_d1_01_masked.png",
      "mask_path": "d1/uki_w1_q4_b2_d1_01_mask.png",
      "area": 3397,
      "bb_left": 236,
      "bb_top": 200,
      "bb_width": 51,
      "bb_height": 83
    },
    {
      "masked_path": "d1/uki_w1_q4_b2_d1_02_masked.png",
      "mask_path": "d1/uki_w1_q4_b2_d1_02_mask.png",
      "area": 1589,
      "bb_left": 213,
      "bb_top": 254,
      "bb_width": 50,
      "bb_height": 50
    }
  ],
  "leaves_d5": [
    {
      "masked_path": "d5/uki_w1_q4_b2_d5_01_masked.png",
      "mask_path": "d5/uki_w1_q4_b2_d5_01_mask.png",
      "area": 5316,
      "bb_left": 240,
      "bb_top": 220,
      "bb_width": 74,
      "bb_height": 99
    },
    {
      "masked_path": "d5/uki_w1_q4_b2_d5_02_masked.png",
      "mask_path": "d5/uki_w1_q4_b2_d5_02_mask.png",
      "area": 384,
      "bb_left": 272,
      "bb_top": 219,
      "bb_width": 31,
      "bb_height": 27
    },
    {
      "masked_path": "d5/uki_w1_q4_b2_d5_03_masked.png",
      "mask_path": "d5/uki_w1_q4_b2_d5_03_mask.png",
      "area": 2703,
      "bb_left": 200,
      "bb_top": 203,
      "bb_width": 73,
      "bb_height": 58
    },
    {
      "masked_path": "d5/uki_w1_q4_b2_d5_04_masked.png",
      "mask_path": "d5/uki_w1_q4_b2_d5_04_mask.png",
      "area": 3215,
      "bb_left": 283,
      "bb_top": 150,
      "bb_width": 61,
      "bb_height": 75
    },
    {
      "masked_path": "d5/uki_w1_q4_b2_d5_05_masked.png",
      "mask_path": "d5/uki_w1_q4_b2_d5_05_mask.png",
      "area": 94,
      "bb_left": 306,
      "bb_top": 212,
      "bb_width": 16,
      "bb_height": 11
    },
    {
      "masked_path": "d5/uki_w1_q4_b2_d5_06_masked.png",
      "mask_path": "d5/uki_w1_q4_b2_d5_06_mask.png",
      "area": 2118,
      "bb_left": 226,
      "bb_top": 163,
      "bb_width": 58,
      "bb_height": 48
    }
  ]
}