{
  "path_d1": "uki_w1_s2_d1_d1.png",
  "path_d5": "uki_w1_s2_d1_d5.png",
  "masked_path_d1": "uki_w1_s2_d1_d1_masked.png",
  "masked_path_d5": "uki_w1_s2_d1_d5_masked.png",
  "mask_path_d1": "uki_w1_s2_d1_d1_mask.png",
  "mask_path_d5": "uki_w1_s2_d1_d5_mask.png",
  "metadata_path": "uki_w1_s2_d1_metadata.json",
  "week": 1,
  "shelf_row": "s",
  "shelf_column": "2",
  "well_row": "d",
  "well_column": "1",
  "num_leaves_d1": 2,
  "num_leaves_d5": 4,
  "area_d1": 7178,
  "area_d5": 7690,
  "leaves_d1": [
    {
      "masked_path": "d1/uki_w1_s2_d1_d1_01_masked.png",
      "mask_path": "d1/uki_w1_s2_d1_d1_01_mask.png",
      "area": 4393,
      "bb_left": 222,
      "bb_top": 241,
      "bb_width": 94,
      "bb_height": 60
    },
    {
      "masked_path": "d1/uki_w1_s2_d1_d1_02_masked.png",
      "mask_path": "d1/uki_w1_s2_d1_d1_02_mask.png",
      "area": 2810,
      "bb_left": 191,
      "bb_top": 214,
      "bb_width": 60,
      "bb_height": 71
    }
  ],
  "leaves_d5": [
    {
      "masked_path": "d5/uki_w1_s2_d1_d5_01_masked.png",
      "mask_path": "d5/uki_w1_s2_d1_d5_01_mask.png",
      "area": 3928,
      "bb_left": 240,
      "bb_top": 196,
      "bb_width": 57,
      "bb_height": 88
    },
    {
      "masked_path": "d5/uki_w1_s2_d1_d5_02_masked.png",
      "mask_path": "d5/uki_w1_s2_d1_d5_02_mask.png",
      "area": 3137,
      "bb_left": 201,
      "bb_top": 256,
      "bb_width": 70,
      "bb_height": 63
    },
    {
      "masked_path": "d5/uki_w1_s2_d1_d5_03_masked.png",
      "mask_path": "d5/uki_w1_s2_d1_d5_03_mask.png",
      "area": 523,
      "bb_left": 292,
      "bb_top": 239,
      "bb_width": 20,
      "bb_height": 34
    },
    {
      "masked_path": "d5/uki_w1_s2_d1_d5_04_masked.png",
      "mask_path": "d5/uki_w1_s2_d1_d5_04_mask.png",
      "area": 142,
      "bb_left": 270,
      "bb_top": 283,
      "bb_width": 15,
      "bb_height": 12
    }
  ]
}