{
  "path_d1": "uki_w1_q3_c1_d1.png",
  "path_d5": "uki_w1_q3_c1_d5.png",
  "masked_path_d1": "uki_w1_q3_c1_d1_masked.png",
  "masked_path_d5": "uki_w1_q3_c1_d5_masked.png",
  "mask_path_d1": "uki_w1_q3_c1_d1_mask.png",
  "mask_path_d5": "uki_w1_q3_c1_d5_mask.png",
  "metadata_path": "uki_w1_q3_c1_metadata.json",
  "week": 1,
  "shelf_row": "q",
  "shelf_column": "3",
  "well_row": "c",
  "well_column": "1",
  "num_leaves_d1": 2,
  "num_leaves_d5": 6,
  "area_d1": 5026,
  "area_d5": 19577,
  "leaves_d1": [
    {
      "masked_path": "d1/uki_w1_q3_c1_d1_01_masked.png",
      "mask_path": "d1/uki_w1_q3_c1_d1_01_mask.png",
      "area": 3947,
      "bb_left": 203,
      "bb_top": 220,
      "bb_width": 83,
      "bb_height": 63
    },
    {
      "masked_path": "d1/uki_w1_q3_c1_d1_02_masked.png",
      "mask_path": "d1/uki_w1_q3_c1_d1_02_mask.png",
      "area": 1094,
      "bb_left": 250,
      "bb_top": 260,
      "bb_width": 44,
      "bb_height": 41
    }
  ],
  "leaves_d5": [
    {
      "masked_path": "d5/uki_w1_q3_c1_d5_01_masked.png",
      "mask_path": "d5/uki_w1_q3_c1_d5_01_mask.png",
      "area": 4696,
      "bb_left": 195,
      "bb_top": 205,
      "bb_width": 65,
      "bb_height": 99
    },
    {
      "masked_path": "d5/uki_w1_q3_c1_d5_02_masked.png",
      "mask_path": "d5/uki_w1_q3_c1_d5_02_mask.png",
      "area": 4669,
      "bb_left": 243,
      "bb_top": 186,
      "bb_width": 79,
      "bb_height": 79
    },
    {
      "masked_path": "d5/uki_w1_q3_c1_d5_03_masked.png",
      "mask_path": "d5/uki_w1_q3_c1_d5_03_mask.png",
      "area": 1808,
      "bb_left": 177,
      "bb_top": 192,
      "bb_width": 50,
      "bb_height": 56
    },
    {
      "masked_path": "d5/uki_w1_q3_c1_d5_04_masked.png",
      "mask_path": "d5/uki_w1_q3_c1_d5_04_mask.png",
      "area": 855,
      "bb_left": 224,
      "bb_top": 170,
      "bb_width": 39,
      "bb_height": 34
    },
    {
      "masked_path": "d5/uki_w1_q3_c1_d5_05_masked.png",
      "mask_path": "d5/uki_w1_q3_c1_d5_05_mask.png",
      "area": 3867,
      "bb_left": 173,
      "bb_top": 126,
      "bb_width": 81,
      "bb_height": 65
    },
    {
      "masked_path": "d5/uki_w1_q3_c1_d5_06_masked.png",
      "mask_path": "d5/uki_w1_q3_c1_d5_06_mask.png",
      "area": 3849,
      "bb_left": 229,
      "bb_top": 97,
      "bb_width": 74,
      "bb_height": 68
    }
  ]
}