{
  "path_d1": "uki_w1_p1_b3_d1.png",
  "path_d5": "uki_w1_p1_b3_d5.png",
  "masked_path_d1": "uki_w1_p1_b3_d1_masked.png",
  "masked_path_d5": "uki_w1_p1_b3_d5_masked.png",
  "mask_path_d1": "uki_w1_p1_b3_d1_mask.png",
  "mask_path_d5": "uki_w1_p1_b3_d5_mask.png",
  "metadata_path": "uki_w1_p1_b3_metadata.json",
  "week": 1,
  "shelf_row": "p",
  "shelf_column": "1",
  "well_row": "b",
  "well_column": "3",
  "num_leaves_d1": 3,
  "num_leaves_d5": 4,
  "area_d1": 8462,
  "area_d5": 14763,
  "leaves_d1": [
    {
      "masked_path": "d1/uki_w1_p1_b3_d1_01_masked.png",
      "mask_path": "d1/uki_w1_p1_b3_d1_01_mask.png",
      "area": 5149,
      "bb_left": 195,
      "bb_top": 195,
      "bb_width": 81,
      "bb_height": 83
    },
    {
      "masked_path": "d1/uki_w1_p1_b3_d1_02_masked.png",
      "mask_path": "d1/uki_w1_p1_b3_d1_02_mask.png",
      "area": 1272,
      "bb_left": 267,
      "bb_top": 209,
      "bb_width": 44,
      "bb_height": 38
    },
    {
      "masked_path": "d1/uki_w1_p1_b3_d1_03_masked.png",
      "mask_path": "d1/uki_w1_p1_b3_d1_03_mask.png",
      "area": 2041,
      "bb_left": 277,
      "bb_top": 232,
      "bb_width": 54,
      "bb_height": 54
    }
  ],
  "leaves_d5": [
    {
      "masked_path": "d5/uki_w1_p1_b3_d5_01_masked.png",
      "mask_path": "d5/uki_w1_p1_b3_d5_01_mask.png",
      "area": 5969,
      "bb_left": 253,
      "bb_top": 180,
      "bb_width": 110,
      "bb_height": 78
    },
    {
      "masked_path": "d5/uki_w1_p1_b3_d5_02_masked.png",
      "mask_path": "d5/uki_w1_p1_b3_d5_02_mask.png",
      "area": 2429,
      "bb_left": 205,
      "bb_top": 202,
      "bb_width": 68,
      "bb_height": 51
    },
    {
      "masked_path": "d5/uki_w1_p1_b3_d5_03_masked.png",
      "mask_path": "d5/uki_w1_p1_b3_d5_03_mask.png",
      "area": 4509,
      "bb_left": 201,
      "bb_top": 248,
      "bb_width": 71,
      "bb_height": 83
    },
    {
      "masked_path": "d5/uki_w1_p1_b3_d5_04_masked.png",
      "mask_path": "d5/uki_w1_p1_b3_d5_04_mask.png",
      "area": 1907,
      "bb_left": 252,
      "bb_top": 235,
      "bb_width": 52,
      "bb_height": 57
    }
  ]
}