{
  "path_d1": "uki_w1_r1_b6_d1.png",
  "path_d5": "uki_w1_r1_b6_d5.png",
  "masked_path_d1": "uki_w1_r1_b6_d1_masked.png",
  "masked_path_d5": "uki_w1_r1_b6_d5_masked.png",
  "mask_path_d1": "uki_w1_r1_b6_d1_mask.png",
  "mask_path_d5": "uki_w1_r1_b6_d5_mask.png",
  "metadata_path": "uki_w1_r1_b6_metadata.json",
  "week": 1,
  "shelf_row": "r",
  "shelf_column": "1",
  "well_row": "b",
  "well_column": "6",
  "num_leaves_d1": 2,
  "num_leaves_d5": 7,
  "area_d1": 6736,
  "area_d5": 21505,
  "leaves_d1": [
    {
      "masked_path": "d1/uki_w1_r1_b6_d1_01_masked.png",
      "mask_path": "d1/uki_w1_r1_b6_d1_01_mask.png",
      "area": 4528,
      "bb_left": 195,
      "bb_top": 206,
      "bb_width": 91,
      "bb_height": 66
    },
    {
      "masked_path": "d1/uki_w1_r1_b6_d1_02_masked.png",
      "mask_path": "d1/uki_w1_r1_b6_d1_02_mask.png",
      "area": 2227,
      "bb_left": 246,
      "bb_top": 256,
      "bb_width": 52,
      "bb_height": 57
    }
  ],
  "leaves_d5": [
    {
      "masked_path": "d5/uki_w1_r1_b6_d5_01_masked.png",
      "mask_path": "d5/uki_w1_r1_b6_d5_01_mask.png",
      "area": 5705,
      "bb_left": 146,
      "bb_top": 207,
      "bb_width": 83,
      "bb_height": 90
    },
    {
      "masked_path": "d5/uki_w1_r1_b6_d5_02_masked.png",
      "mask_path": "d5/uki_w1_r1_b6_d5_02_mask.png",
      "area": 2588,
      "bb_left": 220,
      "bb_top": 215,
      "bb_width": 50,
      "bb_height": 65
    },
    {
      "masked_path": "d5/uki_w1_r1_b6_d5_03_masked.png",
      "mask_path": "d5/uki_w1_r1_b6_d5_03_mask.png",
      "area": 2929,
      "bb_left": 186,
      "bb_top": 156,
      "bb_width": 69,
      "bb_height": 61
    },
    {
      "masked_path": "d5/uki_w1_r1_b6_d5_04_masked.png",
      "mask_path": "d5/uki_w1_r1_b6_d5_04_mask.png",
      "area": 200,
      "bb_left": 179,
      "bb_top": 203,
      "bb_width": 25,
      "bb_height": 14
    },
    {
      "masked_path": "d5/uki_w1_r1_b6_d5_05_masked.png",
      "mask_path": "d5/uki_w1_r1_b6_d5_05_mask.png",
      "area": 3353,
      "bb_left": 235,
      "bb_top": 138,
      "bb_width": 69,
      "bb_height": 66
    },
    {
      "masked_path": "d5/uki_w1_r1_b6_d5_06_masked.png",
      "mask_path": "d5/uki_w1_r1_b6_d5_06_mask.png",
      "area": 4511,
      "bb_left": 269,
      "bb_top": 173,
      "bb_width": 92,
      "bb_height": 67
    },
    {
      "masked_path": "d5/uki_w1_r1_b6_d5_07_masked.png",
      "mask_path": "d5/uki_w1_r1_b6_d5_07_mask.png",
      "area": 2297,
      "bb_left": 276,
      "bb_top": 240,
      "bb_width": 58,
      "bb_height": 49
    }
  ]
}