{
  "path_d1": "uki_w1_r2_a6_d1.png",
  "path_d5": "uki_w1_r2_a6_d5.png",
  "masked_path_d1": "uki_w1_r2_a6_d1_masked.png",
  "masked_path_d5": "uki_w1_r2_a6_d5_masked.png",
  "mask_path_d1": "uki_w1_r2_a6_d1_mask.png",
  "mask_path_d5": "uki_w1_r2_a6_d5_mask.png",
  "metadata_path": "uki_w1_r2_a6_metadata.json",
  "week": 1,
  "shelf_row": "r",
  "shelf_column": "2",
  "well_row": "a",
  "well_column": "6",
  "num_leaves_d1": 2,
  "num_leaves_d5": 7,
  "area_d1": 6006,
  "area_d5": 13800,
  "leaves_d1": [
    {
      "masked_path": "d1/uki_w1_r2_a6_d1_01_masked.png",
      "mask_path": "d1/uki_w1_r2_a6_d1_01_mask.png",
      "area": 2879,
      "bb_left": 212,
      "bb_top": 219,
      "bb_width": 49,
      "bb_height": 79
    },
    {
      "masked_path": "d1/uki_w1_r2_a6_d1_02_masked.png",
      "mask_path": "d1/uki_w1_r2_a6_d1_02_mask.png",
      "area": 3150,
      "bb_left": 242,
      "bb_top": 200,
      "bb_width": 74,
      "bb_height": 58
    }
  ],
  "leaves_d5": [
    {
      "masked_path": "d5/uki_w1_r2_a6_d5_01_masked.png",
      "mask_path": "d5/uki_w1_r2_a6_d5_01_mask.png",
      "area": 4422,
      "bb_left": 251,
      "bb_top": 247,
      "bb_width": 74,
      "bb_height": 75
    },
    {
      "masked_path": "d5/uki_w1_r2_a6_d5_02_masked.png",
      "mask_path": "d5/uki_w1_r2_a6_d5_02_mask.png",
      "area": 3417,
      "bb_left": 195,
      "bb_top": 250,
      "bb_width": 58,
      "bb_height": 80
    },
    {
      "masked_path": "d5/uki_w1_r2_a6_d5_03_masked.png",
      "mask_path": "d5/uki_w1_r2_a6_d5_03_mask.png",
      "area": 362,
      "bb_left": 248,
      "bb_top": 242,
      "bb_width": 28,
      "bb_height": 21
    },
    {
      "masked_path": "d5/uki_w1_r2_a6_d5_04_masked.png",
      "mask_path": "d5/uki_w1_r2_a6_d5_04_mask.png",
      "area": 437,
      "bb_left": 209,
      "bb_top": 245,
      "bb_width": 32,
      "bb_height": 28
    },
    {
      "masked_path": "d5/uki_w1_r2_a6_d5_05_masked.png",
      "mask_path": "d5/uki_w1_r2_a6_d5_05_mask.png",
      "area": 2620,
      "bb_left": 188,
      "bb_top": 201,
      "bb_width": 75,
      "bb_height": 45
    },
    {
      "masked_path": "d5/uki_w1_r2_a6_d5_06_masked.png",
      "mask_path": "d5/uki_w1_r2_a6_d5_06_mask.png",
      "area": 336,
      "bb_left": 246,
      "bb_top": 219,
      "bb_width": 23,
      "bb_height": 27
    },
    {
      "masked_path": "d5/uki_w1_r2_a6_d5_07_masked.png",
      "mask_path": "d5/uki_w1_r2_a6_d5_07_mask.png",
      "area": 2266,
      "bb_left": 220,
      "bb_top": 160,
      "bb_width": 58,
      "bb_height": 50
    }
  ]
}