{
  "path_d1": "uki_w1_t3_d2_d1.png",
  "path_d5": "uki_w1_t3_d2_d5.png",
  "masked_path_d1": "uki_w1_t3_d2_d1_masked.png",
  "masked_path_d5": "uki_w1_t3_d2_d5_masked.png",
  "mask_path_d1": "uki_w1_t3_d2_d1_mask.png",
  "mask_path_d5": "uki_w1_t3_d2_d5_mask.png",
  "metadata_path": "uki_w1_t3_d2_metadata.json",
  "week": 1,
  "shelf_row": "t",
  "shelf_column": "3",
  "well_row": "d",
  "well_column": "2",
  "num_leaves_d1": 4,
  "num_leaves_d5": 11,
  "area_d1": 7856,
  "area_d5": 26028,
  "leaves_d1": [
    {
      "masked_path": "d1/uki_w1_t3_d2_d1_01_masked.png",
      "mask_path": "d1/uki_w1_t3_d2_d1_01_mask.png",
      "area": 2234,
      "bb_left": 199,
      "bb_top": 222,
      "bb_width": 61,
      "bb_height": 47
    },
    {
      "masked_path": "d1/uki_w1_t3_d2_d1_02_masked.png",
      "mask_path": "d1/uki_w1_t3_d2_d1_02_mask.png",
      "area": 608,
      "bb_left": 230,
      "bb_top": 197,
      "bb_width": 27,
      "bb_height": 25
    },
    {
      "masked_path": "d1/uki_w1_t3_d2_d1_03_masked.png",
      "mask_path": "d1/uki_w1_t3_d2_d1_03_mask.png",
      "area": 2572,
      "bb_left": 210,
      "bb_top": 267,
      "bb_width": 74,
      "bb_height": 44
    },
    {
      "masked_path": "d1/uki_w1_t3_d2_d1_04_masked.png",
      "mask_path": "d1/uki_w1_t3_d2_d1_04_mask.png",
      "area": 2467,
      "bb_left": 255,
      "bb_top": 230,
      "bb_width": 55,
      "bb_height": 59
    }
  ],
  "leaves_d5": [
    {
      "masked_path": "d5/uki_w1_t3_d2_d5_01_masked.png",
      "mask_path": "d5/uki_w1_t3_d2_d5_01_mask.png",
      "area": 5157,
      "bb_left": 241,
      "bb_top": 120,
      "bb_width": 81,
      "bb_height": 95
    },
    {
      "masked_path": "d5/uki_w1_t3_d2_d5_02_masked.png",
      "mask_path": "d5/uki_w1_t3_d2_d5_02_mask.png",
      "area": 2885,
      "bb_left": 189,
      "bb_top": 214,
      "bb_width": 65,
      "bb_height": 65
    },
    {
      "masked_path": "d5/uki_w1_t3_d2_d5_03_masked.png",
      "mask_path": "d5/uki_w1_t3_d2_d5_03_mask.png",
      "area": 881,
      "bb_left": 370,
      "bb_top": 195,
      "bb_width": 36,
      "bb_height": 32
    },
    {
      "masked_path": "d5/uki_w1_t3_d2_d5_04_masked.png",
      "mask_path": "d5/uki_w1_t3_d2_d5_04_mask.png",
      "area": 3703,
      "bb_left": 317,
      "bb_top": 140,
      "bb_width": 64,
      "bb_height": 74
    },
    {
      "masked_path": "d5/uki_w1_t3_d2_d5_05_masked.png",
      "mask_path": "d5/uki_w1_t3_d2_d5_05_mask.png",
      "area": 379,
      "bb_left": 333,
      "bb_top": 204,
      "bb_width": 32,
      "bb_height": 20
    },
    {
      "masked_path": "d5/uki_w1_t3_d2_d5_06_masked.png",
      "mask_path": "d5/uki_w1_t3_d2_d5_06_mask.png",
      "area": 2213,
      "bb_left": 313,
      "bb_top": 222,
      "bb_width": 61,
      "bb_height": 46
    },
    {
      "masked_path": "d5/uki_w1_t3_d2_d5_07_masked.png",
      "mask_path": "d5/uki_w1_t3_d2_d5_07_mask.png",
      "area": 270,
      "bb_left": 370,
      "bb_top": 225,
      "bb_width": 17,
      "bb_height": 20
    },
    {
      "masked_path": "d5/uki_w1_t3_d2_d5_08_masked.png",
      "mask_path": "d5/uki_w1_t3_d2_d5_08_mask.png",
      "area": 3483,
      "bb_left": 233,
      "bb_top": 225,
      "bb_width": 68,
      "bb_height": 73
    },
    {
      "masked_path": "d5/uki_w1_t3_d2_d5_09_masked.png",
      "mask_path": "d5/uki_w1_t3_d2_d5_09_mask.png",
      "area": 311,
      "bb_left": 221,
      "bb_top": 191,
      "bb_width": 20,
      "bb_height": 18
    },
    {
      "masked_path": "d5/uki_w1_t3_d2_d5_10_masked.png",
      "mask_path": "d5/uki_w1_t3_d2_d5_10_mask.png",
      "area": 2056,
      "bb_left": 254,
      "bb_top": 191,
      "bb_width": 63,
      "bb_height": 57
    },
    {
      "masked_path": "d5/uki_w1_t3_d2_d5_11_masked.png",
      "mask_path": "d5/uki_w1_t3_d2_d5_11_mask.png",
      "area": 4963,
      "bb_left": 176,
      "bb_top": 118,
      "bb_width": 81,
      "bb_height": 83
    }
  ]
}