{
  "path_d1": "uki_w1_t2_b3_d1.png",
  "path_d5": "uki_w1_t2_b3_d5.png",
  "masked_path_d1": "uki_w1_t2_b3_d1_masked.png",
  "masked_path_d5": "uki_w1_t2_b3_d5_masked.png",
  "mask_path_d1": "uki_w1_t2_b3_d1_mask.png",
  "mask_path_d5": "uki_w1_t2_b3_d5_mask.png",
  "metadata_path": "uki_w1_t2_b3_metadata.json",
  "week": 1,
  "shelf_row": "t",
  "shelf_column": "2",
  "well_row": "b",
  "well_column": "3",
  "num_leaves_d1": 3,
  "num_leaves_d5": 7,
  "area_d1": 4533,
  "area_d5": 19458,
  "leaves_d1": [
    {
      "masked_path": "d1/uki_w1_t2_b3_d1_01_masked.png",
      "mask_path": "d1/uki_w1_t2_b3_d1_01_mask.png",
      "area": 2042,
      "bb_left": 243,
      "bb_top": 248,
      "bb_width": 52,
      "bb_height": 50
    },
    {
      "masked_path": "d1/uki_w1_t2_b3_d1_02_masked.png",
      "mask_path": "d1/uki_w1_t2_b3_d1_02_mask.png",
      "area": 1068,
      "bb_left": 211,
      "bb_top": 256,
      "bb_width": 38,
      "bb_height": 33
    },
    {
      "masked_path": "d1/uki_w1_t2_b3_d1_03_masked.png",
      "mask_path": "d1/uki_w1_t2_b3_d1_03_mask.png",
      "area": 1450,
      "bb_left": 236,
      "bb_top": 212,
      "bb_width": 45,
      "bb_height": 42
    }
  ],
  "leaves_d5": [
    {
      "masked_path": "d5/uki_w1_t2_b3_d5_01_masked.png",
      "mask_path": "d5/uki_w1_t2_b3_d5_01_mask.png",
      "area": 2966,
      "bb_left": 246,
      "bb_top": 131,
      "bb_width": 44,
      "bb_height": 82
    },
    {
      "masked_path": "d5/uki_w1_t2_b3_d5_02_masked.png",
      "mask_path": "d5/uki_w1_t2_b3_d5_02_mask.png",
      "area": 4461,
      "bb_left": 270,
      "bb_top": 262,
      "bb_width": 71,
      "bb_height": 82
    },
    {
      "masked_path": "d5/uki_w1_t2_b3_d5_03_masked.png",
      "mask_path": "d5/uki_w1_t2_b3_d5_03_mask.png",
      "area": 2170,
      "bb_left": 219,
      "bb_top": 225,
      "bb_width": 63,
      "bb_height": 44
    },
    {
      "masked_path": "d5/uki_w1_t2_b3_d5_04_masked.png",
      "mask_path": "d5/uki_w1_t2_b3_d5_04_mask.png",
      "area": 1408,
      "bb_left": 229,
      "bb_top": 258,
      "bb_width": 50,
      "bb_height": 39
    },
    {
      "masked_path": "d5/uki_w1_t2_b3_d5_05_masked.png",
      "mask_path": "d5/uki_w1_t2_b3_d5_05_mask.png",
      "area": 1208,
      "bb_left": 275,
      "bb_top": 235,
      "bb_width": 50,
      "bb_height": 34
    },
    {
      "masked_path": "d5/uki_w1_t2_b3_d5_06_masked.png",
      "mask_path": "d5/uki_w1_t2_b3_d5_06_mask.png",
      "area": 2403,
      "bb_left": 267,
      "bb_top": 177,
      "bb_width": 58,
      "bb_height": 57
    },
    {
      "masked_path": "d5/uki_w1_t2_b3_d5_07_masked.png",
      "mask_path": "d5/uki_w1_t2_b3_d5_07_mask.png",
      "area": 5007,
      "bb_left": 170,
      "bb_top": 152,
      "bb_width": 86,
      "bb_height": 76
    }
  ]
}