{
  "path_d1": "uki_w1_p1_c3_d1.png",
  "path_d5": "uki_w1_p1_c3_d5.png",
  "masked_path_d1": "uki_w1_p1_c3_d1_masked.png",
  "masked_path_d5": "uki_w1_p1_c3_d5_masked.png",
  "mask_path_d1": "uki_w1_p1_c3_d1_mask.png",
  "mask_path_d5": "uki_w1_p1_c3_d5_mask.png",
  "metadata_path": "uki_w1_p1_c3_metadata.json",
  "week": 1,
  "shelf_row": "p",
  "shelf_column": "1",
  "well_row": "c",
  "well_column": "3",
  "num_leaves_d1": 2,
  "num_leaves_d5": 4,
  "area_d1": 7641,
  "area_d5": 13741,
  "leaves_d1": [
    {
      "masked_path": "d1/uki_w1_p1_c3_d1_01_masked.png",
      "mask_path": "d1/uki_w1_p1_c3_d1_01_mask.png",
      "area": 3143,
      "bb_left": 211,
      "bb_top": 185,
      "bb_width": 59,
      "bb_height": 68
    },
    {
      "masked_path": "d1/uki_w1_p1_c3_d1_02_masked.png",
      "mask_path": "d1/uki_w1_p1_c3_d1_02_mask.png",
      "area": 4499,
      "bb_left": 223,
      "bb_top": 236,
      "bb_width": 87,
      "bb_height": 76
    }
  ],
  "leaves_d5": [
    {
      "masked_path": "d5/uki_w1_p1_c3_d5_01_masked.png",
      "mask_path": "d5/uki_w1_p1_c3_d5_01_mask.png",
      "area": 5523,
      "bb_left": 205,
      "bb_top": 161,
      "bb_width": 83,
      "bb_height": 86
    },
    {
      "masked_path": "d5/uki_w1_p1_c3_d5_02_masked.png",
      "mask_path": "d5/uki_w1_p1_c3_d5_02_mask.png",
      "area": 1735,
      "bb_left": 281,
      "bb_top": 187,
      "bb_width": 43,
      "bb_height": 53
    },
    {
      "masked_path": "d5/uki_w1_p1_c3_d5_03_masked.png",
      "mask_path": "d5/uki_w1_p1_c3_d5_03_mask.png",
      "area": 4831,
      "bb_left": 180,
      "bb_top": 236,
      "bb_width": 88,
      "bb_height": 79
    },
    {
      "masked_path": "d5/uki_w1_p1_c3_d5_04_masked.png",
      "mask_path": "d5/uki_w1_p1_c3_d5_04_mask.png",
      "area": 1734,
      "bb_left": 254,
      "bb_top": 241,
      "bb_width": 46,
      "bb_height": 57
    }
  ]
}