{
  "path_d1": "uki_w1_q3_c6_d1.png",
  "path_d5": "uki_w1_q3_c6_d5.png",
  "masked_path_d1": "uki_w1_q3_c6_d1_masked.png",
  "masked_path_d5": "uki_w1_q3_c6_d5_masked.png",
  "mask_path_d1": "uki_w1_q3_c6_d1_mask.png",
  "mask_path_d5": "uki_w1_q3_c6_d5_mask.png",
  "metadata_path": "uki_w1_q3_c6_metadata.json",
  "week": 1,
  "shelf_row": "q",
  "shelf_column": "3",
  "well_row": "c",
  "well_column": "6",
  "num_leaves_d1": 3,
  "num_leaves_d5": 8,
  "area_d1": 7181,
  "area_d5": 17269,
  "leaves_d1": [
    {
      "masked_path": "d1/uki_w1_q3_c6_d1_01_masked.png",
      "mask_path": "d1/uki_w1_q3_c6_d1_01_mask.png",
      "area": 3212,
      "bb_left": 194,
      "bb_top": 232,
      "bb_width": 67,
      "bb_height": 61
    },
    {
      "masked_path": "d1/uki_w1_q3_c6_d1_02_masked.png",
      "mask_path": "d1/uki_w1_q3_c6_d1_02_mask.png",
      "area": 2928,
      "bb_left": 239,
      "bb_top": 188,
      "bb_width": 51,
      "bb_height": 84
    },
    {
      "masked_path": "d1/uki_w1_q3_c6_d1_03_masked.png",
      "mask_path": "d1/uki_w1_q3_c6_d1_03_mask.png",
      "area": 1124,
      "bb_left": 278,
      "bb_top": 230,
      "bb_width": 36,
      "bb_height": 45
    }
  ],
  "leaves_d5": [
    {
      "masked_path": "d5/uki_w1_q3_c6_d5_01_masked.png",
      "mask_path": "d5/uki_w1_q3_c6_d5_01_mask.png",
      "area": 3341,
      "bb_left": 207,
      "bb_top": 276,
      "bb_width": 74,
      "bb_height": 56
    },
    {
      "masked_path": "d5/uki_w1_q3_c6_d5_02_masked.png",
      "mask_path": "d5/uki_w1_q3_c6_d5_02_mask.png",
      "area": 2121,
      "bb_left": 252,
      "bb_top": 288,
      "bb_width": 56,
      "bb_height": 65
    },
    {
      "masked_path": "d5/uki_w1_q3_c6_d5_03_masked.png",
      "mask_path": "d5/uki_w1_q3_c6_d5_03_mask.png",
      "area": 2600,
      "bb_left": 268,
      "bb_top": 254,
      "bb_width": 72,
      "bb_height": 51
    },
    {
      "masked_path": "d5/uki_w1_q3_c6_d5_04_masked.png",
      "mask_path": "d5/uki_w1_q3_c6_d5_04_mask.png",
      "area": 416,
      "bb_left": 239,
      "bb_top": 261,
      "bb_width": 32,
      "bb_height": 15
    },
    {
      "masked_path": "d5/uki_w1_q3_c6_d5_05_masked.png",
      "mask_path": "d5/uki_w1_q3_c6_d5_05_mask.png",
      "area": 3672,
      "bb_left": 206,
      "bb_top": 198,
      "bb_width": 74,
      "bb_height": 67
    },
    {
      "masked_path": "d5/uki_w1_q3_c6_d5_06_masked.png",
      "mask_path": "d5/uki_w1_q3_c6_d5_06_mask.png",
      "area": 1070,
      "bb_left": 263,
      "bb_top": 230,
      "bb_width": 46,
      "bb_height": 33
    },
    {
      "masked_path": "d5/uki_w1_q3_c6_d5_07_masked.png",
      "mask_path": "d5/uki_w1_q3_c6_d5_07_mask.png",
      "area": 1185,
      "bb_left": 299,
      "bb_top": 209,
      "bb_width": 37,
      "bb_height": 45
    },
    {
      "masked_path": "d5/uki_w1_q3_c6_d5_08_masked.png",
      "mask_path": "d5/uki_w1_q3_c6_d5_08_mask.png",
      "area": 2946,
      "bb_left": 261,
      "bb_top": 166,
      "bb_width": 63,
      "bb_height": 65
    }
  ]
}