{
  "path_d1": "uki_w1_q3_a3_d1.png",
  "path_d5": "uki_w1_q3_a3_d5.png",
  "masked_path_d1": "uki_w1_q3_a3_d1_masked.png",
  "masked_path_d5": "uki_w1_q3_a3_d5_masked.png",
  "mask_path_d1": "uki_w1_q3_a3_d1_mask.png",
  "mask_path_d5": "uki_w1_q3_a3_d5_mask.png",
  "metadata_path": "uki_w1_q3_a3_metadata.json",
  "week": 1,
  "shelf_row": "q",
  "shelf_column": "3",
  "well_row": "a",
  "well_column": "3",
  "num_leaves_d1": 3,
  "num_leaves_d5": 11,
  "area_d1": 7964,
  "area_d5": 31534,
  "leaves_d1": [
    {
      "masked_path": "d1/uki_w1_q3_a3_d1_01_masked.png",
      "mask_path": "d1/uki_w1_q3_a3_d1_01_mask.png",
      "area": 3364,
      "bb_left": 241,
      "bb_top": 255,
      "bb_width": 56,
      "bb_height": 78
    },
    {
      "masked_path": "d1/uki_w1_q3_a3_d1_02_masked.png",
      "mask_path": "d1/uki_w1_q3_a3_d1_02_mask.png",
      "area": 2098,
      "bb_left": 262,
      "bb_top": 225,
      "bb_width": 56,
      "bb_height": 54
    },
    {
      "masked_path": "d1/uki_w1_q3_a3_d1_03_masked.png",
      "mask_path": "d1/uki_w1_q3_a3_d1_03_mask.png",
      "area": 2518,
      "bb_left": 225,
      "bb_top": 195,
      "bb_width": 45,
      "bb_height": 71
    }
  ],
  "leaves_d5": [
    {
      "masked_path": "d5/uki_w1_q3_a3_d5_01_masked.png",
      "mask_path": "d5/uki_w1_q3_a3_d5_01_mask.png",
      "area": 5193,
      "bb_left": 278,
      "bb_top": 239,
      "bb_width": 73,
      "bb_height": 96
    },
    {
      "masked_path": "d5/uki_w1_q3_a3_d5_02_masked.png",
      "mask_path": "d5/uki_w1_q3_a3_d5_02_mask.png",
      "area": 2701,
      "bb_left": 222,
      "bb_top": 280,
      "bb_width": 61,
      "bb_height": 59
    },
    {
      "masked_path": "d5/uki_w1_q3_a3_d5_03_masked.png",
      "mask_path": "d5/uki_w1_q3_a3_d5_03_mask.png",
      "area": 3567,
      "bb_left": 293,
      "bb_top": 173,
      "bb_width": 65,
      "bb_height": 72
    },
    {
      "masked_path": "d5/uki_w1_q3_a3_d5_04_masked.png",
      "mask_path": "d5/uki_w1_q3_a3_d5_04_mask.png",
      "area": 1020,
      "bb_left": 322,
      "bb_top": 232,
      "bb_width": 40,
      "bb_height": 45
    },
    {
      "masked_path": "d5/uki_w1_q3_a3_d5_05_masked.png",
      "mask_path": "d5/uki_w1_q3_a3_d5_05_mask.png",
      "area": 2536,
      "bb_left": 197,
      "bb_top": 244,
      "bb_width": 71,
      "bb_height": 46
    },
    {
      "masked_path": "d5/uki_w1_q3_a3_d5_06_masked.png",
      "mask_path": "d5/uki_w1_q3_a3_d5_06_mask.png",
      "area": 553,
      "bb_left": 240,
      "bb_top": 235,
      "bb_width": 32,
      "bb_height": 29
    },
    {
      "masked_path": "d5/uki_w1_q3_a3_d5_07_masked.png",
      "mask_path": "d5/uki_w1_q3_a3_d5_07_mask.png",
      "area": 1374,
      "bb_left": 259,
      "bb_top": 194,
      "bb_width": 35,
      "bb_height": 47
    },
    {
      "masked_path": "d5/uki_w1_q3_a3_d5_08_masked.png",
      "mask_path": "d5/uki_w1_q3_a3_d5_08_mask.png",
      "area": 5895,
      "bb_left": 158,
      "bb_top": 160,
      "bb_width": 89,
      "bb_height": 88
    },
    {
      "masked_path": "d5/uki_w1_q3_a3_d5_09_masked.png",
      "mask_path": "d5/uki_w1_q3_a3_d5_09_mask.png",
      "area": 3130,
      "bb_left": 261,
      "bb_top": 117,
      "bb_width": 58,
      "bb_height": 71
    },
    {
      "masked_path": "d5/uki_w1_q3_a3_d5_10_masked.png",
      "mask_path": "d5/uki_w1_q3_a3_d5_10_mask.png",
      "area": 5451,
      "bb_left": 188,
      "bb_top": 94,
      "bb_width": 81,
      "bb_height": 98
    },
    {
      "masked_path": "d5/uki_w1_q3_a3_d5_11_masked.png",
      "mask_path": "d5/uki_w1_q3_a3_d5_11_mask.png",
      "area": 279,
      "bb_left": 233,
      "bb_top": 178,
      "bb_width": 26,
      "bb_height": 27
    }
  ]
}