{
  "path_d1": "uki_w1_s4_d4_d1.png",
  "path_d5": "uki_w1_s4_d4_d5.png",
  "masked_path_d1": "uki_w1_s4_d4_d1_masked.png",
  "masked_path_d5": "uki_w1_s4_d4_d5_masked.png",
  "mask_path_d1": "uki_w1_s4_d4_d1_mask.png",
  "mask_path_d5": "uki_w1_s4_d4_d5_mask.png",
  "metadata_path": "uki_w1_s4_d4_metadata.json",
  "week": 1,
  "shelf_row": "s",
  "shelf_column": "4",
  "well_row": "d",
  "well_column": "4",
  "num_leaves_d1": 2,
  "num_leaves_d5": 5,
  "area_d1": 5457,
  "area_d5": 15192,
  "leaves_d1": [
    {
      "masked_path": "d1/uki_w1_s4_d4_d1_01_masked.png",
      "mask_path": "d1/uki_w1_s4_d4_d1_01_mask.png",
      "area": 3204,
      "bb_left": 214,
      "bb_top": 206,
      "bb_width": 71,
      "bb_height": 59
    },
    {
      "masked_path": "d1/uki_w1_s4_d4_d1_02_masked.png",
      "mask_path": "d1/uki_w1_s4_d4_d1_02_mask.png",
      "area": 2255,
      "bb_left": 221,
      "bb_top": 258,
      "bb_width": 54,
      "bb_height": 54
    }
  ],
  "leaves_d5": [
    {
      "masked_path": "d5/uki_w1_s4_d4_d5_01_masked.png",
      "mask_path": "d5/uki_w1_s4_d4_d5_01_mask.png",
      "area": 3745,
      "bb_left": 167,
      "bb_top": 203,
      "bb_width": 85,
      "bb_height": 60
    },
    {
      "masked_path": "d5/uki_w1_s4_d4_d5_02_masked.png",
      "mask_path": "d5/uki_w1_s4_d4_d5_02_mask.png",
      "area": 3118,
      "bb_left": 258,
      "bb_top": 236,
      "bb_width": 62,
      "bb_height": 71
    },
    {
      "masked_path": "d5/uki_w1_s4_d4_d5_03_masked.png",
      "mask_path": "d5/uki_w1_s4_d4_d5_03_mask.png",
      "area": 2945,
      "bb_left": 272,
      "bb_top": 198,
      "bb_width": 66,
      "bb_height": 61
    },
    {
      "masked_path": "d5/uki_w1_s4_d4_d5_04_masked.png",
      "mask_path": "d5/uki_w1_s4_d4_d5_04_mask.png",
      "area": 1097,
      "bb_left": 226,
      "bb_top": 205,
      "bb_width": 42,
      "bb_height": 44
    },
    {
      "masked_path": "d5/uki_w1_s4_d4_d5_05_masked.png",
      "mask_path": "d5/uki_w1_s4_d4_d5_05_mask.png",
      "area": 4355,
      "bb_left": 182,
      "bb_top": 258,
      "bb_width": 76,
      "bb_height": 69
    }
  ]
}