{
  "path_d1": "uki_w1_s1_a3_d1.png",
  "path_d5": "uki_w1_s1_a3_d5.png",
  "masked_path_d1": "uki_w1_s1_a3_d1_masked.png",
  "masked_path_d5": "uki_w1_s1_a3_d5_masked.png",
  "mask_path_d1": "uki_w1_s1_a3_d1_mask.png",
  "mask_path_d5": "uki_w1_s1_a3_d5_mask.png",
  "metadata_path": "uki_w1_s1_a3_metadata.json",
  "week": 1,
  "shelf_row": "s",
  "shelf_column": "1",
  "well_row": "a",
  "well_column": "3",
  "num_leaves_d1": 2,
  "num_leaves_d5": 6,
  "area_d1": 5434,
  "area_d5": 11365,
  "leaves_d1": [
    {
      "masked_path": "d1/uki_w1_s1_a3_d1_01_masked.png",
      "mask_path": "d1/uki_w1_s1_a3_d1_01_mask.png",
      "area": 2907,
      "bb_left": 241,
      "bb_top": 247,
      "bb_width": 51,
      "bb_height": 78
    },
    {
      "masked_path": "d1/uki_w1_s1_a3_d1_02_masked.png",
      "mask_path": "d1/uki_w1_s1_a3_d1_02_mask.png",
      "area": 2563,
      "bb_left": 214,
      "bb_top": 210,
      "bb_width": 57,
      "bb_height": 61
    }
  ],
  "leaves_d5": [
    {
      "masked_path": "d5/uki_w1_s1_a3_d5_01_masked.png",
      "mask_path": "d5/uki_w1_s1_a3_d5_01_mask.png",
      "area": 4471,
      "bb_left": 226,
      "bb_top": 186,
      "bb_width": 69,
      "bb_height": 81
    },
    {
      "masked_path": "d5/uki_w1_s1_a3_d5_02_masked.png",
      "mask_path": "d5/uki_w1_s1_a3_d5_02_mask.png",
      "area": 2397,
      "bb_left": 239,
      "bb_top": 256,
      "bb_width": 75,
      "bb_height": 45
    },
    {
      "masked_path": "d5/uki_w1_s1_a3_d5_03_masked.png",
      "mask_path": "d5/uki_w1_s1_a3_d5_03_mask.png",
      "area": 2726,
      "bb_left": 171,
      "bb_top": 256,
      "bb_width": 78,
      "bb_height": 48
    },
    {
      "masked_path": "d5/uki_w1_s1_a3_d5_04_masked.png",
      "mask_path": "d5/uki_w1_s1_a3_d5_04_mask.png",
      "area": 1064,
      "bb_left": 205,
      "bb_top": 299,
      "bb_width": 43,
      "bb_height": 33
    },
    {
      "masked_path": "d5/uki_w1_s1_a3_d5_05_masked.png",
      "mask_path": "d5/uki_w1_s1_a3_d5_05_mask.png",
      "area": 400,
      "bb_left": 243,
      "bb_top": 291,
      "bb_width": 25,
      "bb_height": 23
    },
    {
      "masked_path": "d5/uki_w1_s1_a3_d5_06_masked.png",
      "mask_path": "d5/uki_w1_s1_a3_d5_06_mask.png",
      "area": 388,
      "bb_left": 222,
      "bb_top": 243,
      "bb_width": 27,
      "bb_height": 30
    }
  ]
}