{
  "path_d1": "uki_w1_s1_c1_d1.png",
  "path_d5": "uki_w1_s1_c1_d5.png",
  "masked_path_d1": "uki_w1_s1_c1_d1_masked.png",
  "masked_path_d5": "uki_w1_s1_c1_d5_masked.png",
  "mask_path_d1": "uki_w1_s1_c1_d1_mask.png",
  "mask_path_d5": "uki_w1_s1_c1_d5_mask.png",
  "metadata_path": "uki_w1_s1_c1_metadata.json",
  "week": 1,
  "shelf_row": "s",
  "shelf_column": "1",
  "well_row": "c",
  "well_column": "1",
  "num_leaves_d1": 2,
  "num_leaves_d5": 5,
  "area_d1": 6036,
  "area_d5": 9888,
  "leaves_d1": [
    {
      "masked_path": "d1/uki_w1_s1_c1_d1_01_masked.png",
      "mask_path": "d1/uki_w1_s1_c1_d1_01_mask.png",
      "area": 3670,
      "bb_left": 189,
      "bb_top": 223,
      "bb_width": 77,
      "bb_height": 61
    },
    {
      "masked_path": "d1/uki_w1_s1_c1_d1_02_masked.png",
      "mask_path": "d1/uki_w1_s1_c1_d1_02_mask.png",
      "area": 2387,
      "bb_left": 257,
      "bb_top": 221,
      "bb_width": 58,
      "bb_height": 64
    }
  ],
  "leaves_d5": [
    {
      "masked_path": "d5/uki_w1_s1_c1_d5_01_masked.png",
      "mask_path": "d5/uki_w1_s1_c1_d5_01_mask.png",
      "area": 3502,
      "bb_left": 244,
      "bb_top": 195,
      "bb_width": 59,
      "bb_height": 76
    },
    {
      "masked_path": "d5/uki_w1_s1_c1_d5_02_masked.png",
      "mask_path": "d5/uki_w1_s1_c1_d5_02_mask.png",
      "area": 2649,
      "bb_left": 242,
      "bb_top": 270,
      "bb_width": 70,
      "bb_height": 49
    },
    {
      "masked_path": "d5/uki_w1_s1_c1_d5_03_masked.png",
      "mask_path": "d5/uki_w1_s1_c1_d5_03_mask.png",
      "area": 2838,
      "bb_left": 196,
      "bb_top": 227,
      "bb_width": 65,
      "bb_height": 62
    },
    {
      "masked_path": "d5/uki_w1_s1_c1_d5_04_masked.png",
      "mask_path": "d5/uki_w1_s1_c1_d5_04_mask.png",
      "area": 154,
      "bb_left": 269,
      "bb_top": 257,
      "bb_width": 23,
      "bb_height": 15
    },
    {
      "masked_path": "d5/uki_w1_s1_c1_d5_05_masked.png",
      "mask_path": "d5/uki_w1_s1_c1_d5_05_mask.png",
      "area": 808,
      "bb_left": 232,
      "bb_top": 292,
      "bb_width": 36,
      "bb_height": 35
    }
  ]
}