{
  "path_d1": "uki_w1_p2_d4_d1.png",
  "path_d5": "uki_w1_p2_d4_d5.png",
  "masked_path_d1": "uki_w1_p2_d4_d1_masked.png",
  "masked_path_d5": "uki_w1_p2_d4_d5_masked.png",
  "mask_path_d1": "uki_w1_p2_d4_d1_mask.png",
  "mask_path_d5": "uki_w1_p2_d4_d5_mask.png",
  "metadata_path": "uki_w1_p2_d4_metadata.json",
  "week": 1,
  "shelf_row": "p",
  "shelf_column": "2",
  "well_row": "d",
  "well_column": "4",
  "num_leaves_d1": 4,
  "num_leaves_d5": 8,
  "area_d1": 7241,
  "area_d5": 19902,
  "leaves_d1": [
    {
      "masked_path": "d1/uki_w1_p2_d4_d1_01_masked.png",
      "mask_path": "d1/uki_w1_p2_d4_d1_01_mask.png",
      "area": 3379,
      "bb_left": 238,
      "bb_top": 251,
      "bb_width": 64,
      "bb_height": 71
    },
    {
      "masked_path": "d1/uki_w1_p2_d4_d1_02_masked.png",
      "mask_path": "d1/uki_w1_p2_d4_d1_02_mask.png",
      "area": 3209,
      "bb_left": 234,
      "bb_top": 186,
      "bb_width": 56,
      "bb_height": 74
    },
    {
      "masked_path": "d1/uki_w1_p2_d4_d1_03_masked.png",
      "mask_path": "d1/uki_w1_p2_d4_d1_03_mask.png",
      "area": 148,
      "bb_left": 242,
      "bb_top": 244,
      "bb_width": 15,
      "bb_height": 20
    },
    {
      "masked_path": "d1/uki_w1_p2_d4_d1_04_masked.png",
      "mask_path": "d1/uki_w1_p2_d4_d1_04_mask.png",
      "area": 505,
      "bb_left": 294,
      "bb_top": 248,
      "bb_width": 23,
      "bb_height": 39
    }
  ],
  "leaves_d5": [
    {
      "masked_path": "d5/uki_w1_p2_d4_d5_01_masked.png",
      "mask_path": "d5/uki_w1_p2_d4_d5_01_mask.png",
      "area": 3176,
      "bb_left": 237,
      "bb_top": 178,
      "bb_width": 57,
      "bb_height": 75
    },
    {
      "masked_path": "d5/uki_w1_p2_d4_d5_02_masked.png",
      "mask_path": "d5/uki_w1_p2_d4_d5_02_mask.png",
      "area": 3730,
      "bb_left": 162,
      "bb_top": 196,
      "bb_width": 78,
      "bb_height": 59
    },
    {
      "masked_path": "d5/uki_w1_p2_d4_d5_03_masked.png",
      "mask_path": "d5/uki_w1_p2_d4_d5_03_mask.png",
      "area": 131,
      "bb_left": 216,
      "bb_top": 198,
      "bb_width": 20,
      "bb_height": 8
    },
    {
      "masked_path": "d5/uki_w1_p2_d4_d5_04_masked.png",
      "mask_path": "d5/uki_w1_p2_d4_d5_04_mask.png",
      "area": 2497,
      "bb_left": 187,
      "bb_top": 238,
      "bb_width": 63,
      "bb_height": 60
    },
    {
      "masked_path": "d5/uki_w1_p2_d4_d5_05_masked.png",
      "mask_path": "d5/uki_w1_p2_d4_d5_05_mask.png",
      "area": 3503,
      "bb_left": 257,
      "bb_top": 255,
      "bb_width": 56,
      "bb_height": 86
    },
    {
      "masked_path": "d5/uki_w1_p2_d4_d5_06_masked.png",
      "mask_path": "d5/uki_w1_p2_d4_d5_06_mask.png",
      "area": 4723,
      "bb_left": 299,
      "bb_top": 223,
      "bb_width": 84,
      "bb_height": 72
    },
    {
      "masked_path": "d5/uki_w1_p2_d4_d5_07_masked.png",
      "mask_path": "d5/uki_w1_p2_d4_d5_07_mask.png",
      "area": 1383,
      "bb_left": 272,
      "bb_top": 220,
      "bb_width": 42,
      "bb_height": 54
    },
    {
      "masked_path": "d5/uki_w1_p2_d4_d5_08_masked.png",
      "mask_path": "d5/uki_w1_p2_d4_d5_08_mask.png",
      "area": 990,
      "bb_left": 230,
      "bb_top": 251,
      "bb_width": 37,
      "bb_height": 51
    }
  ]
}