{
  "path_d1": "uki_w1_s4_b1_d1.png",
  "path_d5": "uki_w1_s4_b1_d5.png",
  "masked_path_d1": "uki_w1_s4_b1_d1_masked.png",
  "masked_path_d5": "uki_w1_s4_b1_d5_masked.png",
  "mask_path_d1": "uki_w1_s4_b1_d1_mask.png",
  "mask_path_d5": "uki_w1_s4_b1_d5_mask.png",
  "metadata_path": "uki_w1_s4_b1_metadata.json",
  "week": 1,
  "shelf_row": "s",
  "shelf_column": "4",
  "well_row": "b",
  "well_column": "1",
  "num_leaves_d1": 2,
  "num_leaves_d5": 6,
  "area_d1": 6314,
  "area_d5": 16519,
  "leaves_d1": [
    {
      "masked_path": "d1/uki_w1_s4_b1_d1_01_masked.png",
      "mask_path": "d1/uki_w1_s4_b1_d1_01_mask.png",
      "area": 2939,
      "bb_left": 253,
      "bb_top": 200,
      "bb_width": 66,
      "bb_height": 54
    },
    {
      "masked_path": "d1/uki_w1_s4_b1_d1_02_masked.png",
      "mask_path": "d1/uki_w1_s4_b1_d1_02_mask.png",
      "area": 3399,
      "bb_left": 207,
      "bb_top": 209,
      "bb_width": 56,
      "bb_height": 85
    }
  ],
  "leaves_d5": [
    {
      "masked_path": "d5/uki_w1_s4_b1_d5_01_masked.png",
      "mask_path": "d5/uki_w1_s4_b1_d5_01_mask.png",
      "area": 3403,
      "bb_left": 191,
      "bb_top": 265,
      "bb_width": 67,
      "bb_height": 67
    },
    {
      "masked_path": "d5/uki_w1_s4_b1_d5_02_masked.png",
      "mask_path": "d5/uki_w1_s4_b1_d5_02_mask.png",
      "area": 3526,
      "bb_left": 212,
      "bb_top": 172,
      "bb_width": 75,
      "bb_height": 65
    },
    {
      "masked_path": "d5/uki_w1_s4_b1_d5_03_masked.png",
      "mask_path": "d5/uki_w1_s4_b1_d5_03_mask.png",
      "area": 3880,
      "bb_left": 270,
      "bb_top": 162,
      "bb_width": 69,
      "bb_height": 71
    },
    {
      "masked_path": "d5/uki_w1_s4_b1_d5_04_masked.png",
      "mask_path": "d5/uki_w1_s4_b1_d5_04_mask.png",
      "area": 4000,
      "bb_left": 253,
      "bb_top": 256,
      "bb_width": 69,
      "bb_height": 73
    },
    {
      "masked_path": "d5/uki_w1_s4_b1_d5_05_masked.png",
      "mask_path": "d5/uki_w1_s4_b1_d5_05_mask.png",
      "area": 655,
      "bb_left": 247,
      "bb_top": 237,
      "bb_width": 36,
      "bb_height": 20
    },
    {
      "masked_path": "d5/uki_w1_s4_b1_d5_06_masked.png",
      "mask_path": "d5/uki_w1_s4_b1_d5_06_mask.png",
      "area": 1134,
      "bb_left": 213,
      "bb_top": 231,
      "bb_width": 40,
      "bb_height": 38
    }
  ]
}