{
  "path_d1": "uki_w1_p1_c4_d1.png",
  "path_d5": "uki_w1_p1_c4_d5.png",
  "masked_path_d1": "uki_w1_p1_c4_d1_masked.png",
  "masked_path_d5": "uki_w1_p1_c4_d5_masked.png",
  "mask_path_d1": "uki_w1_p1_c4_d1_mask.png",
  "mask_path_d5": "uki_w1_p1_c4_d5_mask.png",
  "metadata_path": "uki_w1_p1_c4_metadata.json",
  "week": 1,
  "shelf_row": "p",
  "shelf_column": "1",
  "well_row": "c",
  "well_column": "4",
  "num_leaves_d1": 4,
  "num_leaves_d5": 5,
  "area_d1": 11163,
  "area_d5": 14545,
  "leaves_d1": [
    {
      "masked_path": "d1/uki_w1_p1_c4_d1_01_masked.png",
      "mask_path": "d1/uki_w1_p1_c4_d1_01_mask.png",
      "area": 4563,
      "bb_left": 234,
      "bb_top": 240,
      "bb_width": 63,
      "bb_height": 98
    },
    {
      "masked_path": "d1/uki_w1_p1_c4_d1_02_masked.png",
      "mask_path": "d1/uki_w1_p1_c4_d1_02_mask.png",
      "area": 4661,
      "bb_left": 262,
      "bb_top": 199,
      "bb_width": 90,
      "bb_height": 74
    },
    {
      "masked_path": "d1/uki_w1_p1_c4_d1_03_masked.png",
      "mask_path": "d1/uki_w1_p1_c4_d1_03_mask.png",
      "area": 1804,
      "bb_left": 199,
      "bb_top": 239,
      "bb_width": 42,
      "bb_height": 54
    },
    {
      "masked_path": "d1/uki_w1_p1_c4_d1_04_masked.png",
      "mask_path": "d1/uki_w1_p1_c4_d1_04_mask.png",
      "area": 138,
      "bb_left": 251,
      "bb_top": 225,
      "bb_width": 17,
      "bb_height": 14
    }
  ],
  "leaves_d5": [
    {
      "masked_path": "d5/uki_w1_p1_c4_d5_01_masked.png",
      "mask_path": "d5/uki_w1_p1_c4_d5_01_mask.png",
      "area": 4569,
      "bb_left": 241,
      "bb_top": 170,
      "bb_width": 68,
      "bb_height": 91
    },
    {
      "masked_path": "d5/uki_w1_p1_c4_d5_02_masked.png",
      "mask_path": "d5/uki_w1_p1_c4_d5_02_mask.png",
      "area": 2975,
      "bb_left": 194,
      "bb_top": 212,
      "bb_width": 60,
      "bb_height": 62
    },
    {
      "masked_path": "d5/uki_w1_p1_c4_d5_03_masked.png",
      "mask_path": "d5/uki_w1_p1_c4_d5_03_mask.png",
      "area": 3527,
      "bb_left": 263,
      "bb_top": 273,
      "bb_width": 58,
      "bb_height": 82
    },
    {
      "masked_path": "d5/uki_w1_p1_c4_d5_04_masked.png",
      "mask_path": "d5/uki_w1_p1_c4_d5_04_mask.png",
      "area": 2964,
      "bb_left": 196,
      "bb_top": 275,
      "bb_width": 67,
      "bb_height": 54
    },
    {
      "masked_path": "d5/uki_w1_p1_c4_d5_05_masked.png",
      "mask_path": "d5/uki_w1_p1_c4_d5_05_mask.png",
      "area": 646,
      "bb_left": 240,
      "bb_top": 296,
      "bb_width": 31,
      "bb_height": 44
    }
  ]
}