{
  "path_d1": "uki_w1_p2_a1_d1.png",
  "path_d5": "uki_w1_p2_a1_d5.png",
  "masked_path_d1": "uki_w1_p2_a1_d1_masked.png",
  "masked_path_d5": "uki_w1_p2_a1_d5_masked.png",
  "mask_path_d1": "uki_w1_p2_a1_d1_mask.png",
  "mask_path_d5": "uki_w1_p2_a1_d5_mask.png",
  "metadata_path": "uki_w1_p2_a1_metadata.json",
  "week": 1,
  "shelf_row": "p",
  "shelf_column": "2",
  "well_row": "a",
  "well_column": "1",
  "num_leaves_d1": 4,
  "num_leaves_d5": 11,
  "area_d1": 10838,
  "area_d5": 37139,
  "leaves_d1": [
    {
      "masked_path": "d1/uki_w1_p2_a1_d1_01_masked.png",
      "mask_path": "d1/uki_w1_p2_a1_d1_01_mask.png",
      "area": 3898,
      "bb_left": 233,
      "bb_top": 244,
      "bb_width": 88,
      "bb_height": 57
    },
    {
      "masked_path": "d1/uki_w1_p2_a1_d1_02_masked.png",
      "mask_path": "d1/uki_w1_p2_a1_d1_02_mask.png",
      "area": 2099,
      "bb_left": 239,
      "bb_top": 298,
      "bb_width": 54,
      "bb_height": 48
    },
    {
      "masked_path": "d1/uki_w1_p2_a1_d1_03_masked.png",
      "mask_path": "d1/uki_w1_p2_a1_d1_03_mask.png",
      "area": 4020,
      "bb_left": 201,
      "bb_top": 182,
      "bb_width": 67,
      "bb_height": 79
    },
    {
      "masked_path": "d1/uki_w1_p2_a1_d1_04_masked.png",
      "mask_path": "d1/uki_w1_p2_a1_d1_04_mask.png",
      "area": 822,
      "bb_left": 206,
      "bb_top": 252,
      "bb_width": 34,
      "bb_height": 37
    }
  ],
  "leaves_d5": [
    {
      "masked_path": "d5/uki_w1_p2_a1_d5_01_masked.png",
      "mask_path": "d5/uki_w1_p2_a1_d5_01_mask.png",
      "area": 3788,
      "bb_left": 201,
      "bb_top": 83,
      "bb_width": 56,
      "bb_height": 87
    },
    {
      "masked_path": "d5/uki_w1_p2_a1_d5_02_masked.png",
      "mask_path": "d5/uki_w1_p2_a1_d5_02_mask.png",
      "area": 1530,
      "bb_left": 231,
      "bb_top": 130,
      "bb_width": 48,
      "bb_height": 51
    },
    {
      "masked_path": "d5/uki_w1_p2_a1_d5_03_masked.png",
      "mask_path": "d5/uki_w1_p2_a1_d5_03_mask.png",
      "area": 5418,
      "bb_left": 128,
      "bb_top": 110,
      "bb_width": 85,
      "bb_height": 80
    },
    {
      "masked_path": "d5/uki_w1_p2_a1_d5_04_masked.png",
      "mask_path": "d5/uki_w1_p2_a1_d5_04_mask.png",
      "area": 4093,
      "bb_left": 250,
      "bb_top": 177,
      "bb_width": 70,
      "bb_height": 73
    },
    {
      "masked_path": "d5/uki_w1_p2_a1_d5_05_masked.png",
      "mask_path": "d5/uki_w1_p2_a1_d5_05_mask.png",
      "area": 3859,
      "bb_left": 193,
      "bb_top": 183,
      "bb_width": 62,
      "bb_height": 84
    },
    {
      "masked_path": "d5/uki_w1_p2_a1_d5_06_masked.png",
      "mask_path": "d5/uki_w1_p2_a1_d5_06_mask.png",
      "area": 463,
      "bb_left": 200,
      "bb_top": 183,
      "bb_width": 29,
      "bb_height": 28
    },
    {
      "masked_path": "d5/uki_w1_p2_a1_d5_07_masked.png",
      "mask_path": "d5/uki_w1_p2_a1_d5_07_mask.png",
      "area": 5121,
      "bb_left": 264,
      "bb_top": 249,
      "bb_width": 81,
      "bb_height": 88
    },
    {
      "masked_path": "d5/uki_w1_p2_a1_d5_08_masked.png",
      "mask_path": "d5/uki_w1_p2_a1_d5_08_mask.png",
      "area": 1151,
      "bb_left": 280,
      "bb_top": 317,
      "bb_width": 47,
      "bb_height": 37
    },
    {
      "masked_path": "d5/uki_w1_p2_a1_d5_09_masked.png",
      "mask_path": "d5/uki_w1_p2_a1_d5_09_mask.png",
      "area": 3392,
      "bb_left": 211,
      "bb_top": 261,
      "bb_width": 60,
      "bb_height": 71
    },
    {
      "masked_path": "d5/uki_w1_p2_a1_d5_10_masked.png",
      "mask_path": "d5/uki_w1_p2_a1_d5_10_mask.png",
      "area": 5078,
      "bb_left": 236,
      "bb_top": 325,
      "bb_width": 69,
      "bb_height": 98
    },
    {
      "masked_path": "d5/uki_w1_p2_a1_d5_11_masked.png",
      "mask_path": "d5/uki_w1_p2_a1_d5_11_mask.png",
      "area": 3581,
      "bb_left": 173,
      "bb_top": 330,
      "bb_width": 64,
      "bb_height": 70
    }
  ]
}