{
  "path_d1": "uki_w1_t3_a1_d1.png",
  "path_d5": "uki_w1_t3_a1_d5.png",
  "masked_path_d1": "uki_w1_t3_a1_d1_masked.png",
  "masked_path_d5": "uki_w1_t3_a1_d5_masked.png",
  "mask_path_d1": "uki_w1_t3_a1_d1_mask.png",
  "mask_path_d5": "uki_w1_t3_a1_d5_mask.png",
  "metadata_path": "uki_w1_t3_a1_metadata.json",
  "week": 1,
  "shelf_row": "t",
  "shelf_column": "3",
  "well_row": "a",
  "well_column": "1",
  "num_leaves_d1": 2,
  "num_leaves_d5": 7,
  "area_d1": 4981,
  "area_d5": 23086,
  "leaves_d1": [
    {
      "masked_path": "d1/uki_w1_t3_a1_d1_01_masked.png",
      "mask_path": "d1/uki_w1_t3_a1_d1_01_mask.png",
      "area": 3839,
      "bb_left": 223,
      "bb_top": 236,
      "bb_width": 87,
      "bb_height": 59
    },
    {
      "masked_path": "d1/uki_w1_t3_a1_d1_02_masked.png",
      "mask_path": "d1/uki_w1_t3_a1_d1_02_mask.png",
      "area": 1159,
      "bb_left": 219,
      "bb_top": 215,
      "bb_width": 44,
      "bb_height": 39
    }
  ],
  "leaves_d5": [
    {
      "masked_path": "d5/uki_w1_t3_a1_d5_01_masked.png",
      "mask_path": "d5/uki_w1_t3_a1_d5_01_mask.png",
      "area": 4827,
      "bb_left": 125,
      "bb_top": 274,
      "bb_width": 72,
      "bb_height": 92
    },
    {
      "masked_path": "d5/uki_w1_t3_a1_d5_02_masked.png",
      "mask_path": "d5/uki_w1_t3_a1_d5_02_mask.png",
      "area": 3838,
      "bb_left": 143,
      "bb_top": 184,
      "bb_width": 83,
      "bb_height": 59
    },
    {
      "masked_path": "d5/uki_w1_t3_a1_d5_03_masked.png",
      "mask_path": "d5/uki_w1_t3_a1_d5_03_mask.png",
      "area": 4497,
      "bb_left": 206,
      "bb_top": 143,
      "bb_width": 80,
      "bb_height": 73
    },
    {
      "masked_path": "d5/uki_w1_t3_a1_d5_04_masked.png",
      "mask_path": "d5/uki_w1_t3_a1_d5_04_mask.png",
      "area": 579,
      "bb_left": 194,
      "bb_top": 158,
      "bb_width": 26,
      "bb_height": 35
    },
    {
      "masked_path": "d5/uki_w1_t3_a1_d5_05_masked.png",
      "mask_path": "d5/uki_w1_t3_a1_d5_05_mask.png",
      "area": 1357,
      "bb_left": 189,
      "bb_top": 221,
      "bb_width": 47,
      "bb_height": 44
    },
    {
      "masked_path": "d5/uki_w1_t3_a1_d5_06_masked.png",
      "mask_path": "d5/uki_w1_t3_a1_d5_06_mask.png",
      "area": 5206,
      "bb_left": 193,
      "bb_top": 273,
      "bb_width": 76,
      "bb_height": 83
    },
    {
      "masked_path": "d5/uki_w1_t3_a1_d5_07_masked.png",
      "mask_path": "d5/uki_w1_t3_a1_d5_07_mask.png",
      "area": 2914,
      "bb_left": 114,
      "bb_top": 244,
      "bb_width": 67,
      "bb_height": 63
    }
  ]
}