{
  "path_d1": "uki_w1_r1_d2_d1.png",
  "path_d5": "uki_w1_r1_d2_d5.png",
  "masked_path_d1": "uki_w1_r1_d2_d1_masked.png",
  "masked_path_d5": "uki_w1_r1_d2_d5_masked.png",
  "mask_path_d1": "uki_w1_r1_d2_d1_mask.png",
  "mask_path_d5": "uki_w1_r1_d2_d5_mask.png",
  "metadata_path": "uki_w1_r1_d2_metadata.json",
  "week": 1,
  "shelf_row": "r",
  "shelf_column": "1",
  "well_row": "d",
  "well_column": "2",
  "num_leaves_d1": 3,
  "num_leaves_d5": 9,
  "area_d1": 6999,
  "area_d5": 23051,
  "leaves_d1": [
    {
      "masked_path": "d1/uki_w1_r1_d2_d1_01_masked.png",
      "mask_path": "d1/uki_w1_r1_d2_d1_01_mask.png",
      "area": 4065,
      "bb_left": 254,
      "bb_top": 185,
      "bb_width": 59,
      "bb_height": 93
    },
    {
      "masked_path": "d1/uki_w1_r1_d2_d1_02_masked.png",
      "mask_path": "d1/uki_w1_r1_d2_d1_02_mask.png",
      "area": 2837,
      "bb_left": 202,
      "bb_top": 237,
      "bb_width": 65,
      "bb_height": 56
    },
    {
      "masked_path": "d1/uki_w1_r1_d2_d1_03_masked.png",
      "mask_path": "d1/uki_w1_r1_d2_d1_03_mask.png",
      "area": 144,
      "bb_left": 260,
      "bb_top": 269,
      "bb_width": 16,
      "bb_height": 14
    }
  ],
  "leaves_d5": [
    {
      "masked_path": "d5/uki_w1_r1_d2_d5_01_masked.png",
      "mask_path": "d5/uki_w1_r1_d2_d5_01_mask.png",
      "area": 5985,
      "bb_left": 161,
      "bb_top": 189,
      "bb_width": 100,
      "bb_height": 78
    },
    {
      "masked_path": "d5/uki_w1_r1_d2_d5_02_masked.png",
      "mask_path": "d5/uki_w1_r1_d2_d5_02_mask.png",
      "area": 840,
      "bb_left": 234,
      "bb_top": 202,
      "bb_width": 36,
      "bb_height": 46
    },
    {
      "masked_path": "d5/uki_w1_r1_d2_d5_03_masked.png",
      "mask_path": "d5/uki_w1_r1_d2_d5_03_mask.png",
      "area": 3207,
      "bb_left": 264,
      "bb_top": 214,
      "bb_width": 56,
      "bb_height": 77
    },
    {
      "masked_path": "d5/uki_w1_r1_d2_d5_04_masked.png",
      "mask_path": "d5/uki_w1_r1_d2_d5_04_mask.png",
      "area": 362,
      "bb_left": 255,
      "bb_top": 257,
      "bb_width": 19,
      "bb_height": 29
    },
    {
      "masked_path": "d5/uki_w1_r1_d2_d5_05_masked.png",
      "mask_path": "d5/uki_w1_r1_d2_d5_05_mask.png",
      "area": 3439,
      "bb_left": 186,
      "bb_top": 265,
      "bb_width": 75,
      "bb_height": 55
    },
    {
      "masked_path": "d5/uki_w1_r1_d2_d5_06_masked.png",
      "mask_path": "d5/uki_w1_r1_d2_d5_06_mask.png",
      "area": 4021,
      "bb_left": 284,
      "bb_top": 261,
      "bb_width": 75,
      "bb_height": 75
    },
    {
      "masked_path": "d5/uki_w1_r1_d2_d5_07_masked.png",
      "mask_path": "d5/uki_w1_r1_d2_d5_07_mask.png",
      "area": 4139,
      "bb_left": 249,
      "bb_top": 315,
      "bb_width": 82,
      "bb_height": 72
    },
    {
      "masked_path": "d5/uki_w1_r1_d2_d5_08_masked.png",
      "mask_path": "d5/uki_w1_r1_d2_d5_08_mask.png",
      "area": 842,
      "bb_left": 236,
      "bb_top": 331,
      "bb_width": 34,
      "bb_height": 40
    },
    {
      "masked_path": "d5/uki_w1_r1_d2_d5_09_masked.png",
      "mask_path": "d5/uki_w1_r1_d2_d5_09_mask.png",
      "area": 410,
      "bb_left": 255,
      "bb_top": 301,
      "bb_width": 33,
      "bb_height": 18
    }
  ]
}