{
  "path_d1": "uki_w1_r2_a3_d1.png",
  "path_d5": "uki_w1_r2_a3_d5.png",
  "masked_path_d1": "uki_w1_r2_a3_d1_masked.png",
  "masked_path_d5": "uki_w1_r2_a3_d5_masked.png",
  "mask_path_d1": "uki_w1_r2_a3_d1_mask.png",
  "mask_path_d5": "uki_w1_r2_a3_d5_mask.png",
  "metadata_path": "uki_w1_r2_a3_metadata.json",
  "week": 1,
  "shelf_row": "r",
  "shelf_column": "2",
  "well_row": "a",
  "well_column": "3",
  "num_leaves_d1": 2,
  "num_leaves_d5": 6,
  "area_d1": 5108,
  "area_d5": 19831,
  "leaves_d1": [
    {
      "masked_path": "d1/uki_w1_r2_a3_d1_01_masked.png",
      "mask_path": "d1/uki_w1_r2_a3_d1_01_mask.png",
      "area": 4282,
      "bb_left": 244,
      "bb_top": 206,
      "bb_width": 64,
      "bb_height": 89
    },
    {
      "masked_path": "d1/uki_w1_r2_a3_d1_02_masked.png",
      "mask_path": "d1/uki_w1_r2_a3_d1_02_mask.png",
      "area": 861,
      "bb_left": 232,
      "bb_top": 261,
      "bb_width": 37,
      "bb_height": 41
    }
  ],
  "leaves_d5": [
    {
      "masked_path": "d5/uki_w1_r2_a3_d5_01_masked.png",
      "mask_path": "d5/uki_w1_r2_a3_d5_01_mask.png",
      "area": 4279,
      "bb_left": 198,
      "bb_top": 228,
      "bb_width": 76,
      "bb_height": 74
    },
    {
      "masked_path": "d5/uki_w1_r2_a3_d5_02_masked.png",
      "mask_path": "d5/uki_w1_r2_a3_d5_02_mask.png",
      "area": 4869,
      "bb_left": 160,
      "bb_top": 178,
      "bb_width": 97,
      "bb_height": 68
    },
    {
      "masked_path": "d5/uki_w1_r2_a3_d5_03_masked.png",
      "mask_path": "d5/uki_w1_r2_a3_d5_03_mask.png",
      "area": 1884,
      "bb_left": 216,
      "bb_top": 160,
      "bb_width": 57,
      "bb_height": 51
    },
    {
      "masked_path": "d5/uki_w1_r2_a3_d5_04_masked.png",
      "mask_path": "d5/uki_w1_r2_a3_d5_04_mask.png",
      "area": 1199,
      "bb_left": 254,
      "bb_top": 201,
      "bb_width": 42,
      "bb_height": 45
    },
    {
      "masked_path": "d5/uki_w1_r2_a3_d5_05_masked.png",
      "mask_path": "d5/uki_w1_r2_a3_d5_05_mask.png",
      "area": 3961,
      "bb_left": 275,
      "bb_top": 151,
      "bb_width": 64,
      "bb_height": 84
    },
    {
      "masked_path": "d5/uki_w1_r2_a3_d5_06_masked.png",
      "mask_path": "d5/uki_w1_r2_a3_d5_06_mask.png",
      "area": 3749,
      "bb_left": 302,
      "bb_top": 207,
      "bb_width": 67,
      "bb_height": 74
    }
  ]
}