{
  "path_d1": "uki_w1_s4_b5_d1.png",
  "path_d5": "uki_w1_s4_b5_d5.png",
  "masked_path_d1": "uki_w1_s4_b5_d1_masked.png",
  "masked_path_d5": "uki_w1_s4_b5_d5_masked.png",
  "mask_path_d1": "uki_w1_s4_b5_d1_mask.png",
  "mask_path_d5": "uki_w1_s4_b5_d5_mask.png",
  "metadata_path": "uki_w1_s4_b5_metadata.json",
  "week": 1,
  "shelf_row": "s",
  "shelf_column": "4",
  "well_row": "b",
  "well_column": "5",
  "num_leaves_d1": 3,
  "num_leaves_d5": 5,
  "area_d1": 6709,
  "area_d5": 10874,
  "leaves_d1": [
    {
      "masked_path": "d1/uki_w1_s4_b5_d1_01_masked.png",
      "mask_path": "d1/uki_w1_s4_b5_d1_01_mask.png",
      "area": 3761,
      "bb_left": 214,
      "bb_top": 215,
      "bb_width": 57,
      "bb_height": 89
    },
    {
      "masked_path": "d1/uki_w1_s4_b5_d1_02_masked.png",
      "mask_path": "d1/uki_w1_s4_b5_d1_02_mask.png",
      "area": 1118,
      "bb_left": 266,
      "bb_top": 199,
      "bb_width": 37,
      "bb_height": 35
    },
    {
      "masked_path": "d1/uki_w1_s4_b5_d1_03_masked.png",
      "mask_path": "d1/uki_w1_s4_b5_d1_03_mask.png",
      "area": 1849,
      "bb_left": 271,
      "bb_top": 230,
      "bb_width": 45,
      "bb_height": 49
    }
  ],
  "leaves_d5": [
    {
      "masked_path": "d5/uki_w1_s4_b5_d5_01_masked.png",
      "mask_path": "d5/uki_w1_s4_b5_d5_01_mask.png",
      "area": 3350,
      "bb_left": 199,
      "bb_top": 207,
      "bb_width": 59,
      "bb_height": 74
    },
    {
      "masked_path": "d5/uki_w1_s4_b5_d5_02_masked.png",
      "mask_path": "d5/uki_w1_s4_b5_d5_02_mask.png",
      "area": 244,
      "bb_left": 251,
      "bb_top": 249,
      "bb_width": 15,
      "bb_height": 26
    },
    {
      "masked_path": "d5/uki_w1_s4_b5_d5_03_masked.png",
      "mask_path": "d5/uki_w1_s4_b5_d5_03_mask.png",
      "area": 531,
      "bb_left": 240,
      "bb_top": 275,
      "bb_width": 25,
      "bb_height": 24
    },
    {
      "masked_path": "d5/uki_w1_s4_b5_d5_04_masked.png",
      "mask_path": "d5/uki_w1_s4_b5_d5_04_mask.png",
      "area": 3992,
      "bb_left": 265,
      "bb_top": 218,
      "bb_width": 70,
      "bb_height": 81
    },
    {
      "masked_path": "d5/uki_w1_s4_b5_d5_05_masked.png",
      "mask_path": "d5/uki_w1_s4_b5_d5_05_mask.png",
      "area": 2864,
      "bb_left": 177,
      "bb_top": 254,
      "bb_width": 75,
      "bb_height": 63
    }
  ]
}