{
  "path_d1": "uki_w1_t4_c3_d1.png",
  "path_d5": "uki_w1_t4_c3_d5.png",
  "masked_path_d1": "uki_w1_t4_c3_d1_masked.png",
  "masked_path_d5": "uki_w1_t4_c3_d5_masked.png",
  "mask_path_d1": "uki_w1_t4_c3_d1_mask.png",
  "mask_path_d5": "uki_w1_t4_c3_d5_mask.png",
  "metadata_path": "uki_w1_t4_c3_metadata.json",
  "week": 1,
  "shelf_row": "t",
  "shelf_column": "4",
  "well_row": "c",
  "well_column": "3",
  "num_leaves_d1": 3,
  "num_leaves_d5": 10,
  "area_d1": 7141,
  "area_d5": 30605,
  "leaves_d1": [
    {
      "masked_path": "d1/uki_w1_t4_c3_d1_01_masked.png",
      "mask_path": "d1/uki_w1_t4_c3_d1_01_mask.png",
      "area": 2338,
      "bb_left": 233,
      "bb_top": 191,
      "bb_width": 66,
      "bb_height": 46
    },
    {
      "masked_path": "d1/uki_w1_t4_c3_d1_02_masked.png",
      "mask_path": "d1/uki_w1_t4_c3_d1_02_mask.png",
      "area": 4114,
      "bb_left": 219,
      "bb_top": 233,
      "bb_width": 68,
      "bb_height": 76
    },
    {
      "masked_path": "d1/uki_w1_t4_c3_d1_03_masked.png",
      "mask_path": "d1/uki_w1_t4_c3_d1_03_mask.png",
      "area": 737,
      "bb_left": 281,
      "bb_top": 231,
      "bb_width": 27,
      "bb_height": 36
    }
  ],
  "leaves_d5": [
    {
      "masked_path": "d5/uki_w1_t4_c3_d5_01_masked.png",
      "mask_path": "d5/uki_w1_t4_c3_d5_01_mask.png",
      "area": 4308,
      "bb_left": 214,
      "bb_top": 297,
      "bb_width": 63,
      "bb_height": 90
    },
    {
      "masked_path": "d5/uki_w1_t4_c3_d5_02_masked.png",
      "mask_path": "d5/uki_w1_t4_c3_d5_02_mask.png",
      "area": 5954,
      "bb_left": 264,
      "bb_top": 256,
      "bb_width": 113,
      "bb_height": 73
    },
    {
      "masked_path": "d5/uki_w1_t4_c3_d5_03_masked.png",
      "mask_path": "d5/uki_w1_t4_c3_d5_03_mask.png",
      "area": 1368,
      "bb_left": 266,
      "bb_top": 311,
      "bb_width": 57,
      "bb_height": 42
    },
    {
      "masked_path": "d5/uki_w1_t4_c3_d5_04_masked.png",
      "mask_path": "d5/uki_w1_t4_c3_d5_04_mask.png",
      "area": 349,
      "bb_left": 230,
      "bb_top": 288,
      "bb_width": 29,
      "bb_height": 20
    },
    {
      "masked_path": "d5/uki_w1_t4_c3_d5_05_masked.png",
      "mask_path": "d5/uki_w1_t4_c3_d5_05_mask.png",
      "area": 2194,
      "bb_left": 160,
      "bb_top": 237,
      "bb_width": 58,
      "bb_height": 48
    },
    {
      "masked_path": "d5/uki_w1_t4_c3_d5_06_masked.png",
      "mask_path": "d5/uki_w1_t4_c3_d5_06_mask.png",
      "area": 3660,
      "bb_left": 149,
      "bb_top": 181,
      "bb_width": 85,
      "bb_height": 58
    },
    {
      "masked_path": "d5/uki_w1_t4_c3_d5_07_masked.png",
      "mask_path": "d5/uki_w1_t4_c3_d5_07_mask.png",
      "area": 2996,
      "bb_left": 185,
      "bb_top": 149,
      "bb_width": 67,
      "bb_height": 72
    },
    {
      "masked_path": "d5/uki_w1_t4_c3_d5_08_masked.png",
      "mask_path": "d5/uki_w1_t4_c3_d5_08_mask.png",
      "area": 1784,
      "bb_left": 198,
      "bb_top": 244,
      "bb_width": 53,
      "bb_height": 51
    },
    {
      "masked_path": "d5/uki_w1_t4_c3_d5_09_masked.png",
      "mask_path": "d5/uki_w1_t4_c3_d5_09_mask.png",
      "area": 3934,
      "bb_left": 150,
      "bb_top": 280,
      "bb_width": 74,
      "bb_height": 69
    },
    {
      "masked_path": "d5/uki_w1_t4_c3_d5_10_masked.png",
      "mask_path": "d5/uki_w1_t4_c3_d5_10_mask.png",
      "area": 4314,
      "bb_left": 241,
      "bb_top": 210,
      "bb_width": 74,
      "bb_height": 87
    }
  ]
}