{
  "path_d1": "uki_w1_q2_d5_d1.png",
  "path_d5": "uki_w1_q2_d5_d5.png",
  "masked_path_d1": "uki_w1_q2_d5_d1_masked.png",
  "masked_path_d5": "uki_w1_q2_d5_d5_masked.png",
  "mask_path_d1": "uki_w1_q2_d5_d1_mask.png",
  "mask_path_d5": "uki_w1_q2_d5_d5_mask.png",
  "metadata_path": "uki_w1_q2_d5_metadata.json",
  "week": 1,
  "shelf_row": "q",
  "shelf_column": "2",
  "well_row": "d",
  "well_column": "5",
  "num_leaves_d1": 2,
  "num_leaves_d5": 5,
  "area_d1": 4276,
  "area_d5": 10996,
  "leaves_d1": [
    {
      "masked_path": "d1/uki_w1_q2_d5_d1_01_masked.png",
      "mask_path": "d1/uki_w1_q2_d5_d1_01_mask.png",
      "area": 1783,
      "bb_left": 242,
      "bb_top": 261,
      "bb_width": 44,
      "bb_height": 51
    },
    {
      "masked_path": "d1/uki_w1_q2_d5_d1_02_masked.png",
      "mask_path": "d1/uki_w1_q2_d5_d1_02_mask.png",
      "area": 2495,
      "bb_left": 223,
      "bb_top": 213,
      "bb_width": 52,
      "bb_height": 71
    }
  ],
  "leaves_d5": [
    {
      "masked_path": "d5/uki_w1_q2_d5_d5_01_masked.png",
      "mask_path": "d5/uki_w1_q2_d5_d5_01_mask.png",
      "area": 4228,
      "bb_left": 230,
      "bb_top": 283,
      "bb_width": 68,
      "bb_height": 83
    },
    {
      "masked_path": "d5/uki_w1_q2_d5_d5_02_masked.png",
      "mask_path": "d5/uki_w1_q2_d5_d5_02_mask.png",
      "area": 2630,
      "bb_left": 245,
      "bb_top": 242,
      "bb_width": 73,
      "bb_height": 48
    },
    {
      "masked_path": "d5/uki_w1_q2_d5_d5_03_masked.png",
      "mask_path": "d5/uki_w1_q2_d5_d5_03_mask.png",
      "area": 242,
      "bb_left": 243,
      "bb_top": 266,
      "bb_width": 20,
      "bb_height": 24
    },
    {
      "masked_path": "d5/uki_w1_q2_d5_d5_04_masked.png",
      "mask_path": "d5/uki_w1_q2_d5_d5_04_mask.png",
      "area": 1639,
      "bb_left": 201,
      "bb_top": 258,
      "bb_width": 46,
      "bb_height": 45
    },
    {
      "masked_path": "d5/uki_w1_q2_d5_d5_05_masked.png",
      "mask_path": "d5/uki_w1_q2_d5_d5_05_mask.png",
      "area": 2318,
      "bb_left": 217,
      "bb_top": 212,
      "bb_width": 58,
      "bb_height": 53
    }
  ]
}