{
  "path_d1": "uki_w1_t3_c3_d1.png",
  "path_d5": "uki_w1_t3_c3_d5.png",
  "masked_path_d1": "uki_w1_t3_c3_d1_masked.png",
  "masked_path_d5": "uki_w1_t3_c3_d5_masked.png",
  "mask_path_d1": "uki_w1_t3_c3_d1_mask.png",
  "mask_path_d5": "uki_w1_t3_c3_d5_mask.png",
  "metadata_path": "uki_w1_t3_c3_metadata.json",
  "week": 1,
  "shelf_row": "t",
  "shelf_column": "3",
  "well_row": "c",
  "well_column": "3",
  "num_leaves_d1": 3,
  "num_leaves_d5": 14,
  "area_d1": 7981,
  "area_d5": 45668,
  "leaves_d1": [
    {
      "masked_path": "d1/uki_w1_t3_c3_d1_01_masked.png",
      "mask_path": "d1/uki_w1_t3_c3_d1_01_mask.png",
      "area": 3446,
      "bb_left": 143,
      "bb_top": 206,
      "bb_width": 60,
      "bb_height": 82
    },
    {
      "masked_path": "d1/uki_w1_t3_c3_d1_02_masked.png",
      "mask_path": "d1/uki_w1_t3_c3_d1_02_mask.png",
      "area": 2647,
      "bb_left": 201,
      "bb_top": 213,
      "bb_width": 50,
      "bb_height": 66
    },
    {
      "masked_path": "d1/uki_w1_t3_c3_d1_03_masked.png",
      "mask_path": "d1/uki_w1_t3_c3_d1_03_mask.png",
      "area": 1920,
      "bb_left": 161,
      "bb_top": 255,
      "bb_width": 54,
      "bb_height": 54
    }
  ],
  "leaves_d5": [
    {
      "masked_path": "d5/uki_w1_t3_c3_d5_01_masked.png",
      "mask_path": "d5/uki_w1_t3_c3_d5_01_mask.png",
      "area": 3996,
      "bb_left": 262,
      "bb_top": 102,
      "bb_width": 82,
      "bb_height": 71
    },
    {
      "masked_path": "d5/uki_w1_t3_c3_d5_02_masked.png",
      "mask_path": "d5/uki_w1_t3_c3_d5_02_mask.png",
      "area": 4017,
      "bb_left": 212,
      "bb_top": 209,
      "bb_width": 65,
      "bb_height": 87
    },
    {
      "masked_path": "d5/uki_w1_t3_c3_d5_03_masked.png",
      "mask_path": "d5/uki_w1_t3_c3_d5_03_mask.png",
      "area": 3132,
      "bb_left": 258,
      "bb_top": 329,
      "bb_width": 65,
      "bb_height": 65
    },
    {
      "masked_path": "d5/uki_w1_t3_c3_d5_04_masked.png",
      "mask_path": "d5/uki_w1_t3_c3_d5_04_mask.png",
      "area": 5812,
      "bb_left": 175,
      "bb_top": 288,
      "bb_width": 89,
      "bb_height": 87
    },
    {
      "masked_path": "d5/uki_w1_t3_c3_d5_05_masked.png",
      "mask_path": "d5/uki_w1_t3_c3_d5_05_mask.png",
      "area": 6279,
      "bb_left": 270,
      "bb_top": 247,
      "bb_width": 92,
      "bb_height": 86
    },
    {
      "masked_path": "d5/uki_w1_t3_c3_d5_06_masked.png",
      "mask_path": "d5/uki_w1_t3_c3_d5_06_mask.png",
      "area": 4288,
      "bb_left": 256,
      "bb_top": 387,
      "bb_width": 73,
      "bb_height": 75
    },
    {
      "masked_path": "d5/uki_w1_t3_c3_d5_07_masked.png",
      "mask_path": "d5/uki_w1_t3_c3_d5_07_mask.png",
      "area": 2338,
      "bb_left": 193,
      "bb_top": 365,
      "bb_width": 66,
      "bb_height": 47
    },
    {
      "masked_path": "d5/uki_w1_t3_c3_d5_08_masked.png",
      "mask_path": "d5/uki_w1_t3_c3_d5_08_mask.png",
      "area": 447,
      "bb_left": 252,
      "bb_top": 319,
      "bb_width": 19,
      "bb_height": 33
    },
    {
      "masked_path": "d5/uki_w1_t3_c3_d5_09_masked.png",
      "mask_path": "d5/uki_w1_t3_c3_d5_09_mask.png",
      "area": 2219,
      "bb_left": 275,
      "bb_top": 207,
      "bb_width": 63,
      "bb_height": 43
    },
    {
      "masked_path": "d5/uki_w1_t3_c3_d5_10_masked.png",
      "mask_path": "d5/uki_w1_t3_c3_d5_10_mask.png",
      "area": 5391,
      "bb_left": 199,
      "bb_top": 51,
      "bb_width": 78,
      "bb_height": 88
    },
    {
      "masked_path": "d5/uki_w1_t3_c3_d5_11_masked.png",
      "mask_path": "d5/uki_w1_t3_c3_d5_11_mask.png",
      "area": 2156,
      "bb_left": 202,
      "bb_top": 118,
      "bb_width": 62,
      "bb_height": 50
    },
    {
      "masked_path": "d5/uki_w1_t3_c3_d5_12_masked.png",
      "mask_path": "d5/uki_w1_t3_c3_d5_12_mask.png",
      "area": 491,
      "bb_left": 274,
      "bb_top": 85,
      "bb_width": 19,
      "bb_height": 35
    },
    {
      "masked_path": "d5/uki_w1_t3_c3_d5_13_masked.png",
      "mask_path": "d5/uki_w1_t3_c3_d5_13_mask.png",
      "area": 1308,
      "bb_left": 280,
      "bb_top": 157,
      "bb_width": 46,
      "bb_height": 40
    },
    {
      "masked_path": "d5/uki_w1_t3_c3_d5_14_masked.png",
      "mask_path": "d5/uki_w1_t3_c3_d5_14_mask.png",
      "area": 4097,
      "bb_left": 189,
      "bb_top": 165,
      "bb_width": 76,
      "bb_height": 71
    }
  ]
}