{
  "path_d1": "uki_w1_r3_c1_d1.png",
  "path_d5": "uki_w1_r3_c1_d5.png",
  "masked_path_d1": "uki_w1_r3_c1_d1_masked.png",
  "masked_path_d5": "uki_w1_r3_c1_d5_masked.png",
  "mask_path_d1": "uki_w1_r3_c1_d1_mask.png",
  "mask_path_d5": "uki_w1_r3_c1_d5_mask.png",
  "metadata_path": "uki_w1_r3_c1_metadata.json",
  "week": 1,
  "shelf_row": "r",
  "shelf_column": "3",
  "well_row": "c",
  "well_column": "1",
  "num_leaves_d1": 2,
  "num_leaves_d5": 4,
  "area_d1": 6393,
  "area_d5": 9162,
  "leaves_d1": [
    {
      "masked_path": "d1/uki_w1_r3_c1_d1_01_masked.png",
      "mask_path": "d1/uki_w1_r3_c1_d1_01_mask.png",
      "area": 3705,
      "bb_left": 236,
      "bb_top": 204,
      "bb_width": 76,
      "bb_height": 62
    },
    {
      "masked_path": "d1/uki_w1_r3_c1_d1_02_masked.png",
      "mask_path": "d1/uki_w1_r3_c1_d1_02_mask.png",
      "area": 2716,
      "bb_left": 210,
      "bb_top": 230,
      "bb_width": 51,
      "bb_height": 79
    }
  ],
  "leaves_d5": [
    {
      "masked_path": "d5/uki_w1_r3_c1_d5_01_masked.png",
      "mask_path": "d5/uki_w1_r3_c1_d5_01_mask.png",
      "area": 3716,
      "bb_left": 249,
      "bb_top": 220,
      "bb_width": 74,
      "bb_height": 63
    },
    {
      "masked_path": "d5/uki_w1_r3_c1_d5_02_masked.png",
      "mask_path": "d5/uki_w1_r3_c1_d5_02_mask.png",
      "area": 2893,
      "bb_left": 218,
      "bb_top": 269,
      "bb_width": 65,
      "bb_height": 65
    },
    {
      "masked_path": "d5/uki_w1_r3_c1_d5_03_masked.png",
      "mask_path": "d5/uki_w1_r3_c1_d5_03_mask.png",
      "area": 1820,
      "bb_left": 210,
      "bb_top": 223,
      "bb_width": 47,
      "bb_height": 50
    },
    {
      "masked_path": "d5/uki_w1_r3_c1_d5_04_masked.png",
      "mask_path": "d5/uki_w1_r3_c1_d5_04_mask.png",
      "area": 785,
      "bb_left": 202,
      "bb_top": 281,
      "bb_width": 31,
      "bb_height": 39
    }
  ]
}