{
  "path_d1": "uki_w1_r1_d1_d1.png",
  "path_d5": "uki_w1_r1_d1_d5.png",
  "masked_path_d1": "uki_w1_r1_d1_d1_masked.png",
  "masked_path_d5": "uki_w1_r1_d1_d5_masked.png",
  "mask_path_d1": "uki_w1_r1_d1_d1_mask.png",
  "mask_path_d5": "uki_w1_r1_d1_d5_mask.png",
  "metadata_path": "uki_w1_r1_d1_metadata.json",
  "week": 1,
  "shelf_row": "r",
  "shelf_column": "1",
  "well_row": "d",
  "well_column": "1",
  "num_leaves_d1": 2,
  "num_leaves_d5": 8,
  "area_d1": 4782,
  "area_d5": 17676,
  "leaves_d1": [
    {
      "masked_path": "d1/uki_w1_r1_d1_d1_01_masked.png",
      "mask_path": "d1/uki_w1_r1_d1_d1_01_mask.png",
      "area": 2777,
      "bb_left": 240,
      "bb_top": 221,
      "bb_width": 65,
      "bb_height": 56
    },
    {
      "masked_path": "d1/uki_w1_r1_d1_d1_02_masked.png",
      "mask_path": "d1/uki_w1_r1_d1_d1_02_mask.png",
      "area": 2035,
      "bb_left": 195,
      "bb_top": 236,
      "bb_width": 56,
      "bb_height": 50
    }
  ],
  "leaves_d5": [
    {
      "masked_path": "d5/uki_w1_r1_d1_d5_01_masked.png",
      "mask_path": "d5/uki_w1_r1_d1_d5_01_mask.png",
      "area": 5102,
      "bb_left": 165,
      "bb_top": 166,
      "bb_width": 77,
      "bb_height": 92
    },
    {
      "masked_path": "d5/uki_w1_r1_d1_d5_02_masked.png",
      "mask_path": "d5/uki_w1_r1_d1_d5_02_mask.png",
      "area": 122,
      "bb_left": 228,
      "bb_top": 217,
      "bb_width": 14,
      "bb_height": 21
    },
    {
      "masked_path": "d5/uki_w1_r1_d1_d5_03_masked.png",
      "mask_path": "d5/uki_w1_r1_d1_d5_03_mask.png",
      "area": 1282,
      "bb_left": 165,
      "bb_top": 233,
      "bb_width": 46,
      "bb_height": 44
    },
    {
      "masked_path": "d5/uki_w1_r1_d1_d5_04_masked.png",
      "mask_path": "d5/uki_w1_r1_d1_d5_04_mask.png",
      "area": 3417,
      "bb_left": 204,
      "bb_top": 222,
      "bb_width": 82,
      "bb_height": 62
    },
    {
      "masked_path": "d5/uki_w1_r1_d1_d5_05_masked.png",
      "mask_path": "d5/uki_w1_r1_d1_d5_05_mask.png",
      "area": 2112,
      "bb_left": 200,
      "bb_top": 279,
      "bb_width": 64,
      "bb_height": 48
    },
    {
      "masked_path": "d5/uki_w1_r1_d1_d5_06_masked.png",
      "mask_path": "d5/uki_w1_r1_d1_d5_06_mask.png",
      "area": 3880,
      "bb_left": 167,
      "bb_top": 300,
      "bb_width": 64,
      "bb_height": 73
    },
    {
      "masked_path": "d5/uki_w1_r1_d1_d5_07_masked.png",
      "mask_path": "d5/uki_w1_r1_d1_d5_07_mask.png",
      "area": 1637,
      "bb_left": 134,
      "bb_top": 286,
      "bb_width": 60,
      "bb_height": 43
    },
    {
      "masked_path": "d5/uki_w1_r1_d1_d5_08_masked.png",
      "mask_path": "d5/uki_w1_r1_d1_d5_08_mask.png",
      "area": 240,
      "bb_left": 169,
      "bb_top": 278,
      "bb_width": 24,
      "bb_height": 14
    }
  ]
}