{
  "path_d1": "uki_w1_p3_c3_d1.png",
  "path_d5": "uki_w1_p3_c3_d5.png",
  "masked_path_d1": "uki_w1_p3_c3_d1_masked.png",
  "masked_path_d5": "uki_w1_p3_c3_d5_masked.png",
  "mask_path_d1": "uki_w1_p3_c3_d1_mask.png",
  "mask_path_d5": "uki_w1_p3_c3_d5_mask.png",
  "metadata_path": "uki_w1_p3_c3_metadata.json",
  "week": 1,
  "shelf_row": "p",
  "shelf_column": "3",
  "well_row": "c",
  "well_column": "3",
  "num_leaves_d1": 4,
  "num_leaves_d5": 8,
  "area_d1": 10980,
  "area_d5": 20854,
  "leaves_d1": [
    {
      "masked_path": "d1/uki_w1_p3_c3_d1_01_masked.png",
      "mask_path": "d1/uki_w1_p3_c3_d1_01_mask.png",
      "area": 2752,
      "bb_left": 205,
      "bb_top": 226,
      "bb_width": 52,
      "bb_height": 69
    },
    {
      "masked_path": "d1/uki_w1_p3_c3_d1_02_masked.png",
      "mask_path": "d1/uki_w1_p3_c3_d1_02_mask.png",
      "area": 1624,
      "bb_left": 221,
      "bb_top": 205,
      "bb_width": 54,
      "bb_height": 47
    },
    {
      "masked_path": "d1/uki_w1_p3_c3_d1_03_masked.png",
      "mask_path": "d1/uki_w1_p3_c3_d1_03_mask.png",
      "area": 5124,
      "bb_left": 254,
      "bb_top": 242,
      "bb_width": 79,
      "bb_height": 83
    },
    {
      "masked_path": "d1/uki_w1_p3_c3_d1_04_masked.png",
      "mask_path": "d1/uki_w1_p3_c3_d1_04_mask.png",
      "area": 1537,
      "bb_left": 277,
      "bb_top": 210,
      "bb_width": 47,
      "bb_height": 40
    }
  ],
  "leaves_d5": [
    {
      "masked_path": "d5/uki_w1_p3_c3_d5_01_masked.png",
      "mask_path": "d5/uki_w1_p3_c3_d5_01_mask.png",
      "area": 5268,
      "bb_left": 226,
      "bb_top": 271,
      "bb_width": 91,
      "bb_height": 78
    },
    {
      "masked_path": "d5/uki_w1_p3_c3_d5_02_masked.png",
      "mask_path": "d5/uki_w1_p3_c3_d5_02_mask.png",
      "area": 2293,
      "bb_left": 163,
      "bb_top": 275,
      "bb_width": 70,
      "bb_height": 47
    },
    {
      "masked_path": "d5/uki_w1_p3_c3_d5_03_masked.png",
      "mask_path": "d5/uki_w1_p3_c3_d5_03_mask.png",
      "area": 3667,
      "bb_left": 180,
      "bb_top": 307,
      "bb_width": 68,
      "bb_height": 70
    },
    {
      "masked_path": "d5/uki_w1_p3_c3_d5_04_masked.png",
      "mask_path": "d5/uki_w1_p3_c3_d5_04_mask.png",
      "area": 3719,
      "bb_left": 262,
      "bb_top": 152,
      "bb_width": 72,
      "bb_height": 78
    },
    {
      "masked_path": "d5/uki_w1_p3_c3_d5_05_masked.png",
      "mask_path": "d5/uki_w1_p3_c3_d5_05_mask.png",
      "area": 152,
      "bb_left": 325,
      "bb_top": 186,
      "bb_width": 12,
      "bb_height": 21
    },
    {
      "masked_path": "d5/uki_w1_p3_c3_d5_06_masked.png",
      "mask_path": "d5/uki_w1_p3_c3_d5_06_mask.png",
      "area": 2433,
      "bb_left": 300,
      "bb_top": 209,
      "bb_width": 65,
      "bb_height": 50
    },
    {
      "masked_path": "d5/uki_w1_p3_c3_d5_07_masked.png",
      "mask_path": "d5/uki_w1_p3_c3_d5_07_mask.png",
      "area": 946,
      "bb_left": 297,
      "bb_top": 257,
      "bb_width": 43,
      "bb_height": 27
    },
    {
      "masked_path": "d5/uki_w1_p3_c3_d5_08_masked.png",
      "mask_path": "d5/uki_w1_p3_c3_d5_08_mask.png",
      "area": 2553,
      "bb_left": 244,
      "bb_top": 201,
      "bb_width": 66,
      "bb_height": 59
    }
  ]
}