{
  "path_d1": "uki_w1_p3_b6_d1.png",
  "path_d5": "uki_w1_p3_b6_d5.png",
  "masked_path_d1": "uki_w1_p3_b6_d1_masked.png",
  "masked_path_d5": "uki_w1_p3_b6_d5_masked.png",
  "mask_path_d1": "uki_w1_p3_b6_d1_mask.png",
  "mask_path_d5": "uki_w1_p3_b6_d5_mask.png",
  "metadata_path": "uki_w1_p3_b6_metadata.json",
  "week": 1,
  "shelf_row": "p",
  "shelf_column": "3",
  "well_row": "b",
  "well_column": "6",
  "num_leaves_d1": 3,
  "num_leaves_d5": 9,
  "area_d1": 9094,
  "area_d5": 27158,
  "leaves_d1": [
    {
      "masked_path": "d1/uki_w1_p3_b6_d1_01_masked.png",
      "mask_path": "d1/uki_w1_p3_b6_d1_01_mask.png",
      "area": 6042,
      "bb_left": 235,
      "bb_top": 195,
      "bb_width": 77,
      "bb_height": 106
    },
    {
      "masked_path": "d1/uki_w1_p3_b6_d1_02_masked.png",
      "mask_path": "d1/uki_w1_p3_b6_d1_02_mask.png",
      "area": 2724,
      "bb_left": 190,
      "bb_top": 252,
      "bb_width": 65,
      "bb_height": 61
    },
    {
      "masked_path": "d1/uki_w1_p3_b6_d1_03_masked.png",
      "mask_path": "d1/uki_w1_p3_b6_d1_03_mask.png",
      "area": 328,
      "bb_left": 276,
      "bb_top": 273,
      "bb_width": 28,
      "bb_height": 27
    }
  ],
  "leaves_d5": [
    {
      "masked_path": "d5/uki_w1_p3_b6_d5_01_masked.png",
      "mask_path": "d5/uki_w1_p3_b6_d5_01_mask.png",
      "area": 4146,
      "bb_left": 272,
      "bb_top": 239,
      "bb_width": 76,
      "bb_height": 78
    },
    {
      "masked_path": "d5/uki_w1_p3_b6_d5_02_masked.png",
      "mask_path": "d5/uki_w1_p3_b6_d5_02_mask.png",
      "area": 5432,
      "bb_left": 286,
      "bb_top": 170,
      "bb_width": 85,
      "bb_height": 81
    },
    {
      "masked_path": "d5/uki_w1_p3_b6_d5_03_masked.png",
      "mask_path": "d5/uki_w1_p3_b6_d5_03_mask.png",
      "area": 304,
      "bb_left": 276,
      "bb_top": 210,
      "bb_width": 13,
      "bb_height": 30
    },
    {
      "masked_path": "d5/uki_w1_p3_b6_d5_04_masked.png",
      "mask_path": "d5/uki_w1_p3_b6_d5_04_mask.png",
      "area": 1964,
      "bb_left": 239,
      "bb_top": 242,
      "bb_width": 46,
      "bb_height": 58
    },
    {
      "masked_path": "d5/uki_w1_p3_b6_d5_05_masked.png",
      "mask_path": "d5/uki_w1_p3_b6_d5_05_mask.png",
      "area": 5386,
      "bb_left": 166,
      "bb_top": 196,
      "bb_width": 77,
      "bb_height": 90
    },
    {
      "masked_path": "d5/uki_w1_p3_b6_d5_06_masked.png",
      "mask_path": "d5/uki_w1_p3_b6_d5_06_mask.png",
      "area": 4311,
      "bb_left": 184,
      "bb_top": 106,
      "bb_width": 63,
      "bb_height": 95
    },
    {
      "masked_path": "d5/uki_w1_p3_b6_d5_07_masked.png",
      "mask_path": "d5/uki_w1_p3_b6_d5_07_mask.png",
      "area": 672,
      "bb_left": 229,
      "bb_top": 157,
      "bb_width": 28,
      "bb_height": 42
    },
    {
      "masked_path": "d5/uki_w1_p3_b6_d5_08_masked.png",
      "mask_path": "d5/uki_w1_p3_b6_d5_08_mask.png",
      "area": 1853,
      "bb_left": 233,
      "bb_top": 189,
      "bb_width": 46,
      "bb_height": 55
    },
    {
      "masked_path": "d5/uki_w1_p3_b6_d5_09_masked.png",
      "mask_path": "d5/uki_w1_p3_b6_d5_09_mask.png",
      "area": 3435,
      "bb_left": 142,
      "bb_top": 143,
      "bb_width": 62,
      "bb_height": 73
    }
  ]
}