{
  "path_d1": "uki_w1_t4_d4_d1.png",
  "path_d5": "uki_w1_t4_d4_d5.png",
  "masked_path_d1": "uki_w1_t4_d4_d1_masked.png",
  "masked_path_d5": "uki_w1_t4_d4_d5_masked.png",
  "mask_path_d1": "uki_w1_t4_d4_d1_mask.png",
  "mask_path_d5": "uki_w1_t4_d4_d5_mask.png",
  "metadata_path": "uki_w1_t4_d4_metadata.json",
  "week": 1,
  "shelf_row": "t",
  "shelf_column": "4",
  "well_row": "d",
  "well_column": "4",
  "num_leaves_d1": 4,
  "num_leaves_d5": 17,
  "area_d1": 8786,
  "area_d5": 37242,
  "leaves_d1": [
    {
      "masked_path": "d1/uki_w1_t4_d4_d1_01_masked.png",
      "mask_path": "d1/uki_w1_t4_d4_d1_01_mask.png",
      "area": 3285,
      "bb_left": 216,
      "bb_top": 243,
      "bb_width": 61,
      "bb_height": 65
    },
    {
      "masked_path": "d1/uki_w1_t4_d4_d1_02_masked.png",
      "mask_path": "d1/uki_w1_t4_d4_d1_02_mask.png",
      "area": 2577,
      "bb_left": 276,
      "bb_top": 235,
      "bb_width": 49,
      "bb_height": 66
    },
    {
      "masked_path": "d1/uki_w1_t4_d4_d1_03_masked.png",
      "mask_path": "d1/uki_w1_t4_d4_d1_03_mask.png",
      "area": 2240,
      "bb_left": 226,
      "bb_top": 199,
      "bb_width": 58,
      "bb_height": 52
    },
    {
      "masked_path": "d1/uki_w1_t4_d4_d1_04_masked.png",
      "mask_path": "d1/uki_w1_t4_d4_d1_04_mask.png",
      "area": 753,
      "bb_left": 275,
      "bb_top": 209,
      "bb_width": 29,
      "bb_height": 43
    }
  ],
  "leaves_d5": [
    {
      "masked_path": "d5/uki_w1_t4_d4_d5_01_masked.png",
      "mask_path": "d5/uki_w1_t4_d4_d5_01_mask.png",
      "area": 2336,
      "bb_left": 314,
      "bb_top": 193,
      "bb_width": 50,
      "bb_height": 54
    },
    {
      "masked_path": "d5/uki_w1_t4_d4_d5_02_masked.png",
      "mask_path": "d5/uki_w1_t4_d4_d5_02_mask.png",
      "area": 1843,
      "bb_left": 224,
      "bb_top": 158,
      "bb_width": 50,
      "bb_height": 44
    },
    {
      "masked_path": "d5/uki_w1_t4_d4_d5_03_masked.png",
      "mask_path": "d5/uki_w1_t4_d4_d5_03_mask.png",
      "area": 4152,
      "bb_left": 158,
      "bb_top": 171,
      "bb_width": 76,
      "bb_height": 72
    },
    {
      "masked_path": "d5/uki_w1_t4_d4_d5_04_masked.png",
      "mask_path": "d5/uki_w1_t4_d4_d5_04_mask.png",
      "area": 2031,
      "bb_left": 207,
      "bb_top": 261,
      "bb_width": 51,
      "bb_height": 48
    },
    {
      "masked_path": "d5/uki_w1_t4_d4_d5_05_masked.png",
      "mask_path": "d5/uki_w1_t4_d4_d5_05_mask.png",
      "area": 1916,
      "bb_left": 318,
      "bb_top": 237,
      "bb_width": 52,
      "bb_height": 49
    },
    {
      "masked_path": "d5/uki_w1_t4_d4_d5_06_masked.png",
      "mask_path": "d5/uki_w1_t4_d4_d5_06_mask.png",
      "area": 4406,
      "bb_left": 264,
      "bb_top": 271,
      "bb_width": 74,
      "bb_height": 80
    },
    {
      "masked_path": "d5/uki_w1_t4_d4_d5_07_masked.png",
      "mask_path": "d5/uki_w1_t4_d4_d5_07_mask.png",
      "area": 2799,
      "bb_left": 324,
      "bb_top": 285,
      "bb_width": 53,
      "bb_height": 67
    },
    {
      "masked_path": "d5/uki_w1_t4_d4_d5_08_masked.png",
      "mask_path": "d5/uki_w1_t4_d4_d5_08_mask.png",
      "area": 2121,
      "bb_left": 160,
      "bb_top": 292,
      "bb_width": 50,
      "bb_height": 55
    },
    {
      "masked_path": "d5/uki_w1_t4_d4_d5_09_masked.png",
      "mask_path": "d5/uki_w1_t4_d4_d5_09_mask.png",
      "area": 1129,
      "bb_left": 201,
      "bb_top": 306,
      "bb_width": 31,
      "bb_height": 44
    },
    {
      "masked_path": "d5/uki_w1_t4_d4_d5_10_masked.png",
      "mask_path": "d5/uki_w1_t4_d4_d5_10_mask.png",
      "area": 1093,
      "bb_left": 229,
      "bb_top": 306,
      "bb_width": 32,
      "bb_height": 42
    },
    {
      "masked_path": "d5/uki_w1_t4_d4_d5_11_masked.png",
      "mask_path": "d5/uki_w1_t4_d4_d5_11_mask.png",
      "area": 1702,
      "bb_left": 160,
      "bb_top": 254,
      "bb_width": 49,
      "bb_height": 45
    },
    {
      "masked_path": "d5/uki_w1_t4_d4_d5_12_masked.png",
      "mask_path": "d5/uki_w1_t4_d4_d5_12_mask.png",
      "area": 2406,
      "bb_left": 266,
      "bb_top": 193,
      "bb_width": 49,
      "bb_height": 59
    },
    {
      "masked_path": "d5/uki_w1_t4_d4_d5_13_masked.png",
      "mask_path": "d5/uki_w1_t4_d4_d5_13_mask.png",
      "area": 1742,
      "bb_left": 264,
      "bb_top": 243,
      "bb_width": 57,
      "bb_height": 46
    },
    {
      "masked_path": "d5/uki_w1_t4_d4_d5_14_masked.png",
      "mask_path": "d5/uki_w1_t4_d4_d5_14_mask.png",
      "area": 1940,
      "bb_left": 217,
      "bb_top": 198,
      "bb_width": 56,
      "bb_height": 50
    },
    {
      "masked_path": "d5/uki_w1_t4_d4_d5_15_masked.png",
      "mask_path": "d5/uki_w1_t4_d4_d5_15_mask.png",
      "area": 2737,
      "bb_left": 214,
      "bb_top": 110,
      "bb_width": 62,
      "bb_height": 61
    },
    {
      "masked_path": "d5/uki_w1_t4_d4_d5_16_masked.png",
      "mask_path": "d5/uki_w1_t4_d4_d5_16_mask.png",
      "area": 2290,
      "bb_left": 275,
      "bb_top": 126,
      "bb_width": 46,
      "bb_height": 70
    },
    {
      "masked_path": "d5/uki_w1_t4_d4_d5_17_masked.png",
      "mask_path": "d5/uki_w1_t4_d4_d5_17_mask.png",
      "area": 1035,
      "bb_left": 184,
      "bb_top": 142,
      "bb_width": 44,
      "bb_height": 32
    }
  ]
}