{
  "path_d1": "uki_w1_s3_a6_d1.png",
  "path_d5": "uki_w1_s3_a6_d5.png",
  "masked_path_d1": "uki_w1_s3_a6_d1_masked.png",
  "masked_path_d5": "uki_w1_s3_a6_d5_masked.png",
  "mask_path_d1": "uki_w1_s3_a6_d1_mask.png",
  "mask_path_d5": "uki_w1_s3_a6_d5_mask.png",
  "metadata_path": "uki_w1_s3_a6_metadata.json",
  "week": 1,
  "shelf_row": "s",
  "shelf_column": "3",
  "well_row": "a",
  "well_column": "6",
  "num_leaves_d1": 2,
  "num_leaves_d5": 6,
  "area_d1": 4082,
  "area_d5": 15447,
  "leaves_d1": [
    {
      "masked_path": "d1/uki_w1_s3_a6_d1_01_masked.png",
      "mask_path": "d1/uki_w1_s3_a6_d1_01_mask.png",
      "area": 2246,
      "bb_left": 255,
      "bb_top": 220,
      "bb_width": 53,
      "bb_height": 56
    },
    {
      "masked_path": "d1/uki_w1_s3_a6_d1_02_masked.png",
      "mask_path": "d1/uki_w1_s3_a6_d1_02_mask.png",
      "area": 1863,
      "bb_left": 211,
      "bb_top": 225,
      "bb_width": 52,
      "bb_height": 48
    }
  ],
  "leaves_d5": [
    {
      "masked_path": "d5/uki_w1_s3_a6_d5_01_masked.png",
      "mask_path": "d5/uki_w1_s3_a6_d5_01_mask.png",
      "area": 5125,
      "bb_left": 151,
      "bb_top": 235,
      "bb_width": 77,
      "bb_height": 85
    },
    {
      "masked_path": "d5/uki_w1_s3_a6_d5_02_masked.png",
      "mask_path": "d5/uki_w1_s3_a6_d5_02_mask.png",
      "area": 2892,
      "bb_left": 158,
      "bb_top": 190,
      "bb_width": 77,
      "bb_height": 52
    },
    {
      "masked_path": "d5/uki_w1_s3_a6_d5_03_masked.png",
      "mask_path": "d5/uki_w1_s3_a6_d5_03_mask.png",
      "area": 831,
      "bb_left": 222,
      "bb_top": 238,
      "bb_width": 26,
      "bb_height": 43
    },
    {
      "masked_path": "d5/uki_w1_s3_a6_d5_04_masked.png",
      "mask_path": "d5/uki_w1_s3_a6_d5_04_mask.png",
      "area": 2652,
      "bb_left": 259,
      "bb_top": 182,
      "bb_width": 57,
      "bb_height": 57
    },
    {
      "masked_path": "d5/uki_w1_s3_a6_d5_05_masked.png",
      "mask_path": "d5/uki_w1_s3_a6_d5_05_mask.png",
      "area": 2262,
      "bb_left": 250,
      "bb_top": 221,
      "bb_width": 52,
      "bb_height": 63
    },
    {
      "masked_path": "d5/uki_w1_s3_a6_d5_06_masked.png",
      "mask_path": "d5/uki_w1_s3_a6_d5_06_mask.png",
      "area": 1778,
      "bb_left": 211,
      "bb_top": 178,
      "bb_width": 49,
      "bb_height": 53
    }
  ]
}