{
  "path_d1": "uki_w1_r3_a1_d1.png",
  "path_d5": "uki_w1_r3_a1_d5.png",
  "masked_path_d1": "uki_w1_r3_a1_d1_masked.png",
  "masked_path_d5": "uki_w1_r3_a1_d5_masked.png",
  "mask_path_d1": "uki_w1_r3_a1_d1_mask.png",
  "mask_path_d5": "uki_w1_r3_a1_d5_mask.png",
  "metadata_path": "uki_w1_r3_a1_metadata.json",
  "week": 1,
  "shelf_row": "r",
  "shelf_column": "3",
  "well_row": "a",
  "well_column": "1",
  "num_leaves_d1": 3,
  "num_leaves_d5": 6,
  "area_d1": 8051,
  "area_d5": 13319,
  "leaves_d1": [
    {
      "masked_path": "d1/uki_w1_r3_a1_d1_01_masked.png",
      "mask_path": "d1/uki_w1_r3_a1_d1_01_mask.png",
      "area": 4370,
      "bb_left": 215,
      "bb_top": 192,
      "bb_width": 67,
      "bb_height": 87
    },
    {
      "masked_path": "d1/uki_w1_r3_a1_d1_02_masked.png",
      "mask_path": "d1/uki_w1_r3_a1_d1_02_mask.png",
      "area": 2567,
      "bb_left": 223,
      "bb_top": 271,
      "bb_width": 80,
      "bb_height": 46
    },
    {
      "masked_path": "d1/uki_w1_r3_a1_d1_03_masked.png",
      "mask_path": "d1/uki_w1_r3_a1_d1_03_mask.png",
      "area": 1175,
      "bb_left": 200,
      "bb_top": 248,
      "bb_width": 45,
      "bb_height": 44
    }
  ],
  "leaves_d5": [
    {
      "masked_path": "d5/uki_w1_r3_a1_d5_01_masked.png",
      "mask_path": "d5/uki_w1_r3_a1_d5_01_mask.png",
      "area": 4245,
      "bb_left": 176,
      "bb_top": 209,
      "bb_width": 84,
      "bb_height": 64
    },
    {
      "masked_path": "d5/uki_w1_r3_a1_d5_02_masked.png",
      "mask_path": "d5/uki_w1_r3_a1_d5_02_mask.png",
      "area": 3544,
      "bb_left": 205,
      "bb_top": 266,
      "bb_width": 61,
      "bb_height": 74
    },
    {
      "masked_path": "d5/uki_w1_r3_a1_d5_03_masked.png",
      "mask_path": "d5/uki_w1_r3_a1_d5_03_mask.png",
      "area": 2688,
      "bb_left": 256,
      "bb_top": 192,
      "bb_width": 45,
      "bb_height": 75
    },
    {
      "masked_path": "d5/uki_w1_r3_a1_d5_04_masked.png",
      "mask_path": "d5/uki_w1_r3_a1_d5_04_mask.png",
      "area": 2020,
      "bb_left": 288,
      "bb_top": 229,
      "bb_width": 50,
      "bb_height": 53
    },
    {
      "masked_path": "d5/uki_w1_r3_a1_d5_05_masked.png",
      "mask_path": "d5/uki_w1_r3_a1_d5_05_mask.png",
      "area": 629,
      "bb_left": 250,
      "bb_top": 252,
      "bb_width": 31,
      "bb_height": 39
    },
    {
      "masked_path": "d5/uki_w1_r3_a1_d5_06_masked.png",
      "mask_path": "d5/uki_w1_r3_a1_d5_06_mask.png",
      "area": 265,
      "bb_left": 240,
      "bb_top": 212,
      "bb_width": 18,
      "bb_height": 25
    }
  ]
}