{
  "path_d1": "uki_w1_s4_b3_d1.png",
  "path_d5": "uki_w1_s4_b3_d5.png",
  "masked_path_d1": "uki_w1_s4_b3_d1_masked.png",
  "masked_path_d5": "uki_w1_s4_b3_d5_masked.png",
  "mask_path_d1": "uki_w1_s4_b3_d1_mask.png",
  "mask_path_d5": "uki_w1_s4_b3_d5_mask.png",
  "metadata_path": "uki_w1_s4_b3_metadata.json",
  "week": 1,
  "shelf_row": "s",
  "shelf_column": "4",
  "well_row": "b",
  "well_column": "3",
  "num_leaves_d1": 3,
  "num_leaves_d5": 7,
  "area_d1": 4963,
  "area_d5": 16355,
  "leaves_d1": [
    {
      "masked_path": "d1/uki_w1_s4_b3_d1_01_masked.png",
      "mask_path": "d1/uki_w1_s4_b3_d1_01_mask.png",
      "area": 2546,
      "bb_left": 226,
      "bb_top": 201,
      "bb_width": 71,
      "bb_height": 48
    },
    {
      "masked_path": "d1/uki_w1_s4_b3_d1_02_masked.png",
      "mask_path": "d1/uki_w1_s4_b3_d1_02_mask.png",
      "area": 2095,
      "bb_left": 204,
      "bb_top": 240,
      "bb_width": 49,
      "bb_height": 56
    },
    {
      "masked_path": "d1/uki_w1_s4_b3_d1_03_masked.png",
      "mask_path": "d1/uki_w1_s4_b3_d1_03_mask.png",
      "area": 330,
      "bb_left": 246,
      "bb_top": 246,
      "bb_width": 20,
      "bb_height": 24
    }
  ],
  "leaves_d5": [
    {
      "masked_path": "d5/uki_w1_s4_b3_d5_01_masked.png",
      "mask_path": "d5/uki_w1_s4_b3_d5_01_mask.png",
      "area": 5123,
      "bb_left": 277,
      "bb_top": 243,
      "bb_width": 97,
      "bb_height": 70
    },
    {
      "masked_path": "d5/uki_w1_s4_b3_d5_02_masked.png",
      "mask_path": "d5/uki_w1_s4_b3_d5_02_mask.png",
      "area": 2508,
      "bb_left": 237,
      "bb_top": 268,
      "bb_width": 49,
      "bb_height": 67
    },
    {
      "masked_path": "d5/uki_w1_s4_b3_d5_03_masked.png",
      "mask_path": "d5/uki_w1_s4_b3_d5_03_mask.png",
      "area": 2768,
      "bb_left": 181,
      "bb_top": 212,
      "bb_width": 68,
      "bb_height": 56
    },
    {
      "masked_path": "d5/uki_w1_s4_b3_d5_04_masked.png",
      "mask_path": "d5/uki_w1_s4_b3_d5_04_mask.png",
      "area": 385,
      "bb_left": 281,
      "bb_top": 287,
      "bb_width": 30,
      "bb_height": 26
    },
    {
      "masked_path": "d5/uki_w1_s4_b3_d5_05_masked.png",
      "mask_path": "d5/uki_w1_s4_b3_d5_05_mask.png",
      "area": 2161,
      "bb_left": 257,
      "bb_top": 218,
      "bb_width": 60,
      "bb_height": 69
    },
    {
      "masked_path": "d5/uki_w1_s4_b3_d5_06_masked.png",
      "mask_path": "d5/uki_w1_s4_b3_d5_06_mask.png",
      "area": 2070,
      "bb_left": 221,
      "bb_top": 184,
      "bb_width": 48,
      "bb_height": 64
    },
    {
      "masked_path": "d5/uki_w1_s4_b3_d5_07_masked.png",
      "mask_path": "d5/uki_w1_s4_b3_d5_07_mask.png",
      "area": 1515,
      "bb_left": 205,
      "bb_top": 252,
      "bb_width": 54,
      "bb_height": 46
    }
  ]
}