{
  "path_d1": "uki_w1_r4_b1_d1.png",
  "path_d5": "uki_w1_r4_b1_d5.png",
  "masked_path_d1": "uki_w1_r4_b1_d1_masked.png",
  "masked_path_d5": "uki_w1_r4_b1_d5_masked.png",
  "mask_path_d1": "uki_w1_r4_b1_d1_mask.png",
  "mask_path_d5": "uki_w1_r4_b1_d5_mask.png",
  "metadata_path": "uki_w1_r4_b1_metadata.json",
  "week": 1,
  "shelf_row": "r",
  "shelf_column": "4",
  "well_row": "b",
  "well_column": "1",
  "num_leaves_d1": 4,
  "num_leaves_d5": 10,
  "area_d1": 7127,
  "area_d5": 19760,
  "leaves_d1": [
    {
      "masked_path": "d1/uki_w1_r4_b1_d1_01_masked.png",
      "mask_path": "d1/uki_w1_r4_b1_d1_01_mask.png",
      "area": 4175,
      "bb_left": 245,
      "bb_top": 227,
      "bb_width": 81,
      "bb_height": 66
    },
    {
      "masked_path": "d1/uki_w1_r4_b1_d1_02_masked.png",
      "mask_path": "d1/uki_w1_r4_b1_d1_02_mask.png",
      "area": 2203,
      "bb_left": 207,
      "bb_top": 226,
      "bb_width": 46,
      "bb_height": 69
    },
    {
      "masked_path": "d1/uki_w1_r4_b1_d1_03_masked.png",
      "mask_path": "d1/uki_w1_r4_b1_d1_03_mask.png",
      "area": 95,
      "bb_left": 251,
      "bb_top": 225,
      "bb_width": 14,
      "bb_height": 10
    },
    {
      "masked_path": "d1/uki_w1_r4_b1_d1_04_masked.png",
      "mask_path": "d1/uki_w1_r4_b1_d1_04_mask.png",
      "area": 717,
      "bb_left": 204,
      "bb_top": 215,
      "bb_width": 36,
      "bb_height": 35
    }
  ],
  "leaves_d5": [
    {
      "masked_path": "d5/uki_w1_r4_b1_d5_01_masked.png",
      "mask_path": "d5/uki_w1_r4_b1_d5_01_mask.png",
      "area": 4483,
      "bb_left": 258,
      "bb_top": 285,
      "bb_width": 78,
      "bb_height": 74
    },
    {
      "masked_path": "d5/uki_w1_r4_b1_d5_02_masked.png",
      "mask_path": "d5/uki_w1_r4_b1_d5_02_mask.png",
      "area": 3673,
      "bb_left": 183,
      "bb_top": 184,
      "bb_width": 56,
      "bb_height": 82
    },
    {
      "masked_path": "d5/uki_w1_r4_b1_d5_03_masked.png",
      "mask_path": "d5/uki_w1_r4_b1_d5_03_mask.png",
      "area": 1723,
      "bb_left": 157,
      "bb_top": 228,
      "bb_width": 52,
      "bb_height": 54
    },
    {
      "masked_path": "d5/uki_w1_r4_b1_d5_04_masked.png",
      "mask_path": "d5/uki_w1_r4_b1_d5_04_mask.png",
      "area": 2187,
      "bb_left": 192,
      "bb_top": 258,
      "bb_width": 46,
      "bb_height": 63
    },
    {
      "masked_path": "d5/uki_w1_r4_b1_d5_05_masked.png",
      "mask_path": "d5/uki_w1_r4_b1_d5_05_mask.png",
      "area": 4059,
      "bb_left": 272,
      "bb_top": 211,
      "bb_width": 71,
      "bb_height": 69
    },
    {
      "masked_path": "d5/uki_w1_r4_b1_d5_06_masked.png",
      "mask_path": "d5/uki_w1_r4_b1_d5_06_mask.png",
      "area": 878,
      "bb_left": 234,
      "bb_top": 260,
      "bb_width": 27,
      "bb_height": 43
    },
    {
      "masked_path": "d5/uki_w1_r4_b1_d5_07_masked.png",
      "mask_path": "d5/uki_w1_r4_b1_d5_07_mask.png",
      "area": 222,
      "bb_left": 289,
      "bb_top": 277,
      "bb_width": 32,
      "bb_height": 13
    },
    {
      "masked_path": "d5/uki_w1_r4_b1_d5_08_masked.png",
      "mask_path": "d5/uki_w1_r4_b1_d5_08_mask.png",
      "area": 1191,
      "bb_left": 243,
      "bb_top": 240,
      "bb_width": 47,
      "bb_height": 47
    },
    {
      "masked_path": "d5/uki_w1_r4_b1_d5_09_masked.png",
      "mask_path": "d5/uki_w1_r4_b1_d5_09_mask.png",
      "area": 1392,
      "bb_left": 224,
      "bb_top": 297,
      "bb_width": 44,
      "bb_height": 46
    },
    {
      "masked_path": "d5/uki_w1_r4_b1_d5_10_masked.png",
      "mask_path": "d5/uki_w1_r4_b1_d5_10_mask.png",
      "area": 144,
      "bb_left": 229,
      "bb_top": 236,
      "bb_width": 11,
      "bb_height": 21
    }
  ]
}