{
  "path_d1": "uki_w1_p3_d2_d1.png",
  "path_d5": "uki_w1_p3_d2_d5.png",
  "masked_path_d1": "uki_w1_p3_d2_d1_masked.png",
  "masked_path_d5": "uki_w1_p3_d2_d5_masked.png",
  "mask_path_d1": "uki_w1_p3_d2_d1_mask.png",
  "mask_path_d5": "uki_w1_p3_d2_d5_mask.png",
  "metadata_path": "uki_w1_p3_d2_metadata.json",
  "week": 1,
  "shelf_row": "p",
  "shelf_column": "3",
  "well_row": "d",
  "well_column": "2",
  "num_leaves_d1": 4,
  "num_leaves_d5": 6,
  "area_d1": 10953,
  "area_d5": 14450,
  "leaves_d1": [
    {
      "masked_path": "d1/uki_w1_p3_d2_d1_01_masked.png",
      "mask_path": "d1/uki_w1_p3_d2_d1_01_mask.png",
      "area": 3890,
      "bb_left": 244,
      "bb_top": 173,
      "bb_width": 69,
      "bb_height": 76
    },
    {
      "masked_path": "d1/uki_w1_p3_d2_d1_02_masked.png",
      "mask_path": "d1/uki_w1_p3_d2_d1_02_mask.png",
      "area": 2019,
      "bb_left": 200,
      "bb_top": 199,
      "bb_width": 46,
      "bb_height": 54
    },
    {
      "masked_path": "d1/uki_w1_p3_d2_d1_03_masked.png",
      "mask_path": "d1/uki_w1_p3_d2_d1_03_mask.png",
      "area": 3895,
      "bb_left": 238,
      "bb_top": 257,
      "bb_width": 57,
      "bb_height": 89
    },
    {
      "masked_path": "d1/uki_w1_p3_d2_d1_04_masked.png",
      "mask_path": "d1/uki_w1_p3_d2_d1_04_mask.png",
      "area": 1195,
      "bb_left": 273,
      "bb_top": 250,
      "bb_width": 41,
      "bb_height": 46
    }
  ],
  "leaves_d5": [
    {
      "masked_path": "d5/uki_w1_p3_d2_d5_01_masked.png",
      "mask_path": "d5/uki_w1_p3_d2_d5_01_mask.png",
      "area": 3037,
      "bb_left": 240,
      "bb_top": 279,
      "bb_width": 63,
      "bb_height": 62
    },
    {
      "masked_path": "d5/uki_w1_p3_d2_d5_02_masked.png",
      "mask_path": "d5/uki_w1_p3_d2_d5_02_mask.png",
      "area": 3995,
      "bb_left": 174,
      "bb_top": 252,
      "bb_width": 94,
      "bb_height": 56
    },
    {
      "masked_path": "d5/uki_w1_p3_d2_d5_03_masked.png",
      "mask_path": "d5/uki_w1_p3_d2_d5_03_mask.png",
      "area": 202,
      "bb_left": 266,
      "bb_top": 264,
      "bb_width": 16,
      "bb_height": 17
    },
    {
      "masked_path": "d5/uki_w1_p3_d2_d5_04_masked.png",
      "mask_path": "d5/uki_w1_p3_d2_d5_04_mask.png",
      "area": 4032,
      "bb_left": 258,
      "bb_top": 168,
      "bb_width": 65,
      "bb_height": 82
    },
    {
      "masked_path": "d5/uki_w1_p3_d2_d5_05_masked.png",
      "mask_path": "d5/uki_w1_p3_d2_d5_05_mask.png",
      "area": 252,
      "bb_left": 278,
      "bb_top": 237,
      "bb_width": 27,
      "bb_height": 18
    },
    {
      "masked_path": "d5/uki_w1_p3_d2_d5_06_masked.png",
      "mask_path": "d5/uki_w1_p3_d2_d5_06_mask.png",
      "area": 3032,
      "bb_left": 204,
      "bb_top": 189,
      "bb_width": 59,
      "bb_height": 63
    }
  ]
}