{
  "path_d1": "uki_w1_t1_a4_d1.png",
  "path_d5": "uki_w1_t1_a4_d5.png",
  "masked_path_d1": "uki_w1_t1_a4_d1_masked.png",
  "masked_path_d5": "uki_w1_t1_a4_d5_masked.png",
  "mask_path_d1": "uki_w1_t1_a4_d1_mask.png",
  "mask_path_d5": "uki_w1_t1_a4_d5_mask.png",
  "metadata_path": "uki_w1_t1_a4_metadata.json",
  "week": 1,
  "shelf_row": "t",
  "shelf_column": "1",
  "well_row": "a",
  "well_column": "4",
  "num_leaves_d1": 3,
  "num_leaves_d5": 10,
  "area_d1": 8409,
  "area_d5": 32127,
  "leaves_d1": [
    {
      "masked_path": "d1/uki_w1_t1_a4_d1_01_masked.png",
      "mask_path": "d1/uki_w1_t1_a4_d1_01_mask.png",
      "area": 3812,
      "bb_left": 229,
      "bb_top": 194,
      "bb_width": 65,
      "bb_height": 79
    },
    {
      "masked_path": "d1/uki_w1_t1_a4_d1_02_masked.png",
      "mask_path": "d1/uki_w1_t1_a4_d1_02_mask.png",
      "area": 2670,
      "bb_left": 233,
      "bb_top": 269,
      "bb_width": 53,
      "bb_height": 68
    },
    {
      "masked_path": "d1/uki_w1_t1_a4_d1_03_masked.png",
      "mask_path": "d1/uki_w1_t1_a4_d1_03_mask.png",
      "area": 1967,
      "bb_left": 261,
      "bb_top": 251,
      "bb_width": 57,
      "bb_height": 51
    }
  ],
  "leaves_d5": [
    {
      "masked_path": "d5/uki_w1_t1_a4_d5_01_masked.png",
      "mask_path": "d5/uki_w1_t1_a4_d5_01_mask.png",
      "area": 5590,
      "bb_left": 267,
      "bb_top": 255,
      "bb_width": 112,
      "bb_height": 66
    },
    {
      "masked_path": "d5/uki_w1_t1_a4_d5_02_masked.png",
      "mask_path": "d5/uki_w1_t1_a4_d5_02_mask.png",
      "area": 6210,
      "bb_left": 244,
      "bb_top": 181,
      "bb_width": 85,
      "bb_height": 100
    },
    {
      "masked_path": "d5/uki_w1_t1_a4_d5_03_masked.png",
      "mask_path": "d5/uki_w1_t1_a4_d5_03_mask.png",
      "area": 3219,
      "bb_left": 252,
      "bb_top": 298,
      "bb_width": 74,
      "bb_height": 63
    },
    {
      "masked_path": "d5/uki_w1_t1_a4_d5_04_masked.png",
      "mask_path": "d5/uki_w1_t1_a4_d5_04_mask.png",
      "area": 3116,
      "bb_left": 193,
      "bb_top": 280,
      "bb_width": 55,
      "bb_height": 75
    },
    {
      "masked_path": "d5/uki_w1_t1_a4_d5_05_masked.png",
      "mask_path": "d5/uki_w1_t1_a4_d5_05_mask.png",
      "area": 735,
      "bb_left": 206,
      "bb_top": 269,
      "bb_width": 37,
      "bb_height": 30
    },
    {
      "masked_path": "d5/uki_w1_t1_a4_d5_06_masked.png",
      "mask_path": "d5/uki_w1_t1_a4_d5_06_mask.png",
      "area": 4026,
      "bb_left": 178,
      "bb_top": 173,
      "bb_width": 69,
      "bb_height": 77
    },
    {
      "masked_path": "d5/uki_w1_t1_a4_d5_07_masked.png",
      "mask_path": "d5/uki_w1_t1_a4_d5_07_mask.png",
      "area": 322,
      "bb_left": 197,
      "bb_top": 238,
      "bb_width": 26,
      "bb_height": 22
    },
    {
      "masked_path": "d5/uki_w1_t1_a4_d5_08_masked.png",
      "mask_path": "d5/uki_w1_t1_a4_d5_08_mask.png",
      "area": 3408,
      "bb_left": 114,
      "bb_top": 188,
      "bb_width": 66,
      "bb_height": 62
    },
    {
      "masked_path": "d5/uki_w1_t1_a4_d5_09_masked.png",
      "mask_path": "d5/uki_w1_t1_a4_d5_09_mask.png",
      "area": 519,
      "bb_left": 147,
      "bb_top": 243,
      "bb_width": 37,
      "bb_height": 20
    },
    {
      "masked_path": "d5/uki_w1_t1_a4_d5_10_masked.png",
      "mask_path": "d5/uki_w1_t1_a4_d5_10_mask.png",
      "area": 5165,
      "bb_left": 113,
      "bb_top": 258,
      "bb_width": 85,
      "bb_height": 76
    }
  ]
}