{
  "path_d1": "uki_w1_r4_a4_d1.png",
  "path_d5": "uki_w1_r4_a4_d5.png",
  "masked_path_d1": "uki_w1_r4_a4_d1_masked.png",
  "masked_path_d5": "uki_w1_r4_a4_d5_masked.png",
  "mask_path_d1": "uki_w1_r4_a4_d1_mask.png",
  "mask_path_d5": "uki_w1_r4_a4_d5_mask.png",
  "metadata_path": "uki_w1_r4_a4_metadata.json",
  "week": 1,
  "shelf_row": "r",
  "shelf_column": "4",
  "well_row": "a",
  "well_column": "4",
  "num_leaves_d1": 3,
  "num_leaves_d5": 8,
  "area_d1": 8381,
  "area_d5": 19932,
  "leaves_d1": [
    {
      "masked_path": "d1/uki_w1_r4_a4_d1_01_masked.png",
      "mask_path": "d1/uki_w1_r4_a4_d1_01_mask.png",
      "area": 4394,
      "bb_left": 195,
      "bb_top": 186,
      "bb_width": 82,
      "bb_height": 71
    },
    {
      "masked_path": "d1/uki_w1_r4_a4_d1_02_masked.png",
      "mask_path": "d1/uki_w1_r4_a4_d1_02_mask.png",
      "area": 2666,
      "bb_left": 205,
      "bb_top": 256,
      "bb_width": 55,
      "bb_height": 59
    },
    {
      "masked_path": "d1/uki_w1_r4_a4_d1_03_masked.png",
      "mask_path": "d1/uki_w1_r4_a4_d1_03_mask.png",
      "area": 1343,
      "bb_left": 256,
      "bb_top": 250,
      "bb_width": 37,
      "bb_height": 47
    }
  ],
  "leaves_d5": [
    {
      "masked_path": "d5/uki_w1_r4_a4_d5_01_masked.png",
      "mask_path": "d5/uki_w1_r4_a4_d5_01_mask.png",
      "area": 4963,
      "bb_left": 276,
      "bb_top": 199,
      "bb_width": 70,
      "bb_height": 90
    },
    {
      "masked_path": "d5/uki_w1_r4_a4_d5_02_masked.png",
      "mask_path": "d5/uki_w1_r4_a4_d5_02_mask.png",
      "area": 2738,
      "bb_left": 232,
      "bb_top": 231,
      "bb_width": 56,
      "bb_height": 66
    },
    {
      "masked_path": "d5/uki_w1_r4_a4_d5_03_masked.png",
      "mask_path": "d5/uki_w1_r4_a4_d5_03_mask.png",
      "area": 3127,
      "bb_left": 268,
      "bb_top": 289,
      "bb_width": 73,
      "bb_height": 56
    },
    {
      "masked_path": "d5/uki_w1_r4_a4_d5_04_masked.png",
      "mask_path": "d5/uki_w1_r4_a4_d5_04_mask.png",
      "area": 2340,
      "bb_left": 233,
      "bb_top": 302,
      "bb_width": 55,
      "bb_height": 58
    },
    {
      "masked_path": "d5/uki_w1_r4_a4_d5_05_masked.png",
      "mask_path": "d5/uki_w1_r4_a4_d5_05_mask.png",
      "area": 325,
      "bb_left": 313,
      "bb_top": 264,
      "bb_width": 27,
      "bb_height": 26
    },
    {
      "masked_path": "d5/uki_w1_r4_a4_d5_06_masked.png",
      "mask_path": "d5/uki_w1_r4_a4_d5_06_mask.png",
      "area": 4798,
      "bb_left": 167,
      "bb_top": 197,
      "bb_width": 65,
      "bb_height": 94
    },
    {
      "masked_path": "d5/uki_w1_r4_a4_d5_07_masked.png",
      "mask_path": "d5/uki_w1_r4_a4_d5_07_mask.png",
      "area": 1255,
      "bb_left": 187,
      "bb_top": 176,
      "bb_width": 45,
      "bb_height": 44
    },
    {
      "masked_path": "d5/uki_w1_r4_a4_d5_08_masked.png",
      "mask_path": "d5/uki_w1_r4_a4_d5_08_mask.png",
      "area": 486,
      "bb_left": 155,
      "bb_top": 201,
      "bb_width": 23,
      "bb_height": 35
    }
  ]
}