{
  "path_d1": "uki_w1_t3_a5_d1.png",
  "path_d5": "uki_w1_t3_a5_d5.png",
  "masked_path_d1": "uki_w1_t3_a5_d1_masked.png",
  "masked_path_d5": "uki_w1_t3_a5_d5_masked.png",
  "mask_path_d1": "uki_w1_t3_a5_d1_mask.png",
  "mask_path_d5": "uki_w1_t3_a5_d5_mask.png",
  "metadata_path": "uki_w1_t3_a5_metadata.json",
  "week": 1,
  "shelf_row": "t",
  "shelf_column": "3",
  "well_row": "a",
  "well_column": "5",
  "num_leaves_d1": 1,
  "num_leaves_d5": 5,
  "area_d1": 2827,
  "area_d5": 15385,
  "leaves_d1": [
    {
      "masked_path": "d1/uki_w1_t3_a5_d1_01_masked.png",
      "mask_path": "d1/uki_w1_t3_a5_d1_01_mask.png",
      "area": 2827,
      "bb_left": 233,
      "bb_top": 227,
      "bb_width": 49,
      "bb_height": 70
    }
  ],
  "leaves_d5": [
    {
      "masked_path": "d5/uki_w1_t3_a5_d5_01_masked.png",
      "mask_path": "d5/uki_w1_t3_a5_d5_01_mask.png",
      "area": 3292,
      "bb_left": 252,
      "bb_top": 98,
      "bb_width": 61,
      "bb_height": 70
    },
    {
      "masked_path": "d5/uki_w1_t3_a5_d5_02_masked.png",
      "mask_path": "d5/uki_w1_t3_a5_d5_02_mask.png",
      "area": 5927,
      "bb_left": 195,
      "bb_top": 151,
      "bb_width": 87,
      "bb_height": 84
    },
    {
      "masked_path": "d5/uki_w1_t3_a5_d5_03_masked.png",
      "mask_path": "d5/uki_w1_t3_a5_d5_03_mask.png",
      "area": 276,
      "bb_left": 234,
      "bb_top": 141,
      "bb_width": 31,
      "bb_height": 13
    },
    {
      "masked_path": "d5/uki_w1_t3_a5_d5_04_masked.png",
      "mask_path": "d5/uki_w1_t3_a5_d5_04_mask.png",
      "area": 2248,
      "bb_left": 272,
      "bb_top": 160,
      "bb_width": 48,
      "bb_height": 65
    },
    {
      "masked_path": "d5/uki_w1_t3_a5_d5_05_masked.png",
      "mask_path": "d5/uki_w1_t3_a5_d5_05_mask.png",
      "area": 3782,
      "bb_left": 310,
      "bb_top": 105,
      "bb_width": 65,
      "bb_height": 72
    }
  ]
}