{
  "path_d1": "uki_w1_p3_b3_d1.png",
  "path_d5": "uki_w1_p3_b3_d5.png",
  "masked_path_d1": "uki_w1_p3_b3_d1_masked.png",
  "masked_path_d5": "uki_w1_p3_b3_d5_masked.png",
  "mask_path_d1": "uki_w1_p3_b3_d1_mask.png",
  "mask_path_d5": "uki_w1_p3_b3_d5_mask.png",
  "metadata_path": "uki_w1_p3_b3_metadata.json",
  "week": 1,
  "shelf_row": "p",
  "shelf_column": "3",
  "well_row": "b",
  "well_column": "3",
  "num_leaves_d1": 3,
  "num_leaves_d5": 7,
  "area_d1": 10209,
  "area_d5": 20201,
  "leaves_d1": [
    {
      "masked_path": "d1/uki_w1_p3_b3_d1_01_masked.png",
      "mask_path": "d1/uki_w1_p3_b3_d1_01_mask.png",
      "area": 5466,
      "bb_left": 252,
      "bb_top": 182,
      "bb_width": 75,
      "bb_height": 94
    },
    {
      "masked_path": "d1/uki_w1_p3_b3_d1_02_masked.png",
      "mask_path": "d1/uki_w1_p3_b3_d1_02_mask.png",
      "area": 3700,
      "bb_left": 187,
      "bb_top": 226,
      "bb_width": 75,
      "bb_height": 66
    },
    {
      "masked_path": "d1/uki_w1_p3_b3_d1_03_masked.png",
      "mask_path": "d1/uki_w1_p3_b3_d1_03_mask.png",
      "area": 1043,
      "bb_left": 275,
      "bb_top": 259,
      "bb_width": 46,
      "bb_height": 37
    }
  ],
  "leaves_d5": [
    {
      "masked_path": "d5/uki_w1_p3_b3_d5_01_masked.png",
      "mask_path": "d5/uki_w1_p3_b3_d5_01_mask.png",
      "area": 4025,
      "bb_left": 238,
      "bb_top": 141,
      "bb_width": 61,
      "bb_height": 83
    },
    {
      "masked_path": "d5/uki_w1_p3_b3_d5_02_masked.png",
      "mask_path": "d5/uki_w1_p3_b3_d5_02_mask.png",
      "area": 4355,
      "bb_left": 264,
      "bb_top": 229,
      "bb_width": 85,
      "bb_height": 72
    },
    {
      "masked_path": "d5/uki_w1_p3_b3_d5_03_masked.png",
      "mask_path": "d5/uki_w1_p3_b3_d5_03_mask.png",
      "area": 1512,
      "bb_left": 246,
      "bb_top": 221,
      "bb_width": 49,
      "bb_height": 49
    },
    {
      "masked_path": "d5/uki_w1_p3_b3_d5_04_masked.png",
      "mask_path": "d5/uki_w1_p3_b3_d5_04_mask.png",
      "area": 4237,
      "bb_left": 194,
      "bb_top": 272,
      "bb_width": 92,
      "bb_height": 61
    },
    {
      "masked_path": "d5/uki_w1_p3_b3_d5_05_masked.png",
      "mask_path": "d5/uki_w1_p3_b3_d5_05_mask.png",
      "area": 1634,
      "bb_left": 245,
      "bb_top": 296,
      "bb_width": 58,
      "bb_height": 49
    },
    {
      "masked_path": "d5/uki_w1_p3_b3_d5_06_masked.png",
      "mask_path": "d5/uki_w1_p3_b3_d5_06_mask.png",
      "area": 362,
      "bb_left": 232,
      "bb_top": 261,
      "bb_width": 35,
      "bb_height": 18
    },
    {
      "masked_path": "d5/uki_w1_p3_b3_d5_07_masked.png",
      "mask_path": "d5/uki_w1_p3_b3_d5_07_mask.png",
      "area": 4272,
      "bb_left": 185,
      "bb_top": 185,
      "bb_width": 74,
      "bb_height": 78
    }
  ]
}