{
  "path_d1": "uki_w1_r2_c4_d1.png",
  "path_d5": "uki_w1_r2_c4_d5.png",
  "masked_path_d1": "uki_w1_r2_c4_d1_masked.png",
  "masked_path_d5": "uki_w1_r2_c4_d5_masked.png",
  "mask_path_d1": "uki_w1_r2_c4_d1_mask.png",
  "mask_path_d5": "uki_w1_r2_c4_d5_mask.png",
  "metadata_path": "uki_w1_r2_c4_metadata.json",
  "week": 1,
  "shelf_row": "r",
  "shelf_column": "2",
  "well_row": "c",
  "well_column": "4",
  "num_leaves_d1": 4,
  "num_leaves_d5": 10,
  "area_d1": 7022,
  "area_d5": 23646,
  "leaves_d1": [
    {
      "masked_path": "d1/uki_w1_r2_c4_d1_01_masked.png",
      "mask_path": "d1/uki_w1_r2_c4_d1_01_mask.png",
      "area": 4546,
      "bb_left": 249,
      "bb_top": 200,
      "bb_width": 65,
      "bb_height": 94
    },
    {
      "masked_path": "d1/uki_w1_r2_c4_d1_02_masked.png",
      "mask_path": "d1/uki_w1_r2_c4_d1_02_mask.png",
      "area": 640,
      "bb_left": 242,
      "bb_top": 256,
      "bb_width": 32,
      "bb_height": 38
    },
    {
      "masked_path": "d1/uki_w1_r2_c4_d1_03_masked.png",
      "mask_path": "d1/uki_w1_r2_c4_d1_03_mask.png",
      "area": 1313,
      "bb_left": 204,
      "bb_top": 216,
      "bb_width": 40,
      "bb_height": 43
    },
    {
      "masked_path": "d1/uki_w1_r2_c4_d1_04_masked.png",
      "mask_path": "d1/uki_w1_r2_c4_d1_04_mask.png",
      "area": 548,
      "bb_left": 212,
      "bb_top": 252,
      "bb_width": 29,
      "bb_height": 25
    }
  ],
  "leaves_d5": [
    {
      "masked_path": "d5/uki_w1_r2_c4_d5_01_masked.png",
      "mask_path": "d5/uki_w1_r2_c4_d5_01_mask.png",
      "area": 4976,
      "bb_left": 211,
      "bb_top": 275,
      "bb_width": 70,
      "bb_height": 101
    },
    {
      "masked_path": "d5/uki_w1_r2_c4_d5_02_masked.png",
      "mask_path": "d5/uki_w1_r2_c4_d5_02_mask.png",
      "area": 4704,
      "bb_left": 239,
      "bb_top": 238,
      "bb_width": 80,
      "bb_height": 78
    },
    {
      "masked_path": "d5/uki_w1_r2_c4_d5_03_masked.png",
      "mask_path": "d5/uki_w1_r2_c4_d5_03_mask.png",
      "area": 1709,
      "bb_left": 183,
      "bb_top": 274,
      "bb_width": 40,
      "bb_height": 58
    },
    {
      "masked_path": "d5/uki_w1_r2_c4_d5_04_masked.png",
      "mask_path": "d5/uki_w1_r2_c4_d5_04_mask.png",
      "area": 1284,
      "bb_left": 173,
      "bb_top": 346,
      "bb_width": 43,
      "bb_height": 41
    },
    {
      "masked_path": "d5/uki_w1_r2_c4_d5_05_masked.png",
      "mask_path": "d5/uki_w1_r2_c4_d5_05_mask.png",
      "area": 378,
      "bb_left": 199,
      "bb_top": 360,
      "bb_width": 24,
      "bb_height": 27
    },
    {
      "masked_path": "d5/uki_w1_r2_c4_d5_06_masked.png",
      "mask_path": "d5/uki_w1_r2_c4_d5_06_mask.png",
      "area": 1081,
      "bb_left": 158,
      "bb_top": 321,
      "bb_width": 37,
      "bb_height": 38
    },
    {
      "masked_path": "d5/uki_w1_r2_c4_d5_07_masked.png",
      "mask_path": "d5/uki_w1_r2_c4_d5_07_mask.png",
      "area": 4416,
      "bb_left": 146,
      "bb_top": 217,
      "bb_width": 87,
      "bb_height": 67
    },
    {
      "masked_path": "d5/uki_w1_r2_c4_d5_08_masked.png",
      "mask_path": "d5/uki_w1_r2_c4_d5_08_mask.png",
      "area": 543,
      "bb_left": 219,
      "bb_top": 234,
      "bb_width": 25,
      "bb_height": 34
    },
    {
      "masked_path": "d5/uki_w1_r2_c4_d5_09_masked.png",
      "mask_path": "d5/uki_w1_r2_c4_d5_09_mask.png",
      "area": 4135,
      "bb_left": 191,
      "bb_top": 148,
      "bb_width": 70,
      "bb_height": 78
    },
    {
      "masked_path": "d5/uki_w1_r2_c4_d5_10_masked.png",
      "mask_path": "d5/uki_w1_r2_c4_d5_10_mask.png",
      "area": 516,
      "bb_left": 177,
      "bb_top": 184,
      "bb_width": 23,
      "bb_height": 34
    }
  ]
}