{
  "path_d1": "uki_w1_t3_b1_d1.png",
  "path_d5": "uki_w1_t3_b1_d5.png",
  "masked_path_d1": "uki_w1_t3_b1_d1_masked.png",
  "masked_path_d5": "uki_w1_t3_b1_d5_masked.png",
  "mask_path_d1": "uki_w1_t3_b1_d1_mask.png",
  "mask_path_d5": "uki_w1_t3_b1_d5_mask.png",
  "metadata_path": "uki_w1_t3_b1_metadata.json",
  "week": 1,
  "shelf_row": "t",
  "shelf_column": "3",
  "well_row": "b",
  "well_column": "1",
  "num_leaves_d1": 2,
  "num_leaves_d5": 10,
  "area_d1": 6164,
  "area_d5": 29660,
  "leaves_d1": [
    {
      "masked_path": "d1/uki_w1_t3_b1_d1_01_masked.png",
      "mask_path": "d1/uki_w1_t3_b1_d1_01_mask.png",
      "area": 1991,
      "bb_left": 247,
      "bb_top": 262,
      "bb_width": 63,
      "bb_height": 41
    },
    {
      "masked_path": "d1/uki_w1_t3_b1_d1_02_masked.png",
      "mask_path": "d1/uki_w1_t3_b1_d1_02_mask.png",
      "area": 4183,
      "bb_left": 217,
      "bb_top": 198,
      "bb_width": 60,
      "bb_height": 94
    }
  ],
  "leaves_d5": [
    {
      "masked_path": "d5/uki_w1_t3_b1_d5_01_masked.png",
      "mask_path": "d5/uki_w1_t3_b1_d5_01_mask.png",
      "area": 4103,
      "bb_left": 285,
      "bb_top": 247,
      "bb_width": 86,
      "bb_height": 65
    },
    {
      "masked_path": "d5/uki_w1_t3_b1_d5_02_masked.png",
      "mask_path": "d5/uki_w1_t3_b1_d5_02_mask.png",
      "area": 6616,
      "bb_left": 309,
      "bb_top": 136,
      "bb_width": 86,
      "bb_height": 103
    },
    {
      "masked_path": "d5/uki_w1_t3_b1_d5_03_masked.png",
      "mask_path": "d5/uki_w1_t3_b1_d5_03_mask.png",
      "area": 2241,
      "bb_left": 212,
      "bb_top": 244,
      "bb_width": 41,
      "bb_height": 66
    },
    {
      "masked_path": "d5/uki_w1_t3_b1_d5_04_masked.png",
      "mask_path": "d5/uki_w1_t3_b1_d5_04_mask.png",
      "area": 772,
      "bb_left": 279,
      "bb_top": 233,
      "bb_width": 35,
      "bb_height": 34
    },
    {
      "masked_path": "d5/uki_w1_t3_b1_d5_05_masked.png",
      "mask_path": "d5/uki_w1_t3_b1_d5_05_mask.png",
      "area": 1494,
      "bb_left": 179,
      "bb_top": 238,
      "bb_width": 44,
      "bb_height": 44
    },
    {
      "masked_path": "d5/uki_w1_t3_b1_d5_06_masked.png",
      "mask_path": "d5/uki_w1_t3_b1_d5_06_mask.png",
      "area": 3798,
      "bb_left": 150,
      "bb_top": 189,
      "bb_width": 83,
      "bb_height": 70
    },
    {
      "masked_path": "d5/uki_w1_t3_b1_d5_07_masked.png",
      "mask_path": "d5/uki_w1_t3_b1_d5_07_mask.png",
      "area": 809,
      "bb_left": 238,
      "bb_top": 238,
      "bb_width": 34,
      "bb_height": 38
    },
    {
      "masked_path": "d5/uki_w1_t3_b1_d5_08_masked.png",
      "mask_path": "d5/uki_w1_t3_b1_d5_08_mask.png",
      "area": 4193,
      "bb_left": 241,
      "bb_top": 271,
      "bb_width": 71,
      "bb_height": 77
    },
    {
      "masked_path": "d5/uki_w1_t3_b1_d5_09_masked.png",
      "mask_path": "d5/uki_w1_t3_b1_d5_09_mask.png",
      "area": 1206,
      "bb_left": 326,
      "bb_top": 209,
      "bb_width": 53,
      "bb_height": 43
    },
    {
      "masked_path": "d5/uki_w1_t3_b1_d5_10_masked.png",
      "mask_path": "d5/uki_w1_t3_b1_d5_10_mask.png",
      "area": 4684,
      "bb_left": 243,
      "bb_top": 155,
      "bb_width": 69,
      "bb_height": 82
    }
  ]
}