{
  "path_d1": "uki_w1_s1_d4_d1.png",
  "path_d5": "uki_w1_s1_d4_d5.png",
  "masked_path_d1": "uki_w1_s1_d4_d1_masked.png",
  "masked_path_d5": "uki_w1_s1_d4_d5_masked.png",
  "mask_path_d1": "uki_w1_s1_d4_d1_mask.png",
  "mask_path_d5": "uki_w1_s1_d4_d5_mask.png",
  "metadata_path": "uki_w1_s1_d4_metadata.json",
  "week": 1,
  "shelf_row": "s",
  "shelf_column": "1",
  "well_row": "d",
  "well_column": "4",
  "num_leaves_d1": 4,
  "num_leaves_d5": 5,
  "area_d1": 10081,
  "area_d5": 12548,
  "leaves_d1": [
    {
      "masked_path": "d1/uki_w1_s1_d4_d1_01_masked.png",
      "mask_path": "d1/uki_w1_s1_d4_d1_01_mask.png",
      "area": 4449,
      "bb_left": 235,
      "bb_top": 240,
      "bb_width": 65,
      "bb_height": 84
    },
    {
      "masked_path": "d1/uki_w1_s1_d4_d1_02_masked.png",
      "mask_path": "d1/uki_w1_s1_d4_d1_02_mask.png",
      "area": 3091,
      "bb_left": 181,
      "bb_top": 213,
      "bb_width": 76,
      "bb_height": 53
    },
    {
      "masked_path": "d1/uki_w1_s1_d4_d1_03_masked.png",
      "mask_path": "d1/uki_w1_s1_d4_d1_03_mask.png",
      "area": 2207,
      "bb_left": 254,
      "bb_top": 202,
      "bb_width": 57,
      "bb_height": 54
    },
    {
      "masked_path": "d1/uki_w1_s1_d4_d1_04_masked.png",
      "mask_path": "d1/uki_w1_s1_d4_d1_04_mask.png",
      "area": 385,
      "bb_left": 221,
      "bb_top": 199,
      "bb_width": 30,
      "bb_height": 19
    }
  ],
  "leaves_d5": [
    {
      "masked_path": "d5/uki_w1_s1_d4_d5_01_masked.png",
      "mask_path": "d5/uki_w1_s1_d4_d5_01_mask.png",
      "area": 4341,
      "bb_left": 210,
      "bb_top": 178,
      "bb_width": 68,
      "bb_height": 85
    },
    {
      "masked_path": "d5/uki_w1_s1_d4_d5_02_masked.png",
      "mask_path": "d5/uki_w1_s1_d4_d5_02_mask.png",
      "area": 3045,
      "bb_left": 264,
      "bb_top": 224,
      "bb_width": 67,
      "bb_height": 60
    },
    {
      "masked_path": "d5/uki_w1_s1_d4_d5_03_masked.png",
      "mask_path": "d5/uki_w1_s1_d4_d5_03_mask.png",
      "area": 3082,
      "bb_left": 202,
      "bb_top": 252,
      "bb_width": 51,
      "bb_height": 77
    },
    {
      "masked_path": "d5/uki_w1_s1_d4_d5_04_masked.png",
      "mask_path": "d5/uki_w1_s1_d4_d5_04_mask.png",
      "area": 1529,
      "bb_left": 179,
      "bb_top": 234,
      "bb_width": 46,
      "bb_height": 48
    },
    {
      "masked_path": "d5/uki_w1_s1_d4_d5_05_masked.png",
      "mask_path": "d5/uki_w1_s1_d4_d5_05_mask.png",
      "area": 648,
      "bb_left": 247,
      "bb_top": 261,
      "bb_width": 34,
      "bb_height": 34
    }
  ]
}