{
  "path_d1": "uki_w1_p2_b3_d1.png",
  "path_d5": "uki_w1_p2_b3_d5.png",
  "masked_path_d1": "uki_w1_p2_b3_d1_masked.png",
  "masked_path_d5": "uki_w1_p2_b3_d5_masked.png",
  "mask_path_d1": "uki_w1_p2_b3_d1_mask.png",
  "mask_path_d5": "uki_w1_p2_b3_d5_mask.png",
  "metadata_path": "uki_w1_p2_b3_metadata.json",
  "week": 1,
  "shelf_row": "p",
  "shelf_column": "2",
  "well_row": "b",
  "well_column": "3",
  "num_leaves_d1": 2,
  "num_leaves_d5": 5,
  "area_d1": 3709,
  "area_d5": 12417,
  "leaves_d1": [
    {
      "masked_path": "d1/uki_w1_p2_b3_d1_01_masked.png",
      "mask_path": "d1/uki_w1_p2_b3_d1_01_mask.png",
      "area": 2282,
      "bb_left": 247,
      "bb_top": 234,
      "bb_width": 42,
      "bb_height": 68
    },
    {
      "masked_path": "d1/uki_w1_p2_b3_d1_02_masked.png",
      "mask_path": "d1/uki_w1_p2_b3_d1_02_mask.png",
      "area": 1427,
      "bb_left": 210,
      "bb_top": 222,
      "bb_width": 47,
      "bb_height": 46
    }
  ],
  "leaves_d5": [
    {
      "masked_path": "d5/uki_w1_p2_b3_d5_01_masked.png",
      "mask_path": "d5/uki_w1_p2_b3_d5_01_mask.png",
      "area": 2269,
      "bb_left": 348,
      "bb_top": 138,
      "bb_width": 49,
      "bb_height": 61
    },
    {
      "masked_path": "d5/uki_w1_p2_b3_d5_02_masked.png",
      "mask_path": "d5/uki_w1_p2_b3_d5_02_mask.png",
      "area": 1622,
      "bb_left": 351,
      "bb_top": 110,
      "bb_width": 51,
      "bb_height": 47
    },
    {
      "masked_path": "d5/uki_w1_p2_b3_d5_03_masked.png",
      "mask_path": "d5/uki_w1_p2_b3_d5_03_mask.png",
      "area": 4588,
      "bb_left": 279,
      "bb_top": 169,
      "bb_width": 80,
      "bb_height": 73
    },
    {
      "masked_path": "d5/uki_w1_p2_b3_d5_04_masked.png",
      "mask_path": "d5/uki_w1_p2_b3_d5_04_mask.png",
      "area": 3258,
      "bb_left": 259,
      "bb_top": 128,
      "bb_width": 87,
      "bb_height": 49
    },
    {
      "masked_path": "d5/uki_w1_p2_b3_d5_05_masked.png",
      "mask_path": "d5/uki_w1_p2_b3_d5_05_mask.png",
      "area": 725,
      "bb_left": 310,
      "bb_top": 116,
      "bb_width": 40,
      "bb_height": 35
    }
  ]
}