{
  "path_d1": "uki_w1_p1_b4_d1.png",
  "path_d5": "uki_w1_p1_b4_d5.png",
  "masked_path_d1": "uki_w1_p1_b4_d1_masked.png",
  "masked_path_d5": "uki_w1_p1_b4_d5_masked.png",
  "mask_path_d1": "uki_w1_p1_b4_d1_mask.png",
  "mask_path_d5": "uki_w1_p1_b4_d5_mask.png",
  "metadata_path": "uki_w1_p1_b4_metadata.json",
  "week": 1,
  "shelf_row": "p",
  "shelf_column": "1",
  "well_row": "b",
  "well_column": "4",
  "num_leaves_d1": 4,
  "num_leaves_d5": 6,
  "area_d1": 10748,
  "area_d5": 15099,
  "leaves_d1": [
    {
      "masked_path": "d1/uki_w1_p1_b4_d1_01_masked.png",
      "mask_path": "d1/uki_w1_p1_b4_d1_01_mask.png",
      "area": 4475,
      "bb_left": 186,
      "bb_top": 217,
      "bb_width": 87,
      "bb_height": 66
    },
    {
      "masked_path": "d1/uki_w1_p1_b4_d1_02_masked.png",
      "mask_path": "d1/uki_w1_p1_b4_d1_02_mask.png",
      "area": 1681,
      "bb_left": 213,
      "bb_top": 180,
      "bb_width": 53,
      "bb_height": 41
    },
    {
      "masked_path": "d1/uki_w1_p1_b4_d1_03_masked.png",
      "mask_path": "d1/uki_w1_p1_b4_d1_03_mask.png",
      "area": 4400,
      "bb_left": 246,
      "bb_top": 248,
      "bb_width": 74,
      "bb_height": 82
    },
    {
      "masked_path": "d1/uki_w1_p1_b4_d1_04_masked.png",
      "mask_path": "d1/uki_w1_p1_b4_d1_04_mask.png",
      "area": 192,
      "bb_left": 275,
      "bb_top": 232,
      "bb_width": 16,
      "bb_height": 15
    }
  ],
  "leaves_d5": [
    {
      "masked_path": "d5/uki_w1_p1_b4_d5_01_masked.png",
      "mask_path": "d5/uki_w1_p1_b4_d5_01_mask.png",
      "area": 4074,
      "bb_left": 215,
      "bb_top": 242,
      "bb_width": 66,
      "bb_height": 81
    },
    {
      "masked_path": "d5/uki_w1_p1_b4_d5_02_masked.png",
      "mask_path": "d5/uki_w1_p1_b4_d5_02_mask.png",
      "area": 4023,
      "bb_left": 277,
      "bb_top": 230,
      "bb_width": 76,
      "bb_height": 66
    },
    {
      "masked_path": "d5/uki_w1_p1_b4_d5_03_masked.png",
      "mask_path": "d5/uki_w1_p1_b4_d5_03_mask.png",
      "area": 253,
      "bb_left": 274,
      "bb_top": 274,
      "bb_width": 23,
      "bb_height": 17
    },
    {
      "masked_path": "d5/uki_w1_p1_b4_d5_04_masked.png",
      "mask_path": "d5/uki_w1_p1_b4_d5_04_mask.png",
      "area": 2855,
      "bb_left": 240,
      "bb_top": 189,
      "bb_width": 64,
      "bb_height": 59
    },
    {
      "masked_path": "d5/uki_w1_p1_b4_d5_05_masked.png",
      "mask_path": "d5/uki_w1_p1_b4_d5_05_mask.png",
      "area": 3115,
      "bb_left": 184,
      "bb_top": 194,
      "bb_width": 58,
      "bb_height": 71
    },
    {
      "masked_path": "d5/uki_w1_p1_b4_d5_06_masked.png",
      "mask_path": "d5/uki_w1_p1_b4_d5_06_mask.png",
      "area": 935,
      "bb_left": 185,
      "bb_top": 243,
      "bb_width": 39,
      "bb_height": 42
    }
  ]
}