{
  "path_d1": "uki_w1_r2_a2_d1.png",
  "path_d5": "uki_w1_r2_a2_d5.png",
  "masked_path_d1": "uki_w1_r2_a2_d1_masked.png",
  "masked_path_d5": "uki_w1_r2_a2_d5_masked.png",
  "mask_path_d1": "uki_w1_r2_a2_d1_mask.png",
  "mask_path_d5": "uki_w1_r2_a2_d5_mask.png",
  "metadata_path": "uki_w1_r2_a2_metadata.json",
  "week": 1,
  "shelf_row": "r",
  "shelf_column": "2",
  "well_row": "a",
  "well_column": "2",
  "num_leaves_d1": 3,
  "num_leaves_d5": 7,
  "area_d1": 7919,
  "area_d5": 24559,
  "leaves_d1": [
    {
      "masked_path": "d1/uki_w1_r2_a2_d1_01_masked.png",
      "mask_path": "d1/uki_w1_r2_a2_d1_01_mask.png",
      "area": 5475,
      "bb_left": 232,
      "bb_top": 195,
      "bb_width": 72,
      "bb_height": 98
    },
    {
      "masked_path": "d1/uki_w1_r2_a2_d1_02_masked.png",
      "mask_path": "d1/uki_w1_r2_a2_d1_02_mask.png",
      "area": 1846,
      "bb_left": 239,
      "bb_top": 273,
      "bb_width": 56,
      "bb_height": 48
    },
    {
      "masked_path": "d1/uki_w1_r2_a2_d1_03_masked.png",
      "mask_path": "d1/uki_w1_r2_a2_d1_03_mask.png",
      "area": 645,
      "bb_left": 304,
      "bb_top": 254,
      "bb_width": 25,
      "bb_height": 32
    }
  ],
  "leaves_d5": [
    {
      "masked_path": "d5/uki_w1_r2_a2_d5_01_masked.png",
      "mask_path": "d5/uki_w1_r2_a2_d5_01_mask.png",
      "area": 5111,
      "bb_left": 345,
      "bb_top": 182,
      "bb_width": 93,
      "bb_height": 72
    },
    {
      "masked_path": "d5/uki_w1_r2_a2_d5_02_masked.png",
      "mask_path": "d5/uki_w1_r2_a2_d5_02_mask.png",
      "area": 997,
      "bb_left": 323,
      "bb_top": 205,
      "bb_width": 31,
      "bb_height": 43
    },
    {
      "masked_path": "d5/uki_w1_r2_a2_d5_03_masked.png",
      "mask_path": "d5/uki_w1_r2_a2_d5_03_mask.png",
      "area": 5110,
      "bb_left": 331,
      "bb_top": 252,
      "bb_width": 75,
      "bb_height": 83
    },
    {
      "masked_path": "d5/uki_w1_r2_a2_d5_04_masked.png",
      "mask_path": "d5/uki_w1_r2_a2_d5_04_mask.png",
      "area": 311,
      "bb_left": 387,
      "bb_top": 250,
      "bb_width": 21,
      "bb_height": 26
    },
    {
      "masked_path": "d5/uki_w1_r2_a2_d5_05_masked.png",
      "mask_path": "d5/uki_w1_r2_a2_d5_05_mask.png",
      "area": 5189,
      "bb_left": 254,
      "bb_top": 112,
      "bb_width": 77,
      "bb_height": 97
    },
    {
      "masked_path": "d5/uki_w1_r2_a2_d5_06_masked.png",
      "mask_path": "d5/uki_w1_r2_a2_d5_06_mask.png",
      "area": 2639,
      "bb_left": 321,
      "bb_top": 135,
      "bb_width": 50,
      "bb_height": 64
    },
    {
      "masked_path": "d5/uki_w1_r2_a2_d5_07_masked.png",
      "mask_path": "d5/uki_w1_r2_a2_d5_07_mask.png",
      "area": 5318,
      "bb_left": 238,
      "bb_top": 186,
      "bb_width": 84,
      "bb_height": 83
    }
  ]
}