{
  "path_d1": "uki_w1_t4_c1_d1.png",
  "path_d5": "uki_w1_t4_c1_d5.png",
  "masked_path_d1": "uki_w1_t4_c1_d1_masked.png",
  "masked_path_d5": "uki_w1_t4_c1_d5_masked.png",
  "mask_path_d1": "uki_w1_t4_c1_d1_mask.png",
  "mask_path_d5": "uki_w1_t4_c1_d5_mask.png",
  "metadata_path": "uki_w1_t4_c1_metadata.json",
  "week": 1,
  "shelf_row": "t",
  "shelf_column": "4",
  "well_row": "c",
  "well_column": "1",
  "num_leaves_d1": 3,
  "num_leaves_d5": 9,
  "area_d1": 6563,
  "area_d5": 21631,
  "leaves_d1": [
    {
      "masked_path": "d1/uki_w1_t4_c1_d1_01_masked.png",
      "mask_path": "d1/uki_w1_t4_c1_d1_01_mask.png",
      "area": 3772,
      "bb_left": 193,
      "bb_top": 207,
      "bb_width": 87,
      "bb_height": 58
    },
    {
      "masked_path": "d1/uki_w1_t4_c1_d1_02_masked.png",
      "mask_path": "d1/uki_w1_t4_c1_d1_02_mask.png",
      "area": 391,
      "bb_left": 243,
      "bb_top": 200,
      "bb_width": 31,
      "bb_height": 21
    },
    {
      "masked_path": "d1/uki_w1_t4_c1_d1_03_masked.png",
      "mask_path": "d1/uki_w1_t4_c1_d1_03_mask.png",
      "area": 2437,
      "bb_left": 246,
      "bb_top": 235,
      "bb_width": 56,
      "bb_height": 65
    }
  ],
  "leaves_d5": [
    {
      "masked_path": "d5/uki_w1_t4_c1_d5_01_masked.png",
      "mask_path": "d5/uki_w1_t4_c1_d5_01_mask.png",
      "area": 3725,
      "bb_left": 220,
      "bb_top": 127,
      "bb_width": 58,
      "bb_height": 86
    },
    {
      "masked_path": "d5/uki_w1_t4_c1_d5_02_masked.png",
      "mask_path": "d5/uki_w1_t4_c1_d5_02_mask.png",
      "area": 4006,
      "bb_left": 221,
      "bb_top": 274,
      "bb_width": 61,
      "bb_height": 82
    },
    {
      "masked_path": "d5/uki_w1_t4_c1_d5_03_masked.png",
      "mask_path": "d5/uki_w1_t4_c1_d5_03_mask.png",
      "area": 3674,
      "bb_left": 252,
      "bb_top": 217,
      "bb_width": 78,
      "bb_height": 62
    },
    {
      "masked_path": "d5/uki_w1_t4_c1_d5_04_masked.png",
      "mask_path": "d5/uki_w1_t4_c1_d5_04_mask.png",
      "area": 2736,
      "bb_left": 280,
      "bb_top": 275,
      "bb_width": 50,
      "bb_height": 66
    },
    {
      "masked_path": "d5/uki_w1_t4_c1_d5_05_masked.png",
      "mask_path": "d5/uki_w1_t4_c1_d5_05_mask.png",
      "area": 352,
      "bb_left": 229,
      "bb_top": 268,
      "bb_width": 24,
      "bb_height": 27
    },
    {
      "masked_path": "d5/uki_w1_t4_c1_d5_06_masked.png",
      "mask_path": "d5/uki_w1_t4_c1_d5_06_mask.png",
      "area": 1194,
      "bb_left": 230,
      "bb_top": 222,
      "bb_width": 37,
      "bb_height": 46
    },
    {
      "masked_path": "d5/uki_w1_t4_c1_d5_07_masked.png",
      "mask_path": "d5/uki_w1_t4_c1_d5_07_mask.png",
      "area": 1634,
      "bb_left": 257,
      "bb_top": 172,
      "bb_width": 45,
      "bb_height": 54
    },
    {
      "masked_path": "d5/uki_w1_t4_c1_d5_08_masked.png",
      "mask_path": "d5/uki_w1_t4_c1_d5_08_mask.png",
      "area": 4151,
      "bb_left": 164,
      "bb_top": 164,
      "bb_width": 73,
      "bb_height": 72
    },
    {
      "masked_path": "d5/uki_w1_t4_c1_d5_09_masked.png",
      "mask_path": "d5/uki_w1_t4_c1_d5_09_mask.png",
      "area": 438,
      "bb_left": 219,
      "bb_top": 203,
      "bb_width": 29,
      "bb_height": 30
    }
  ]
}