{
  "path_d1": "uki_w1_t1_a5_d1.png",
  "path_d5": "uki_w1_t1_a5_d5.png",
  "masked_path_d1": "uki_w1_t1_a5_d1_masked.png",
  "masked_path_d5": "uki_w1_t1_a5_d5_masked.png",
  "mask_path_d1": "uki_w1_t1_a5_d1_mask.png",
  "mask_path_d5": "uki_w1_t1_a5_d5_mask.png",
  "metadata_path": "uki_w1_t1_a5_metadata.json",
  "week": 1,
  "shelf_row": "t",
  "shelf_column": "1",
  "well_row": "a",
  "well_column": "5",
  "num_leaves_d1": 4,
  "num_leaves_d5": 13,
  "area_d1": 9405,
  "area_d5": 42339,
  "leaves_d1": [
    {
      "masked_path": "d1/uki_w1_t1_a5_d1_01_masked.png",
      "mask_path": "d1/uki_w1_t1_a5_d1_01_mask.png",
      "area": 3571,
      "bb_left": 193,
      "bb_top": 246,
      "bb_width": 83,
      "bb_height": 57
    },
    {
      "masked_path": "d1/uki_w1_t1_a5_d1_02_masked.png",
      "mask_path": "d1/uki_w1_t1_a5_d1_02_mask.png",
      "area": 2955,
      "bb_left": 259,
      "bb_top": 206,
      "bb_width": 49,
      "bb_height": 79
    },
    {
      "masked_path": "d1/uki_w1_t1_a5_d1_03_masked.png",
      "mask_path": "d1/uki_w1_t1_a5_d1_03_mask.png",
      "area": 2439,
      "bb_left": 239,
      "bb_top": 281,
      "bb_width": 56,
      "bb_height": 62
    },
    {
      "masked_path": "d1/uki_w1_t1_a5_d1_04_masked.png",
      "mask_path": "d1/uki_w1_t1_a5_d1_04_mask.png",
      "area": 495,
      "bb_left": 295,
      "bb_top": 253,
      "bb_width": 25,
      "bb_height": 32
    }
  ],
  "leaves_d5": [
    {
      "masked_path": "d5/uki_w1_t1_a5_d5_01_masked.png",
      "mask_path": "d5/uki_w1_t1_a5_d5_01_mask.png",
      "area": 4805,
      "bb_left": 177,
      "bb_top": 94,
      "bb_width": 83,
      "bb_height": 87
    },
    {
      "masked_path": "d5/uki_w1_t1_a5_d5_02_masked.png",
      "mask_path": "d5/uki_w1_t1_a5_d5_02_mask.png",
      "area": 4749,
      "bb_left": 218,
      "bb_top": 315,
      "bb_width": 85,
      "bb_height": 75
    },
    {
      "masked_path": "d5/uki_w1_t1_a5_d5_03_masked.png",
      "mask_path": "d5/uki_w1_t1_a5_d5_03_mask.png",
      "area": 3466,
      "bb_left": 298,
      "bb_top": 151,
      "bb_width": 60,
      "bb_height": 77
    },
    {
      "masked_path": "d5/uki_w1_t1_a5_d5_04_masked.png",
      "mask_path": "d5/uki_w1_t1_a5_d5_04_mask.png",
      "area": 3232,
      "bb_left": 296,
      "bb_top": 274,
      "bb_width": 80,
      "bb_height": 52
    },
    {
      "masked_path": "d5/uki_w1_t1_a5_d5_05_masked.png",
      "mask_path": "d5/uki_w1_t1_a5_d5_05_mask.png",
      "area": 4056,
      "bb_left": 320,
      "bb_top": 227,
      "bb_width": 80,
      "bb_height": 72
    },
    {
      "masked_path": "d5/uki_w1_t1_a5_d5_06_masked.png",
      "mask_path": "d5/uki_w1_t1_a5_d5_06_mask.png",
      "area": 6320,
      "bb_left": 143,
      "bb_top": 163,
      "bb_width": 89,
      "bb_height": 90
    },
    {
      "masked_path": "d5/uki_w1_t1_a5_d5_07_masked.png",
      "mask_path": "d5/uki_w1_t1_a5_d5_07_mask.png",
      "area": 865,
      "bb_left": 227,
      "bb_top": 177,
      "bb_width": 28,
      "bb_height": 40
    },
    {
      "masked_path": "d5/uki_w1_t1_a5_d5_08_masked.png",
      "mask_path": "d5/uki_w1_t1_a5_d5_08_mask.png",
      "area": 3595,
      "bb_left": 257,
      "bb_top": 233,
      "bb_width": 70,
      "bb_height": 69
    },
    {
      "masked_path": "d5/uki_w1_t1_a5_d5_09_masked.png",
      "mask_path": "d5/uki_w1_t1_a5_d5_09_mask.png",
      "area": 1619,
      "bb_left": 322,
      "bb_top": 195,
      "bb_width": 70,
      "bb_height": 38
    },
    {
      "masked_path": "d5/uki_w1_t1_a5_d5_10_masked.png",
      "mask_path": "d5/uki_w1_t1_a5_d5_10_mask.png",
      "area": 1660,
      "bb_left": 268,
      "bb_top": 188,
      "bb_width": 48,
      "bb_height": 51
    },
    {
      "masked_path": "d5/uki_w1_t1_a5_d5_11_masked.png",
      "mask_path": "d5/uki_w1_t1_a5_d5_11_mask.png",
      "area": 2750,
      "bb_left": 241,
      "bb_top": 109,
      "bb_width": 57,
      "bb_height": 67
    },
    {
      "masked_path": "d5/uki_w1_t1_a5_d5_12_masked.png",
      "mask_path": "d5/uki_w1_t1_a5_d5_12_mask.png",
      "area": 962,
      "bb_left": 242,
      "bb_top": 295,
      "bb_width": 51,
      "bb_height": 31
    },
    {
      "masked_path": "d5/uki_w1_t1_a5_d5_13_masked.png",
      "mask_path": "d5/uki_w1_t1_a5_d5_13_mask.png",
      "area": 4633,
      "bb_left": 274,
      "bb_top": 329,
      "bb_width": 77,
      "bb_height": 83
    }
  ]
}