{
  "path_d1": "uki_w1_r3_a3_d1.png",
  "path_d5": "uki_w1_r3_a3_d5.png",
  "masked_path_d1": "uki_w1_r3_a3_d1_masked.png",
  "masked_path_d5": "uki_w1_r3_a3_d5_masked.png",
  "mask_path_d1": "uki_w1_r3_a3_d1_mask.png",
  "mask_path_d5": "uki_w1_r3_a3_d5_mask.png",
  "metadata_path": "uki_w1_r3_a3_metadata.json",
  "week": 1,
  "shelf_row": "r",
  "shelf_column": "3",
  "well_row": "a",
  "well_column": "3",
  "num_leaves_d1": 2,
  "num_leaves_d5": 4,
  "area_d1": 5699,
  "area_d5": 10661,
  "leaves_d1": [
    {
      "masked_path": "d1/uki_w1_r3_a3_d1_01_masked.png",
      "mask_path": "d1/uki_w1_r3_a3_d1_01_mask.png",
      "area": 4464,
      "bb_left": 237,
      "bb_top": 224,
      "bb_width": 76,
      "bb_height": 79
    },
    {
      "masked_path": "d1/uki_w1_r3_a3_d1_02_masked.png",
      "mask_path": "d1/uki_w1_r3_a3_d1_02_mask.png",
      "area": 1260,
      "bb_left": 208,
      "bb_top": 253,
      "bb_width": 34,
      "bb_height": 49
    }
  ],
  "leaves_d5": [
    {
      "masked_path": "d5/uki_w1_r3_a3_d5_01_masked.png",
      "mask_path": "d5/uki_w1_r3_a3_d5_01_mask.png",
      "area": 4223,
      "bb_left": 242,
      "bb_top": 198,
      "bb_width": 61,
      "bb_height": 89
    },
    {
      "masked_path": "d5/uki_w1_r3_a3_d5_02_masked.png",
      "mask_path": "d5/uki_w1_r3_a3_d5_02_mask.png",
      "area": 3869,
      "bb_left": 168,
      "bb_top": 239,
      "bb_width": 81,
      "bb_height": 58
    },
    {
      "masked_path": "d5/uki_w1_r3_a3_d5_03_masked.png",
      "mask_path": "d5/uki_w1_r3_a3_d5_03_mask.png",
      "area": 1481,
      "bb_left": 219,
      "bb_top": 273,
      "bb_width": 50,
      "bb_height": 49
    },
    {
      "masked_path": "d5/uki_w1_r3_a3_d5_04_masked.png",
      "mask_path": "d5/uki_w1_r3_a3_d5_04_mask.png",
      "area": 1138,
      "bb_left": 272,
      "bb_top": 257,
      "bb_width": 41,
      "bb_height": 43
    }
  ]
}