{
  "path_d1": "uki_w1_r1_c4_d1.png",
  "path_d5": "uki_w1_r1_c4_d5.png",
  "masked_path_d1": "uki_w1_r1_c4_d1_masked.png",
  "masked_path_d5": "uki_w1_r1_c4_d5_masked.png",
  "mask_path_d1": "uki_w1_r1_c4_d1_mask.png",
  "mask_path_d5": "uki_w1_r1_c4_d5_mask.png",
  "metadata_path": "uki_w1_r1_c4_metadata.json",
  "week": 1,
  "shelf_row": "r",
  "shelf_column": "1",
  "well_row": "c",
  "well_column": "4",
  "num_leaves_d1": 2,
  "num_leaves_d5": 6,
  "area_d1": 4966,
  "area_d5": 16263,
  "leaves_d1": [
    {
      "masked_path": "d1/uki_w1_r1_c4_d1_01_masked.png",
      "mask_path": "d1/uki_w1_r1_c4_d1_01_mask.png",
      "area": 3426,
      "bb_left": 219,
      "bb_top": 207,
      "bb_width": 77,
      "bb_height": 57
    },
    {
      "masked_path": "d1/uki_w1_r1_c4_d1_02_masked.png",
      "mask_path": "d1/uki_w1_r1_c4_d1_02_mask.png",
      "area": 1542,
      "bb_left": 218,
      "bb_top": 262,
      "bb_width": 44,
      "bb_height": 42
    }
  ],
  "leaves_d5": [
    {
      "masked_path": "d5/uki_w1_r1_c4_d5_01_masked.png",
      "mask_path": "d5/uki_w1_r1_c4_d5_01_mask.png",
      "area": 4716,
      "bb_left": 307,
      "bb_top": 221,
      "bb_width": 75,
      "bb_height": 83
    },
    {
      "masked_path": "d5/uki_w1_r1_c4_d5_02_masked.png",
      "mask_path": "d5/uki_w1_r1_c4_d5_02_mask.png",
      "area": 472,
      "bb_left": 309,
      "bb_top": 280,
      "bb_width": 25,
      "bb_height": 31
    },
    {
      "masked_path": "d5/uki_w1_r1_c4_d5_03_masked.png",
      "mask_path": "d5/uki_w1_r1_c4_d5_03_mask.png",
      "area": 2693,
      "bb_left": 323,
      "bb_top": 299,
      "bb_width": 77,
      "bb_height": 45
    },
    {
      "masked_path": "d5/uki_w1_r1_c4_d5_04_masked.png",
      "mask_path": "d5/uki_w1_r1_c4_d5_04_mask.png",
      "area": 2385,
      "bb_left": 303,
      "bb_top": 321,
      "bb_width": 56,
      "bb_height": 55
    },
    {
      "masked_path": "d5/uki_w1_r1_c4_d5_05_masked.png",
      "mask_path": "d5/uki_w1_r1_c4_d5_05_mask.png",
      "area": 3390,
      "bb_left": 237,
      "bb_top": 265,
      "bb_width": 65,
      "bb_height": 66
    },
    {
      "masked_path": "d5/uki_w1_r1_c4_d5_06_masked.png",
      "mask_path": "d5/uki_w1_r1_c4_d5_06_mask.png",
      "area": 2684,
      "bb_left": 249,
      "bb_top": 330,
      "bb_width": 57,
      "bb_height": 56
    }
  ]
}