{
  "path_d1": "uki_w1_p4_d4_d1.png",
  "path_d5": "uki_w1_p4_d4_d5.png",
  "masked_path_d1": "uki_w1_p4_d4_d1_masked.png",
  "masked_path_d5": "uki_w1_p4_d4_d5_masked.png",
  "mask_path_d1": "uki_w1_p4_d4_d1_mask.png",
  "mask_path_d5": "uki_w1_p4_d4_d5_mask.png",
  "metadata_path": "uki_w1_p4_d4_metadata.json",
  "week": 1,
  "shelf_row": "p",
  "shelf_column": "4",
  "well_row": "d",
  "well_column": "4",
  "num_leaves_d1": 3,
  "num_leaves_d5": 7,
  "area_d1": 9807,
  "area_d5": 27984,
  "leaves_d1": [
    {
      "masked_path": "d1/uki_w1_p4_d4_d1_01_masked.png",
      "mask_path": "d1/uki_w1_p4_d4_d1_01_mask.png",
      "area": 5220,
      "bb_left": 262,
      "bb_top": 219,
      "bb_width": 77,
      "bb_height": 92
    },
    {
      "masked_path": "d1/uki_w1_p4_d4_d1_02_masked.png",
      "mask_path": "d1/uki_w1_p4_d4_d1_02_mask.png",
      "area": 3195,
      "bb_left": 181,
      "bb_top": 198,
      "bb_width": 76,
      "bb_height": 57
    },
    {
      "masked_path": "d1/uki_w1_p4_d4_d1_03_masked.png",
      "mask_path": "d1/uki_w1_p4_d4_d1_03_mask.png",
      "area": 1406,
      "bb_left": 227,
      "bb_top": 228,
      "bb_width": 47,
      "bb_height": 46
    }
  ],
  "leaves_d5": [
    {
      "masked_path": "d5/uki_w1_p4_d4_d5_01_masked.png",
      "mask_path": "d5/uki_w1_p4_d4_d5_01_mask.png",
      "area": 5157,
      "bb_left": 171,
      "bb_top": 250,
      "bb_width": 67,
      "bb_height": 103
    },
    {
      "masked_path": "d5/uki_w1_p4_d4_d5_02_masked.png",
      "mask_path": "d5/uki_w1_p4_d4_d5_02_mask.png",
      "area": 5807,
      "bb_left": 324,
      "bb_top": 234,
      "bb_width": 72,
      "bb_height": 107
    },
    {
      "masked_path": "d5/uki_w1_p4_d4_d5_03_masked.png",
      "mask_path": "d5/uki_w1_p4_d4_d5_03_mask.png",
      "area": 6068,
      "bb_left": 227,
      "bb_top": 243,
      "bb_width": 92,
      "bb_height": 84
    },
    {
      "masked_path": "d5/uki_w1_p4_d4_d5_04_masked.png",
      "mask_path": "d5/uki_w1_p4_d4_d5_04_mask.png",
      "area": 3189,
      "bb_left": 142,
      "bb_top": 229,
      "bb_width": 70,
      "bb_height": 68
    },
    {
      "masked_path": "d5/uki_w1_p4_d4_d5_05_masked.png",
      "mask_path": "d5/uki_w1_p4_d4_d5_05_mask.png",
      "area": 3175,
      "bb_left": 158,
      "bb_top": 167,
      "bb_width": 74,
      "bb_height": 56
    },
    {
      "masked_path": "d5/uki_w1_p4_d4_d5_06_masked.png",
      "mask_path": "d5/uki_w1_p4_d4_d5_06_mask.png",
      "area": 865,
      "bb_left": 202,
      "bb_top": 199,
      "bb_width": 39,
      "bb_height": 37
    },
    {
      "masked_path": "d5/uki_w1_p4_d4_d5_07_masked.png",
      "mask_path": "d5/uki_w1_p4_d4_d5_07_mask.png",
      "area": 3887,
      "bb_left": 202,
      "bb_top": 119,
      "bb_width": 70,
      "bb_height": 73
    }
  ]
}