{
  "path_d1": "uki_w1_s2_a3_d1.png",
  "path_d5": "uki_w1_s2_a3_d5.png",
  "masked_path_d1": "uki_w1_s2_a3_d1_masked.png",
  "masked_path_d5": "uki_w1_s2_a3_d5_masked.png",
  "mask_path_d1": "uki_w1_s2_a3_d1_mask.png",
  "mask_path_d5": "uki_w1_s2_a3_d5_mask.png",
  "metadata_path": "uki_w1_s2_a3_metadata.json",
  "week": 1,
  "shelf_row": "s",
  "shelf_column": "2",
  "well_row": "a",
  "well_column": "3",
  "num_leaves_d1": 2,
  "num_leaves_d5": 8,
  "area_d1": 5881,
  "area_d5": 19619,
  "leaves_d1": [
    {
      "masked_path": "d1/uki_w1_s2_a3_d1_01_masked.png",
      "mask_path": "d1/uki_w1_s2_a3_d1_01_mask.png",
      "area": 3413,
      "bb_left": 223,
      "bb_top": 200,
      "bb_width": 60,
      "bb_height": 70
    },
    {
      "masked_path": "d1/uki_w1_s2_a3_d1_02_masked.png",
      "mask_path": "d1/uki_w1_s2_a3_d1_02_mask.png",
      "area": 2503,
      "bb_left": 231,
      "bb_top": 265,
      "bb_width": 65,
      "bb_height": 53
    }
  ],
  "leaves_d5": [
    {
      "masked_path": "d5/uki_w1_s2_a3_d5_01_masked.png",
      "mask_path": "d5/uki_w1_s2_a3_d5_01_mask.png",
      "area": 5800,
      "bb_left": 188,
      "bb_top": 245,
      "bb_width": 81,
      "bb_height": 98
    },
    {
      "masked_path": "d5/uki_w1_s2_a3_d5_02_masked.png",
      "mask_path": "d5/uki_w1_s2_a3_d5_02_mask.png",
      "area": 3580,
      "bb_left": 190,
      "bb_top": 182,
      "bb_width": 80,
      "bb_height": 60
    },
    {
      "masked_path": "d5/uki_w1_s2_a3_d5_03_masked.png",
      "mask_path": "d5/uki_w1_s2_a3_d5_03_mask.png",
      "area": 2371,
      "bb_left": 230,
      "bb_top": 240,
      "bb_width": 69,
      "bb_height": 58
    },
    {
      "masked_path": "d5/uki_w1_s2_a3_d5_04_masked.png",
      "mask_path": "d5/uki_w1_s2_a3_d5_04_mask.png",
      "area": 76,
      "bb_left": 242,
      "bb_top": 235,
      "bb_width": 20,
      "bb_height": 6
    },
    {
      "masked_path": "d5/uki_w1_s2_a3_d5_05_masked.png",
      "mask_path": "d5/uki_w1_s2_a3_d5_05_mask.png",
      "area": 530,
      "bb_left": 195,
      "bb_top": 240,
      "bb_width": 33,
      "bb_height": 33
    },
    {
      "masked_path": "d5/uki_w1_s2_a3_d5_06_masked.png",
      "mask_path": "d5/uki_w1_s2_a3_d5_06_mask.png",
      "area": 2885,
      "bb_left": 320,
      "bb_top": 167,
      "bb_width": 61,
      "bb_height": 59
    },
    {
      "masked_path": "d5/uki_w1_s2_a3_d5_07_masked.png",
      "mask_path": "d5/uki_w1_s2_a3_d5_07_mask.png",
      "area": 2565,
      "bb_left": 275,
      "bb_top": 148,
      "bb_width": 50,
      "bb_height": 69
    },
    {
      "masked_path": "d5/uki_w1_s2_a3_d5_08_masked.png",
      "mask_path": "d5/uki_w1_s2_a3_d5_08_mask.png",
      "area": 1894,
      "bb_left": 274,
      "bb_top": 209,
      "bb_width": 54,
      "bb_height": 46
    }
  ]
}