{
  "path_d1": "uki_w1_r4_c5_d1.png",
  "path_d5": "uki_w1_r4_c5_d5.png",
  "masked_path_d1": "uki_w1_r4_c5_d1_masked.png",
  "masked_path_d5": "uki_w1_r4_c5_d5_masked.png",
  "mask_path_d1": "uki_w1_r4_c5_d1_mask.png",
  "mask_path_d5": "uki_w1_r4_c5_d5_mask.png",
  "metadata_path": "uki_w1_r4_c5_metadata.json",
  "week": 1,
  "shelf_row": "r",
  "shelf_column": "4",
  "well_row": "c",
  "well_column": "5",
  "num_leaves_d1": 2,
  "num_leaves_d5": 4,
  "area_d1": 3609,
  "area_d5": 6448,
  "leaves_d1": [
    {
      "masked_path": "d1/uki_w1_r4_c5_d1_01_masked.png",
      "mask_path": "d1/uki_w1_r4_c5_d1_01_mask.png",
      "area": 3183,
      "bb_left": 229,
      "bb_top": 210,
      "bb_width": 67,
      "bb_height": 65
    },
    {
      "masked_path": "d1/uki_w1_r4_c5_d1_02_masked.png",
      "mask_path": "d1/uki_w1_r4_c5_d1_02_mask.png",
      "area": 449,
      "bb_left": 254,
      "bb_top": 268,
      "bb_width": 35,
      "bb_height": 20
    }
  ],
  "leaves_d5": [
    {
      "masked_path": "d5/uki_w1_r4_c5_d5_01_masked.png",
      "mask_path": "d5/uki_w1_r4_c5_d5_01_mask.png",
      "area": 3440,
      "bb_left": 225,
      "bb_top": 192,
      "bb_width": 60,
      "bb_height": 73
    },
    {
      "masked_path": "d5/uki_w1_r4_c5_d5_02_masked.png",
      "mask_path": "d5/uki_w1_r4_c5_d5_02_mask.png",
      "area": 2725,
      "bb_left": 233,
      "bb_top": 253,
      "bb_width": 77,
      "bb_height": 50
    },
    {
      "masked_path": "d5/uki_w1_r4_c5_d5_03_masked.png",
      "mask_path": "d5/uki_w1_r4_c5_d5_03_mask.png",
      "area": 79,
      "bb_left": 227,
      "bb_top": 249,
      "bb_width": 9,
      "bb_height": 15
    },
    {
      "masked_path": "d5/uki_w1_r4_c5_d5_04_masked.png",
      "mask_path": "d5/uki_w1_r4_c5_d5_04_mask.png",
      "area": 217,
      "bb_left": 230,
      "bb_top": 274,
      "bb_width": 19,
      "bb_height": 22
    }
  ]
}