{
  "path_d1": "uki_w1_q2_b6_d1.png",
  "path_d5": "uki_w1_q2_b6_d5.png",
  "masked_path_d1": "uki_w1_q2_b6_d1_masked.png",
  "masked_path_d5": "uki_w1_q2_b6_d5_masked.png",
  "mask_path_d1": "uki_w1_q2_b6_d1_mask.png",
  "mask_path_d5": "uki_w1_q2_b6_d5_mask.png",
  "metadata_path": "uki_w1_q2_b6_metadata.json",
  "week": 1,
  "shelf_row": "q",
  "shelf_column": "2",
  "well_row": "b",
  "well_column": "6",
  "num_leaves_d1": 2,
  "num_leaves_d5": 5,
  "area_d1": 4545,
  "area_d5": 12659,
  "leaves_d1": [
    {
      "masked_path": "d1/uki_w1_q2_b6_d1_01_masked.png",
      "mask_path": "d1/uki_w1_q2_b6_d1_01_mask.png",
      "area": 2678,
      "bb_left": 216,
      "bb_top": 218,
      "bb_width": 48,
      "bb_height": 70
    },
    {
      "masked_path": "d1/uki_w1_q2_b6_d1_02_masked.png",
      "mask_path": "d1/uki_w1_q2_b6_d1_02_mask.png",
      "area": 1867,
      "bb_left": 264,
      "bb_top": 246,
      "bb_width": 48,
      "bb_height": 43
    }
  ],
  "leaves_d5": [
    {
      "masked_path": "d5/uki_w1_q2_b6_d5_01_masked.png",
      "mask_path": "d5/uki_w1_q2_b6_d5_01_mask.png",
      "area": 4193,
      "bb_left": 181,
      "bb_top": 219,
      "bb_width": 73,
      "bb_height": 70
    },
    {
      "masked_path": "d5/uki_w1_q2_b6_d5_02_masked.png",
      "mask_path": "d5/uki_w1_q2_b6_d5_02_mask.png",
      "area": 2947,
      "bb_left": 247,
      "bb_top": 199,
      "bb_width": 48,
      "bb_height": 79
    },
    {
      "masked_path": "d5/uki_w1_q2_b6_d5_03_masked.png",
      "mask_path": "d5/uki_w1_q2_b6_d5_03_mask.png",
      "area": 586,
      "bb_left": 270,
      "bb_top": 248,
      "bb_width": 32,
      "bb_height": 36
    },
    {
      "masked_path": "d5/uki_w1_q2_b6_d5_04_masked.png",
      "mask_path": "d5/uki_w1_q2_b6_d5_04_mask.png",
      "area": 2218,
      "bb_left": 272,
      "bb_top": 279,
      "bb_width": 52,
      "bb_height": 57
    },
    {
      "masked_path": "d5/uki_w1_q2_b6_d5_05_masked.png",
      "mask_path": "d5/uki_w1_q2_b6_d5_05_mask.png",
      "area": 2788,
      "bb_left": 215,
      "bb_top": 280,
      "bb_width": 69,
      "bb_height": 58
    }
  ]
}