{
  "path_d1": "uki_w1_q3_a2_d1.png",
  "path_d5": "uki_w1_q3_a2_d5.png",
  "masked_path_d1": "uki_w1_q3_a2_d1_masked.png",
  "masked_path_d5": "uki_w1_q3_a2_d5_masked.png",
  "mask_path_d1": "uki_w1_q3_a2_d1_mask.png",
  "mask_path_d5": "uki_w1_q3_a2_d5_mask.png",
  "metadata_path": "uki_w1_q3_a2_metadata.json",
  "week": 1,
  "shelf_row": "q",
  "shelf_column": "3",
  "well_row": "a",
  "well_column": "2",
  "num_leaves_d1": 3,
  "num_leaves_d5": 8,
  "area_d1": 7098,
  "area_d5": 20042,
  "leaves_d1": [
    {
      "masked_path": "d1/uki_w1_q3_a2_d1_01_masked.png",
      "mask_path": "d1/uki_w1_q3_a2_d1_01_mask.png",
      "area": 4174,
      "bb_left": 185,
      "bb_top": 205,
      "bb_width": 77,
      "bb_height": 71
    },
    {
      "masked_path": "d1/uki_w1_q3_a2_d1_02_masked.png",
      "mask_path": "d1/uki_w1_q3_a2_d1_02_mask.png",
      "area": 2805,
      "bb_left": 233,
      "bb_top": 261,
      "bb_width": 65,
      "bb_height": 54
    },
    {
      "masked_path": "d1/uki_w1_q3_a2_d1_03_masked.png",
      "mask_path": "d1/uki_w1_q3_a2_d1_03_mask.png",
      "area": 127,
      "bb_left": 242,
      "bb_top": 254,
      "bb_width": 25,
      "bb_height": 7
    }
  ],
  "leaves_d5": [
    {
      "masked_path": "d5/uki_w1_q3_a2_d5_01_masked.png",
      "mask_path": "d5/uki_w1_q3_a2_d5_01_mask.png",
      "area": 4386,
      "bb_left": 297,
      "bb_top": 233,
      "bb_width": 65,
      "bb_height": 87
    },
    {
      "masked_path": "d5/uki_w1_q3_a2_d5_02_masked.png",
      "mask_path": "d5/uki_w1_q3_a2_d5_02_mask.png",
      "area": 126,
      "bb_left": 363,
      "bb_top": 248,
      "bb_width": 6,
      "bb_height": 24
    },
    {
      "masked_path": "d5/uki_w1_q3_a2_d5_03_masked.png",
      "mask_path": "d5/uki_w1_q3_a2_d5_03_mask.png",
      "area": 2721,
      "bb_left": 231,
      "bb_top": 243,
      "bb_width": 69,
      "bb_height": 53
    },
    {
      "masked_path": "d5/uki_w1_q3_a2_d5_04_masked.png",
      "mask_path": "d5/uki_w1_q3_a2_d5_04_mask.png",
      "area": 3479,
      "bb_left": 190,
      "bb_top": 261,
      "bb_width": 67,
      "bb_height": 67
    },
    {
      "masked_path": "d5/uki_w1_q3_a2_d5_05_masked.png",
      "mask_path": "d5/uki_w1_q3_a2_d5_05_mask.png",
      "area": 5450,
      "bb_left": 219,
      "bb_top": 144,
      "bb_width": 75,
      "bb_height": 93
    },
    {
      "masked_path": "d5/uki_w1_q3_a2_d5_06_masked.png",
      "mask_path": "d5/uki_w1_q3_a2_d5_06_mask.png",
      "area": 2983,
      "bb_left": 180,
      "bb_top": 191,
      "bb_width": 61,
      "bb_height": 68
    },
    {
      "masked_path": "d5/uki_w1_q3_a2_d5_07_masked.png",
      "mask_path": "d5/uki_w1_q3_a2_d5_07_mask.png",
      "area": 264,
      "bb_left": 232,
      "bb_top": 237,
      "bb_width": 34,
      "bb_height": 16
    },
    {
      "masked_path": "d5/uki_w1_q3_a2_d5_08_masked.png",
      "mask_path": "d5/uki_w1_q3_a2_d5_08_mask.png",
      "area": 764,
      "bb_left": 261,
      "bb_top": 202,
      "bb_width": 38,
      "bb_height": 40
    }
  ]
}