{
  "path_d1": "uki_w1_p2_d2_d1.png",
  "path_d5": "uki_w1_p2_d2_d5.png",
  "masked_path_d1": "uki_w1_p2_d2_d1_masked.png",
  "masked_path_d5": "uki_w1_p2_d2_d5_masked.png",
  "mask_path_d1": "uki_w1_p2_d2_d1_mask.png",
  "mask_path_d5": "uki_w1_p2_d2_d5_mask.png",
  "metadata_path": "uki_w1_p2_d2_metadata.json",
  "week": 1,
  "shelf_row": "p",
  "shelf_column": "2",
  "well_row": "d",
  "well_column": "2",
  "num_leaves_d1": 2,
  "num_leaves_d5": 9,
  "area_d1": 7075,
  "area_d5": 20516,
  "leaves_d1": [
    {
      "masked_path": "d1/uki_w1_p2_d2_d1_01_masked.png",
      "mask_path": "d1/uki_w1_p2_d2_d1_01_mask.png",
      "area": 4201,
      "bb_left": 204,
      "bb_top": 197,
      "bb_width": 61,
      "bb_height": 96
    },
    {
      "masked_path": "d1/uki_w1_p2_d2_d1_02_masked.png",
      "mask_path": "d1/uki_w1_p2_d2_d1_02_mask.png",
      "area": 2874,
      "bb_left": 239,
      "bb_top": 254,
      "bb_width": 63,
      "bb_height": 62
    }
  ],
  "leaves_d5": [
    {
      "masked_path": "d5/uki_w1_p2_d2_d5_01_masked.png",
      "mask_path": "d5/uki_w1_p2_d2_d5_01_mask.png",
      "area": 4681,
      "bb_left": 196,
      "bb_top": 147,
      "bb_width": 72,
      "bb_height": 84
    },
    {
      "masked_path": "d5/uki_w1_p2_d2_d5_02_masked.png",
      "mask_path": "d5/uki_w1_p2_d2_d5_02_mask.png",
      "area": 3877,
      "bb_left": 253,
      "bb_top": 178,
      "bb_width": 71,
      "bb_height": 71
    },
    {
      "masked_path": "d5/uki_w1_p2_d2_d5_03_masked.png",
      "mask_path": "d5/uki_w1_p2_d2_d5_03_mask.png",
      "area": 378,
      "bb_left": 222,
      "bb_top": 226,
      "bb_width": 31,
      "bb_height": 16
    },
    {
      "masked_path": "d5/uki_w1_p2_d2_d5_04_masked.png",
      "mask_path": "d5/uki_w1_p2_d2_d5_04_mask.png",
      "area": 4208,
      "bb_left": 171,
      "bb_top": 258,
      "bb_width": 95,
      "bb_height": 56
    },
    {
      "masked_path": "d5/uki_w1_p2_d2_d5_05_masked.png",
      "mask_path": "d5/uki_w1_p2_d2_d5_05_mask.png",
      "area": 3905,
      "bb_left": 234,
      "bb_top": 295,
      "bb_width": 67,
      "bb_height": 75
    },
    {
      "masked_path": "d5/uki_w1_p2_d2_d5_06_masked.png",
      "mask_path": "d5/uki_w1_p2_d2_d5_06_mask.png",
      "area": 1877,
      "bb_left": 254,
      "bb_top": 265,
      "bb_width": 54,
      "bb_height": 52
    },
    {
      "masked_path": "d5/uki_w1_p2_d2_d5_07_masked.png",
      "mask_path": "d5/uki_w1_p2_d2_d5_07_mask.png",
      "area": 1009,
      "bb_left": 252,
      "bb_top": 245,
      "bb_width": 56,
      "bb_height": 24
    },
    {
      "masked_path": "d5/uki_w1_p2_d2_d5_08_masked.png",
      "mask_path": "d5/uki_w1_p2_d2_d5_08_mask.png",
      "area": 426,
      "bb_left": 218,
      "bb_top": 242,
      "bb_width": 33,
      "bb_height": 17
    },
    {
      "masked_path": "d5/uki_w1_p2_d2_d5_09_masked.png",
      "mask_path": "d5/uki_w1_p2_d2_d5_09_mask.png",
      "area": 334,
      "bb_left": 223,
      "bb_top": 309,
      "bb_width": 18,
      "bb_height": 28
    }
  ]
}