{
  "path_d1": "uki_w1_t4_b3_d1.png",
  "path_d5": "uki_w1_t4_b3_d5.png",
  "masked_path_d1": "uki_w1_t4_b3_d1_masked.png",
  "masked_path_d5": "uki_w1_t4_b3_d5_masked.png",
  "mask_path_d1": "uki_w1_t4_b3_d1_mask.png",
  "mask_path_d5": "uki_w1_t4_b3_d5_mask.png",
  "metadata_path": "uki_w1_t4_b3_metadata.json",
  "week": 1,
  "shelf_row": "t",
  "shelf_column": "4",
  "well_row": "b",
  "well_column": "3",
  "num_leaves_d1": 4,
  "num_leaves_d5": 16,
  "area_d1": 7403,
  "area_d5": 46914,
  "leaves_d1": [
    {
      "masked_path": "d1/uki_w1_t4_b3_d1_01_masked.png",
      "mask_path": "d1/uki_w1_t4_b3_d1_01_mask.png",
      "area": 1923,
      "bb_left": 235,
      "bb_top": 248,
      "bb_width": 45,
      "bb_height": 54
    },
    {
      "masked_path": "d1/uki_w1_t4_b3_d1_02_masked.png",
      "mask_path": "d1/uki_w1_t4_b3_d1_02_mask.png",
      "area": 2898,
      "bb_left": 256,
      "bb_top": 207,
      "bb_width": 68,
      "bb_height": 55
    },
    {
      "masked_path": "d1/uki_w1_t4_b3_d1_03_masked.png",
      "mask_path": "d1/uki_w1_t4_b3_d1_03_mask.png",
      "area": 1775,
      "bb_left": 227,
      "bb_top": 197,
      "bb_width": 46,
      "bb_height": 53
    },
    {
      "masked_path": "d1/uki_w1_t4_b3_d1_04_masked.png",
      "mask_path": "d1/uki_w1_t4_b3_d1_04_mask.png",
      "area": 865,
      "bb_left": 209,
      "bb_top": 250,
      "bb_width": 28,
      "bb_height": 39
    }
  ],
  "leaves_d5": [
    {
      "masked_path": "d5/uki_w1_t4_b3_d5_01_masked.png",
      "mask_path": "d5/uki_w1_t4_b3_d5_01_mask.png",
      "area": 5808,
      "bb_left": 290,
      "bb_top": 201,
      "bb_width": 80,
      "bb_height": 96
    },
    {
      "masked_path": "d5/uki_w1_t4_b3_d5_02_masked.png",
      "mask_path": "d5/uki_w1_t4_b3_d5_02_mask.png",
      "area": 3050,
      "bb_left": 310,
      "bb_top": 145,
      "bb_width": 68,
      "bb_height": 58
    },
    {
      "masked_path": "d5/uki_w1_t4_b3_d5_03_masked.png",
      "mask_path": "d5/uki_w1_t4_b3_d5_03_mask.png",
      "area": 5812,
      "bb_left": 106,
      "bb_top": 125,
      "bb_width": 99,
      "bb_height": 81
    },
    {
      "masked_path": "d5/uki_w1_t4_b3_d5_04_masked.png",
      "mask_path": "d5/uki_w1_t4_b3_d5_04_mask.png",
      "area": 3879,
      "bb_left": 165,
      "bb_top": 305,
      "bb_width": 76,
      "bb_height": 72
    },
    {
      "masked_path": "d5/uki_w1_t4_b3_d5_05_masked.png",
      "mask_path": "d5/uki_w1_t4_b3_d5_05_mask.png",
      "area": 5430,
      "bb_left": 118,
      "bb_top": 199,
      "bb_width": 88,
      "bb_height": 77
    },
    {
      "masked_path": "d5/uki_w1_t4_b3_d5_06_masked.png",
      "mask_path": "d5/uki_w1_t4_b3_d5_06_mask.png",
      "area": 746,
      "bb_left": 188,
      "bb_top": 186,
      "bb_width": 29,
      "bb_height": 43
    },
    {
      "masked_path": "d5/uki_w1_t4_b3_d5_07_masked.png",
      "mask_path": "d5/uki_w1_t4_b3_d5_07_mask.png",
      "area": 3481,
      "bb_left": 171,
      "bb_top": 112,
      "bb_width": 74,
      "bb_height": 67
    },
    {
      "masked_path": "d5/uki_w1_t4_b3_d5_08_masked.png",
      "mask_path": "d5/uki_w1_t4_b3_d5_08_mask.png",
      "area": 1978,
      "bb_left": 237,
      "bb_top": 259,
      "bb_width": 58,
      "bb_height": 44
    },
    {
      "masked_path": "d5/uki_w1_t4_b3_d5_09_masked.png",
      "mask_path": "d5/uki_w1_t4_b3_d5_09_mask.png",
      "area": 162,
      "bb_left": 246,
      "bb_top": 298,
      "bb_width": 21,
      "bb_height": 13
    },
    {
      "masked_path": "d5/uki_w1_t4_b3_d5_10_masked.png",
      "mask_path": "d5/uki_w1_t4_b3_d5_10_mask.png",
      "area": 2912,
      "bb_left": 203,
      "bb_top": 222,
      "bb_width": 62,
      "bb_height": 63
    },
    {
      "masked_path": "d5/uki_w1_t4_b3_d5_11_masked.png",
      "mask_path": "d5/uki_w1_t4_b3_d5_11_mask.png",
      "area": 2552,
      "bb_left": 166,
      "bb_top": 264,
      "bb_width": 72,
      "bb_height": 57
    },
    {
      "masked_path": "d5/uki_w1_t4_b3_d5_12_masked.png",
      "mask_path": "d5/uki_w1_t4_b3_d5_12_mask.png",
      "area": 5358,
      "bb_left": 211,
      "bb_top": 327,
      "bb_width": 79,
      "bb_height": 91
    },
    {
      "masked_path": "d5/uki_w1_t4_b3_d5_13_masked.png",
      "mask_path": "d5/uki_w1_t4_b3_d5_13_mask.png",
      "area": 289,
      "bb_left": 239,
      "bb_top": 314,
      "bb_width": 25,
      "bb_height": 18
    },
    {
      "masked_path": "d5/uki_w1_t4_b3_d5_14_masked.png",
      "mask_path": "d5/uki_w1_t4_b3_d5_14_mask.png",
      "area": 3190,
      "bb_left": 261,
      "bb_top": 138,
      "bb_width": 61,
      "bb_height": 67
    },
    {
      "masked_path": "d5/uki_w1_t4_b3_d5_15_masked.png",
      "mask_path": "d5/uki_w1_t4_b3_d5_15_mask.png",
      "area": 507,
      "bb_left": 293,
      "bb_top": 200,
      "bb_width": 30,
      "bb_height": 32
    },
    {
      "masked_path": "d5/uki_w1_t4_b3_d5_16_masked.png",
      "mask_path": "d5/uki_w1_t4_b3_d5_16_mask.png",
      "area": 2153,
      "bb_left": 344,
      "bb_top": 189,
      "bb_width": 57,
      "bb_height": 64
    }
  ]
}