{
  "path_d1": "uki_w1_r4_b3_d1.png",
  "path_d5": "uki_w1_r4_b3_d5.png",
  "masked_path_d1": "uki_w1_r4_b3_d1_masked.png",
  "masked_path_d5": "uki_w1_r4_b3_d5_masked.png",
  "mask_path_d1": "uki_w1_r4_b3_d1_mask.png",
  "mask_path_d5": "uki_w1_r4_b3_d5_mask.png",
  "metadata_path": "uki_w1_r4_b3_metadata.json",
  "week": 1,
  "shelf_row": "r",
  "shelf_column": "4",
  "well_row": "b",
  "well_column": "3",
  "num_leaves_d1": 2,
  "num_leaves_d5": 5,
  "area_d1": 4991,
  "area_d5": 9859,
  "leaves_d1": [
    {
      "masked_path": "d1/uki_w1_r4_b3_d1_01_masked.png",
      "mask_path": "d1/uki_w1_r4_b3_d1_01_mask.png",
      "area": 3177,
      "bb_left": 229,
      "bb_top": 234,
      "bb_width": 59,
      "bb_height": 75
    },
    {
      "masked_path": "d1/uki_w1_r4_b3_d1_02_masked.png",
      "mask_path": "d1/uki_w1_r4_b3_d1_02_mask.png",
      "area": 1822,
      "bb_left": 221,
      "bb_top": 203,
      "bb_width": 50,
      "bb_height": 51
    }
  ],
  "leaves_d5": [
    {
      "masked_path": "d5/uki_w1_r4_b3_d5_01_masked.png",
      "mask_path": "d5/uki_w1_r4_b3_d5_01_mask.png",
      "area": 3216,
      "bb_left": 240,
      "bb_top": 207,
      "bb_width": 66,
      "bb_height": 61
    },
    {
      "masked_path": "d5/uki_w1_r4_b3_d5_02_masked.png",
      "mask_path": "d5/uki_w1_r4_b3_d5_02_mask.png",
      "area": 2372,
      "bb_left": 236,
      "bb_top": 252,
      "bb_width": 59,
      "bb_height": 60
    },
    {
      "masked_path": "d5/uki_w1_r4_b3_d5_03_masked.png",
      "mask_path": "d5/uki_w1_r4_b3_d5_03_mask.png",
      "area": 3089,
      "bb_left": 188,
      "bb_top": 190,
      "bb_width": 53,
      "bb_height": 72
    },
    {
      "masked_path": "d5/uki_w1_r4_b3_d5_04_masked.png",
      "mask_path": "d5/uki_w1_r4_b3_d5_04_mask.png",
      "area": 283,
      "bb_left": 224,
      "bb_top": 258,
      "bb_width": 15,
      "bb_height": 32
    },
    {
      "masked_path": "d5/uki_w1_r4_b3_d5_05_masked.png",
      "mask_path": "d5/uki_w1_r4_b3_d5_05_mask.png",
      "area": 962,
      "bb_left": 189,
      "bb_top": 250,
      "bb_width": 42,
      "bb_height": 35
    }
  ]
}