{
  "path_d1": "uki_w1_r3_b4_d1.png",
  "path_d5": "uki_w1_r3_b4_d5.png",
  "masked_path_d1": "uki_w1_r3_b4_d1_masked.png",
  "masked_path_d5": "uki_w1_r3_b4_d5_masked.png",
  "mask_path_d1": "uki_w1_r3_b4_d1_mask.png",
  "mask_path_d5": "uki_w1_r3_b4_d5_mask.png",
  "metadata_path": "uki_w1_r3_b4_metadata.json",
  "week": 1,
  "shelf_row": "r",
  "shelf_column": "3",
  "well_row": "b",
  "well_column": "4",
  "num_leaves_d1": 2,
  "num_leaves_d5": 4,
  "area_d1": 3693,
  "area_d5": 6565,
  "leaves_d1": [
    {
      "masked_path": "d1/uki_w1_r3_b4_d1_01_masked.png",
      "mask_path": "d1/uki_w1_r3_b4_d1_01_mask.png",
      "area": 3046,
      "bb_left": 224,
      "bb_top": 233,
      "bb_width": 72,
      "bb_height": 56
    },
    {
      "masked_path": "d1/uki_w1_r3_b4_d1_02_masked.png",
      "mask_path": "d1/uki_w1_r3_b4_d1_02_mask.png",
      "area": 659,
      "bb_left": 257,
      "bb_top": 211,
      "bb_width": 34,
      "bb_height": 24
    }
  ],
  "leaves_d5": [
    {
      "masked_path": "d5/uki_w1_r3_b4_d5_01_masked.png",
      "mask_path": "d5/uki_w1_r3_b4_d5_01_mask.png",
      "area": 2903,
      "bb_left": 234,
      "bb_top": 252,
      "bb_width": 59,
      "bb_height": 66
    },
    {
      "masked_path": "d5/uki_w1_r3_b4_d5_02_masked.png",
      "mask_path": "d5/uki_w1_r3_b4_d5_02_mask.png",
      "area": 2532,
      "bb_left": 238,
      "bb_top": 190,
      "bb_width": 51,
      "bb_height": 63
    },
    {
      "masked_path": "d5/uki_w1_r3_b4_d5_03_masked.png",
      "mask_path": "d5/uki_w1_r3_b4_d5_03_mask.png",
      "area": 982,
      "bb_left": 225,
      "bb_top": 229,
      "bb_width": 47,
      "bb_height": 41
    },
    {
      "masked_path": "d5/uki_w1_r3_b4_d5_04_masked.png",
      "mask_path": "d5/uki_w1_r3_b4_d5_04_mask.png",
      "area": 182,
      "bb_left": 287,
      "bb_top": 253,
      "bb_width": 14,
      "bb_height": 26
    }
  ]
}