{
  "path_d1": "uki_w1_p4_b2_d1.png",
  "path_d5": "uki_w1_p4_b2_d5.png",
  "masked_path_d1": "uki_w1_p4_b2_d1_masked.png",
  "masked_path_d5": "uki_w1_p4_b2_d5_masked.png",
  "mask_path_d1": "uki_w1_p4_b2_d1_mask.png",
  "mask_path_d5": "uki_w1_p4_b2_d5_mask.png",
  "metadata_path": "uki_w1_p4_b2_metadata.json",
  "week": 1,
  "shelf_row": "p",
  "shelf_column": "4",
  "well_row": "b",
  "well_column": "2",
  "num_leaves_d1": 2,
  "num_leaves_d5": 8,
  "area_d1": 5523,
  "area_d5": 20087,
  "leaves_d1": [
    {
      "masked_path": "d1/uki_w1_p4_b2_d1_01_masked.png",
      "mask_path": "d1/uki_w1_p4_b2_d1_01_mask.png",
      "area": 3369,
      "bb_left": 227,
      "bb_top": 201,
      "bb_width": 81,
      "bb_height": 62
    },
    {
      "masked_path": "d1/uki_w1_p4_b2_d1_02_masked.png",
      "mask_path": "d1/uki_w1_p4_b2_d1_02_mask.png",
      "area": 2183,
      "bb_left": 200,
      "bb_top": 220,
      "bb_width": 55,
      "bb_height": 57
    }
  ],
  "leaves_d5": [
    {
      "masked_path": "d5/uki_w1_p4_b2_d5_01_masked.png",
      "mask_path": "d5/uki_w1_p4_b2_d5_01_mask.png",
      "area": 3917,
      "bb_left": 199,
      "bb_top": 176,
      "bb_width": 81,
      "bb_height": 74
    },
    {
      "masked_path": "d5/uki_w1_p4_b2_d5_02_masked.png",
      "mask_path": "d5/uki_w1_p4_b2_d5_02_mask.png",
      "area": 1362,
      "bb_left": 217,
      "bb_top": 227,
      "bb_width": 57,
      "bb_height": 47
    },
    {
      "masked_path": "d5/uki_w1_p4_b2_d5_03_masked.png",
      "mask_path": "d5/uki_w1_p4_b2_d5_03_mask.png",
      "area": 4375,
      "bb_left": 171,
      "bb_top": 231,
      "bb_width": 90,
      "bb_height": 83
    },
    {
      "masked_path": "d5/uki_w1_p4_b2_d5_04_masked.png",
      "mask_path": "d5/uki_w1_p4_b2_d5_04_mask.png",
      "area": 4819,
      "bb_left": 173,
      "bb_top": 230,
      "bb_width": 88,
      "bb_height": 84
    },
    {
      "masked_path": "d5/uki_w1_p4_b2_d5_05_masked.png",
      "mask_path": "d5/uki_w1_p4_b2_d5_05_mask.png",
      "area": 2110,
      "bb_left": 259,
      "bb_top": 179,
      "bb_width": 51,
      "bb_height": 61
    },
    {
      "masked_path": "d5/uki_w1_p4_b2_d5_06_masked.png",
      "mask_path": "d5/uki_w1_p4_b2_d5_06_mask.png",
      "area": 4113,
      "bb_left": 308,
      "bb_top": 183,
      "bb_width": 78,
      "bb_height": 74
    },
    {
      "masked_path": "d5/uki_w1_p4_b2_d5_07_masked.png",
      "mask_path": "d5/uki_w1_p4_b2_d5_07_mask.png",
      "area": 3559,
      "bb_left": 298,
      "bb_top": 227,
      "bb_width": 59,
      "bb_height": 82
    },
    {
      "masked_path": "d5/uki_w1_p4_b2_d5_08_masked.png",
      "mask_path": "d5/uki_w1_p4_b2_d5_08_mask.png",
      "area": 291,
      "bb_left": 285,
      "bb_top": 250,
      "bb_width": 13,
      "bb_height": 28
    }
  ]
}