{
  "path_d1": "uki_w1_t3_b4_d1.png",
  "path_d5": "uki_w1_t3_b4_d5.png",
  "masked_path_d1": "uki_w1_t3_b4_d1_masked.png",
  "masked_path_d5": "uki_w1_t3_b4_d5_masked.png",
  "mask_path_d1": "uki_w1_t3_b4_d1_mask.png",
  "mask_path_d5": "uki_w1_t3_b4_d5_mask.png",
  "metadata_path": "uki_w1_t3_b4_metadata.json",
  "week": 1,
  "shelf_row": "t",
  "shelf_column": "3",
  "well_row": "b",
  "well_column": "4",
  "num_leaves_d1": 2,
  "num_leaves_d5": 12,
  "area_d1": 6492,
  "area_d5": 36348,
  "leaves_d1": [
    {
      "masked_path": "d1/uki_w1_t3_b4_d1_01_masked.png",
      "mask_path": "d1/uki_w1_t3_b4_d1_01_mask.png",
      "area": 4160,
      "bb_left": 210,
      "bb_top": 243,
      "bb_width": 75,
      "bb_height": 80
    },
    {
      "masked_path": "d1/uki_w1_t3_b4_d1_02_masked.png",
      "mask_path": "d1/uki_w1_t3_b4_d1_02_mask.png",
      "area": 2342,
      "bb_left": 233,
      "bb_top": 207,
      "bb_width": 60,
      "bb_height": 54
    }
  ],
  "leaves_d5": [
    {
      "masked_path": "d5/uki_w1_t3_b4_d5_01_masked.png",
      "mask_path": "d5/uki_w1_t3_b4_d5_01_mask.png",
      "area": 4118,
      "bb_left": 317,
      "bb_top": 200,
      "bb_width": 93,
      "bb_height": 58
    },
    {
      "masked_path": "d5/uki_w1_t3_b4_d5_02_masked.png",
      "mask_path": "d5/uki_w1_t3_b4_d5_02_mask.png",
      "area": 4725,
      "bb_left": 99,
      "bb_top": 232,
      "bb_width": 99,
      "bb_height": 64
    },
    {
      "masked_path": "d5/uki_w1_t3_b4_d5_03_masked.png",
      "mask_path": "d5/uki_w1_t3_b4_d5_03_mask.png",
      "area": 4240,
      "bb_left": 215,
      "bb_top": 245,
      "bb_width": 76,
      "bb_height": 72
    },
    {
      "masked_path": "d5/uki_w1_t3_b4_d5_04_masked.png",
      "mask_path": "d5/uki_w1_t3_b4_d5_04_mask.png",
      "area": 5875,
      "bb_left": 290,
      "bb_top": 112,
      "bb_width": 80,
      "bb_height": 95
    },
    {
      "masked_path": "d5/uki_w1_t3_b4_d5_05_masked.png",
      "mask_path": "d5/uki_w1_t3_b4_d5_05_mask.png",
      "area": 282,
      "bb_left": 319,
      "bb_top": 208,
      "bb_width": 22,
      "bb_height": 23
    },
    {
      "masked_path": "d5/uki_w1_t3_b4_d5_06_masked.png",
      "mask_path": "d5/uki_w1_t3_b4_d5_06_mask.png",
      "area": 2483,
      "bb_left": 269,
      "bb_top": 168,
      "bb_width": 57,
      "bb_height": 64
    },
    {
      "masked_path": "d5/uki_w1_t3_b4_d5_07_masked.png",
      "mask_path": "d5/uki_w1_t3_b4_d5_07_mask.png",
      "area": 232,
      "bb_left": 353,
      "bb_top": 174,
      "bb_width": 17,
      "bb_height": 26
    },
    {
      "masked_path": "d5/uki_w1_t3_b4_d5_08_masked.png",
      "mask_path": "d5/uki_w1_t3_b4_d5_08_mask.png",
      "area": 3846,
      "bb_left": 297,
      "bb_top": 248,
      "bb_width": 76,
      "bb_height": 66
    },
    {
      "masked_path": "d5/uki_w1_t3_b4_d5_09_masked.png",
      "mask_path": "d5/uki_w1_t3_b4_d5_09_mask.png",
      "area": 401,
      "bb_left": 204,
      "bb_top": 264,
      "bb_width": 23,
      "bb_height": 29
    },
    {
      "masked_path": "d5/uki_w1_t3_b4_d5_10_masked.png",
      "mask_path": "d5/uki_w1_t3_b4_d5_10_mask.png",
      "area": 2390,
      "bb_left": 152,
      "bb_top": 206,
      "bb_width": 61,
      "bb_height": 60
    },
    {
      "masked_path": "d5/uki_w1_t3_b4_d5_11_masked.png",
      "mask_path": "d5/uki_w1_t3_b4_d5_11_mask.png",
      "area": 2724,
      "bb_left": 210,
      "bb_top": 197,
      "bb_width": 66,
      "bb_height": 51
    },
    {
      "masked_path": "d5/uki_w1_t3_b4_d5_12_masked.png",
      "mask_path": "d5/uki_w1_t3_b4_d5_12_mask.png",
      "area": 5278,
      "bb_left": 128,
      "bb_top": 283,
      "bb_width": 85,
      "bb_height": 82
    }
  ]
}