{
  "path_d1": "uki_w1_r4_d6_d1.png",
  "path_d5": "uki_w1_r4_d6_d5.png",
  "masked_path_d1": "uki_w1_r4_d6_d1_masked.png",
  "masked_path_d5": "uki_w1_r4_d6_d5_masked.png",
  "mask_path_d1": "uki_w1_r4_d6_d1_mask.png",
  "mask_path_d5": "uki_w1_r4_d6_d5_mask.png",
  "metadata_path": "uki_w1_r4_d6_metadata.json",
  "week": 1,
  "shelf_row": "r",
  "shelf_column": "4",
  "well_row": "d",
  "well_column": "6",
  "num_leaves_d1": 2,
  "num_leaves_d5": 5,
  "area_d1": 6935,
  "area_d5": 8421,
  "leaves_d1": [
    {
      "masked_path": "d1/uki_w1_r4_d6_d1_01_masked.png",
      "mask_path": "d1/uki_w1_r4_d6_d1_01_mask.png",
      "area": 5787,
      "bb_left": 211,
      "bb_top": 225,
      "bb_width": 102,
      "bb_height": 78
    },
    {
      "masked_path": "d1/uki_w1_r4_d6_d1_02_masked.png",
      "mask_path": "d1/uki_w1_r4_d6_d1_02_mask.png",
      "area": 1162,
      "bb_left": 207,
      "bb_top": 204,
      "bb_width": 46,
      "bb_height": 41
    }
  ],
  "leaves_d5": [
    {
      "masked_path": "d5/uki_w1_r4_d6_d5_01_masked.png",
      "mask_path": "d5/uki_w1_r4_d6_d5_01_mask.png",
      "area": 4729,
      "bb_left": 193,
      "bb_top": 204,
      "bb_width": 98,
      "bb_height": 64
    },
    {
      "masked_path": "d5/uki_w1_r4_d6_d5_02_masked.png",
      "mask_path": "d5/uki_w1_r4_d6_d5_02_mask.png",
      "area": 3365,
      "bb_left": 251,
      "bb_top": 238,
      "bb_width": 58,
      "bb_height": 84
    },
    {
      "masked_path": "d5/uki_w1_r4_d6_d5_03_masked.png",
      "mask_path": "d5/uki_w1_r4_d6_d5_03_mask.png",
      "area": 87,
      "bb_left": 304,
      "bb_top": 258,
      "bb_width": 8,
      "bb_height": 18
    },
    {
      "masked_path": "d5/uki_w1_r4_d6_d5_04_masked.png",
      "mask_path": "d5/uki_w1_r4_d6_d5_04_mask.png",
      "area": 84,
      "bb_left": 292,
      "bb_top": 237,
      "bb_width": 11,
      "bb_height": 15
    },
    {
      "masked_path": "d5/uki_w1_r4_d6_d5_05_masked.png",
      "mask_path": "d5/uki_w1_r4_d6_d5_05_mask.png",
      "area": 192,
      "bb_left": 264,
      "bb_top": 207,
      "bb_width": 23,
      "bb_height": 20
    }
  ]
}