{
  "path_d1": "uki_w1_q3_d4_d1.png",
  "path_d5": "uki_w1_q3_d4_d5.png",
  "masked_path_d1": "uki_w1_q3_d4_d1_masked.png",
  "masked_path_d5": "uki_w1_q3_d4_d5_masked.png",
  "mask_path_d1": "uki_w1_q3_d4_d1_mask.png",
  "mask_path_d5": "uki_w1_q3_d4_d5_mask.png",
  "metadata_path": "uki_w1_q3_d4_metadata.json",
  "week": 1,
  "shelf_row": "q",
  "shelf_column": "3",
  "well_row": "d",
  "well_column": "4",
  "num_leaves_d1": 3,
  "num_leaves_d5": 9,
  "area_d1": 9894,
  "area_d5": 22971,
  "leaves_d1": [
    {
      "masked_path": "d1/uki_w1_q3_d4_d1_01_masked.png",
      "mask_path": "d1/uki_w1_q3_d4_d1_01_mask.png",
      "area": 4826,
      "bb_left": 204,
      "bb_top": 180,
      "bb_width": 88,
      "bb_height": 75
    },
    {
      "masked_path": "d1/uki_w1_q3_d4_d1_02_masked.png",
      "mask_path": "d1/uki_w1_q3_d4_d1_02_mask.png",
      "area": 2855,
      "bb_left": 220,
      "bb_top": 255,
      "bb_width": 54,
      "bb_height": 66
    },
    {
      "masked_path": "d1/uki_w1_q3_d4_d1_03_masked.png",
      "mask_path": "d1/uki_w1_q3_d4_d1_03_mask.png",
      "area": 2268,
      "bb_left": 263,
      "bb_top": 245,
      "bb_width": 56,
      "bb_height": 56
    }
  ],
  "leaves_d5": [
    {
      "masked_path": "d5/uki_w1_q3_d4_d5_01_masked.png",
      "mask_path": "d5/uki_w1_q3_d4_d5_01_mask.png",
      "area": 4514,
      "bb_left": 167,
      "bb_top": 158,
      "bb_width": 90,
      "bb_height": 68
    },
    {
      "masked_path": "d5/uki_w1_q3_d4_d5_02_masked.png",
      "mask_path": "d5/uki_w1_q3_d4_d5_02_mask.png",
      "area": 4246,
      "bb_left": 186,
      "bb_top": 220,
      "bb_width": 73,
      "bb_height": 70
    },
    {
      "masked_path": "d5/uki_w1_q3_d4_d5_03_masked.png",
      "mask_path": "d5/uki_w1_q3_d4_d5_03_mask.png",
      "area": 1229,
      "bb_left": 233,
      "bb_top": 165,
      "bb_width": 43,
      "bb_height": 48
    },
    {
      "masked_path": "d5/uki_w1_q3_d4_d5_04_masked.png",
      "mask_path": "d5/uki_w1_q3_d4_d5_04_mask.png",
      "area": 2988,
      "bb_left": 269,
      "bb_top": 179,
      "bb_width": 57,
      "bb_height": 71
    },
    {
      "masked_path": "d5/uki_w1_q3_d4_d5_05_masked.png",
      "mask_path": "d5/uki_w1_q3_d4_d5_05_mask.png",
      "area": 493,
      "bb_left": 253,
      "bb_top": 214,
      "bb_width": 18,
      "bb_height": 32
    },
    {
      "masked_path": "d5/uki_w1_q3_d4_d5_06_masked.png",
      "mask_path": "d5/uki_w1_q3_d4_d5_06_mask.png",
      "area": 3197,
      "bb_left": 279,
      "bb_top": 229,
      "bb_width": 65,
      "bb_height": 68
    },
    {
      "masked_path": "d5/uki_w1_q3_d4_d5_07_masked.png",
      "mask_path": "d5/uki_w1_q3_d4_d5_07_mask.png",
      "area": 4861,
      "bb_left": 213,
      "bb_top": 299,
      "bb_width": 96,
      "bb_height": 72
    },
    {
      "masked_path": "d5/uki_w1_q3_d4_d5_08_masked.png",
      "mask_path": "d5/uki_w1_q3_d4_d5_08_mask.png",
      "area": 1021,
      "bb_left": 202,
      "bb_top": 321,
      "bb_width": 38,
      "bb_height": 42
    },
    {
      "masked_path": "d5/uki_w1_q3_d4_d5_09_masked.png",
      "mask_path": "d5/uki_w1_q3_d4_d5_09_mask.png",
      "area": 566,
      "bb_left": 215,
      "bb_top": 288,
      "bb_width": 40,
      "bb_height": 24
    }
  ]
}