{
  "path_d1": "uki_w1_s4_d5_d1.png",
  "path_d5": "uki_w1_s4_d5_d5.png",
  "masked_path_d1": "uki_w1_s4_d5_d1_masked.png",
  "masked_path_d5": "uki_w1_s4_d5_d5_masked.png",
  "mask_path_d1": "uki_w1_s4_d5_d1_mask.png",
  "mask_path_d5": "uki_w1_s4_d5_d5_mask.png",
  "metadata_path": "uki_w1_s4_d5_metadata.json",
  "week": 1,
  "shelf_row": "s",
  "shelf_column": "4",
  "well_row": "d",
  "well_column": "5",
  "num_leaves_d1": 3,
  "num_leaves_d5": 7,
  "area_d1": 8999,
  "area_d5": 20219,
  "leaves_d1": [
    {
      "masked_path": "d1/uki_w1_s4_d5_d1_01_masked.png",
      "mask_path": "d1/uki_w1_s4_d5_d1_01_mask.png",
      "area": 4066,
      "bb_left": 205,
      "bb_top": 249,
      "bb_width": 83,
      "bb_height": 62
    },
    {
      "masked_path": "d1/uki_w1_s4_d5_d1_02_masked.png",
      "mask_path": "d1/uki_w1_s4_d5_d1_02_mask.png",
      "area": 3232,
      "bb_left": 264,
      "bb_top": 182,
      "bb_width": 62,
      "bb_height": 68
    },
    {
      "masked_path": "d1/uki_w1_s4_d5_d1_03_masked.png",
      "mask_path": "d1/uki_w1_s4_d5_d1_03_mask.png",
      "area": 1751,
      "bb_left": 227,
      "bb_top": 198,
      "bb_width": 41,
      "bb_height": 50
    }
  ],
  "leaves_d5": [
    {
      "masked_path": "d5/uki_w1_s4_d5_d5_01_masked.png",
      "mask_path": "d5/uki_w1_s4_d5_d5_01_mask.png",
      "area": 4912,
      "bb_left": 261,
      "bb_top": 148,
      "bb_width": 60,
      "bb_height": 101
    },
    {
      "masked_path": "d5/uki_w1_s4_d5_d5_02_masked.png",
      "mask_path": "d5/uki_w1_s4_d5_d5_02_mask.png",
      "area": 3542,
      "bb_left": 275,
      "bb_top": 238,
      "bb_width": 83,
      "bb_height": 55
    },
    {
      "masked_path": "d5/uki_w1_s4_d5_d5_03_masked.png",
      "mask_path": "d5/uki_w1_s4_d5_d5_03_mask.png",
      "area": 4023,
      "bb_left": 144,
      "bb_top": 284,
      "bb_width": 86,
      "bb_height": 60
    },
    {
      "masked_path": "d5/uki_w1_s4_d5_d5_04_masked.png",
      "mask_path": "d5/uki_w1_s4_d5_d5_04_mask.png",
      "area": 1378,
      "bb_left": 211,
      "bb_top": 295,
      "bb_width": 43,
      "bb_height": 48
    },
    {
      "masked_path": "d5/uki_w1_s4_d5_d5_05_masked.png",
      "mask_path": "d5/uki_w1_s4_d5_d5_05_mask.png",
      "area": 2823,
      "bb_left": 253,
      "bb_top": 275,
      "bb_width": 60,
      "bb_height": 64
    },
    {
      "masked_path": "d5/uki_w1_s4_d5_d5_06_masked.png",
      "mask_path": "d5/uki_w1_s4_d5_d5_06_mask.png",
      "area": 486,
      "bb_left": 310,
      "bb_top": 205,
      "bb_width": 23,
      "bb_height": 35
    },
    {
      "masked_path": "d5/uki_w1_s4_d5_d5_07_masked.png",
      "mask_path": "d5/uki_w1_s4_d5_d5_07_mask.png",
      "area": 3194,
      "bb_left": 219,
      "bb_top": 202,
      "bb_width": 69,
      "bb_height": 67
    }
  ]
}