{
  "path_d1": "uki_w1_p1_d2_d1.png",
  "path_d5": "uki_w1_p1_d2_d5.png",
  "masked_path_d1": "uki_w1_p1_d2_d1_masked.png",
  "masked_path_d5": "uki_w1_p1_d2_d5_masked.png",
  "mask_path_d1": "uki_w1_p1_d2_d1_mask.png",
  "mask_path_d5": "uki_w1_p1_d2_d5_mask.png",
  "metadata_path": "uki_w1_p1_d2_metadata.json",
  "week": 1,
  "shelf_row": "p",
  "shelf_column": "1",
  "well_row": "d",
  "well_column": "2",
  "num_leaves_d1": 3,
  "num_leaves_d5": 3,
  "area_d1": 5094,
  "area_d5": 5525,
  "leaves_d1": [
    {
      "masked_path": "d1/uki_w1_p1_d2_d1_01_masked.png",
      "mask_path": "d1/uki_w1_p1_d2_d1_01_mask.png",
      "area": 3158,
      "bb_left": 241,
      "bb_top": 242,
      "bb_width": 74,
      "bb_height": 53
    },
    {
      "masked_path": "d1/uki_w1_p1_d2_d1_02_masked.png",
      "mask_path": "d1/uki_w1_p1_d2_d1_02_mask.png",
      "area": 103,
      "bb_left": 244,
      "bb_top": 244,
      "bb_width": 17,
      "bb_height": 12
    },
    {
      "masked_path": "d1/uki_w1_p1_d2_d1_03_masked.png",
      "mask_path": "d1/uki_w1_p1_d2_d1_03_mask.png",
      "area": 1835,
      "bb_left": 201,
      "bb_top": 226,
      "bb_width": 42,
      "bb_height": 57
    }
  ],
  "leaves_d5": [
    {
      "masked_path": "d5/uki_w1_p1_d2_d5_01_masked.png",
      "mask_path": "d5/uki_w1_p1_d2_d5_01_mask.png",
      "area": 2798,
      "bb_left": 242,
      "bb_top": 215,
      "bb_width": 55,
      "bb_height": 65
    },
    {
      "masked_path": "d5/uki_w1_p1_d2_d5_02_masked.png",
      "mask_path": "d5/uki_w1_p1_d2_d5_02_mask.png",
      "area": 1757,
      "bb_left": 203,
      "bb_top": 274,
      "bb_width": 57,
      "bb_height": 41
    },
    {
      "masked_path": "d5/uki_w1_p1_d2_d5_03_masked.png",
      "mask_path": "d5/uki_w1_p1_d2_d5_03_mask.png",
      "area": 1014,
      "bb_left": 216,
      "bb_top": 236,
      "bb_width": 30,
      "bb_height": 40
    }
  ]
}