{
  "path_d1": "uki_w1_r4_a1_d1.png",
  "path_d5": "uki_w1_r4_a1_d5.png",
  "masked_path_d1": "uki_w1_r4_a1_d1_masked.png",
  "masked_path_d5": "uki_w1_r4_a1_d5_masked.png",
  "mask_path_d1": "uki_w1_r4_a1_d1_mask.png",
  "mask_path_d5": "uki_w1_r4_a1_d5_mask.png",
  "metadata_path": "uki_w1_r4_a1_metadata.json",
  "week": 1,
  "shelf_row": "r",
  "shelf_column": "4",
  "well_row": "a",
  "well_column": "1",
  "num_leaves_d1": 3,
  "num_leaves_d5": 9,
  "area_d1": 6350,
  "area_d5": 19250,
  "leaves_d1": [
    {
      "masked_path": "d1/uki_w1_r4_a1_d1_01_masked.png",
      "mask_path": "d1/uki_w1_r4_a1_d1_01_mask.png",
      "area": 2798,
      "bb_left": 227,
      "bb_top": 256,
      "bb_width": 77,
      "bb_height": 47
    },
    {
      "masked_path": "d1/uki_w1_r4_a1_d1_02_masked.png",
      "mask_path": "d1/uki_w1_r4_a1_d1_02_mask.png",
      "area": 3464,
      "bb_left": 194,
      "bb_top": 202,
      "bb_width": 62,
      "bb_height": 73
    },
    {
      "masked_path": "d1/uki_w1_r4_a1_d1_03_masked.png",
      "mask_path": "d1/uki_w1_r4_a1_d1_03_mask.png",
      "area": 109,
      "bb_left": 218,
      "bb_top": 274,
      "bb_width": 15,
      "bb_height": 13
    }
  ],
  "leaves_d5": [
    {
      "masked_path": "d5/uki_w1_r4_a1_d5_01_masked.png",
      "mask_path": "d5/uki_w1_r4_a1_d5_01_mask.png",
      "area": 4230,
      "bb_left": 229,
      "bb_top": 146,
      "bb_width": 70,
      "bb_height": 76
    },
    {
      "masked_path": "d5/uki_w1_r4_a1_d5_02_masked.png",
      "mask_path": "d5/uki_w1_r4_a1_d5_02_mask.png",
      "area": 444,
      "bb_left": 273,
      "bb_top": 198,
      "bb_width": 31,
      "bb_height": 29
    },
    {
      "masked_path": "d5/uki_w1_r4_a1_d5_03_masked.png",
      "mask_path": "d5/uki_w1_r4_a1_d5_03_mask.png",
      "area": 1984,
      "bb_left": 225,
      "bb_top": 212,
      "bb_width": 55,
      "bb_height": 47
    },
    {
      "masked_path": "d5/uki_w1_r4_a1_d5_04_masked.png",
      "mask_path": "d5/uki_w1_r4_a1_d5_04_mask.png",
      "area": 3724,
      "bb_left": 271,
      "bb_top": 213,
      "bb_width": 85,
      "bb_height": 59
    },
    {
      "masked_path": "d5/uki_w1_r4_a1_d5_05_masked.png",
      "mask_path": "d5/uki_w1_r4_a1_d5_05_mask.png",
      "area": 3950,
      "bb_left": 160,
      "bb_top": 282,
      "bb_width": 76,
      "bb_height": 64
    },
    {
      "masked_path": "d5/uki_w1_r4_a1_d5_06_masked.png",
      "mask_path": "d5/uki_w1_r4_a1_d5_06_mask.png",
      "area": 2393,
      "bb_left": 222,
      "bb_top": 276,
      "bb_width": 65,
      "bb_height": 55
    },
    {
      "masked_path": "d5/uki_w1_r4_a1_d5_07_masked.png",
      "mask_path": "d5/uki_w1_r4_a1_d5_07_mask.png",
      "area": 1504,
      "bb_left": 259,
      "bb_top": 256,
      "bb_width": 53,
      "bb_height": 46
    },
    {
      "masked_path": "d5/uki_w1_r4_a1_d5_08_masked.png",
      "mask_path": "d5/uki_w1_r4_a1_d5_08_mask.png",
      "area": 650,
      "bb_left": 223,
      "bb_top": 256,
      "bb_width": 36,
      "bb_height": 24
    },
    {
      "masked_path": "d5/uki_w1_r4_a1_d5_09_masked.png",
      "mask_path": "d5/uki_w1_r4_a1_d5_09_mask.png",
      "area": 494,
      "bb_left": 217,
      "bb_top": 310,
      "bb_width": 30,
      "bb_height": 33
    }
  ]
}