{
  "path_d1": "uki_w1_q4_d4_d1.png",
  "path_d5": "uki_w1_q4_d4_d5.png",
  "masked_path_d1": "uki_w1_q4_d4_d1_masked.png",
  "masked_path_d5": "uki_w1_q4_d4_d5_masked.png",
  "mask_path_d1": "uki_w1_q4_d4_d1_mask.png",
  "mask_path_d5": "uki_w1_q4_d4_d5_mask.png",
  "metadata_path": "uki_w1_q4_d4_metadata.json",
  "week": 1,
  "shelf_row": "q",
  "shelf_column": "4",
  "well_row": "d",
  "well_column": "4",
  "num_leaves_d1": 3,
  "num_leaves_d5": 8,
  "area_d1": 7308,
  "area_d5": 12578,
  "leaves_d1": [
    {
      "masked_path": "d1/uki_w1_q4_d4_d1_01_masked.png",
      "mask_path": "d1/uki_w1_q4_d4_d1_01_mask.png",
      "area": 3301,
      "bb_left": 200,
      "bb_top": 226,
      "bb_width": 85,
      "bb_height": 52
    },
    {
      "masked_path": "d1/uki_w1_q4_d4_d1_02_masked.png",
      "mask_path": "d1/uki_w1_q4_d4_d1_02_mask.png",
      "area": 1207,
      "bb_left": 241,
      "bb_top": 199,
      "bb_width": 45,
      "bb_height": 38
    },
    {
      "masked_path": "d1/uki_w1_q4_d4_d1_03_masked.png",
      "mask_path": "d1/uki_w1_q4_d4_d1_03_mask.png",
      "area": 2835,
      "bb_left": 249,
      "bb_top": 252,
      "bb_width": 58,
      "bb_height": 67
    }
  ],
  "leaves_d5": [
    {
      "masked_path": "d5/uki_w1_q4_d4_d5_01_masked.png",
      "mask_path": "d5/uki_w1_q4_d4_d5_01_mask.png",
      "area": 2610,
      "bb_left": 207,
      "bb_top": 234,
      "bb_width": 55,
      "bb_height": 62
    },
    {
      "masked_path": "d5/uki_w1_q4_d4_d5_02_masked.png",
      "mask_path": "d5/uki_w1_q4_d4_d5_02_mask.png",
      "area": 2808,
      "bb_left": 263,
      "bb_top": 245,
      "bb_width": 51,
      "bb_height": 74
    },
    {
      "masked_path": "d5/uki_w1_q4_d4_d5_03_masked.png",
      "mask_path": "d5/uki_w1_q4_d4_d5_03_mask.png",
      "area": 1085,
      "bb_left": 293,
      "bb_top": 230,
      "bb_width": 37,
      "bb_height": 49
    },
    {
      "masked_path": "d5/uki_w1_q4_d4_d5_04_masked.png",
      "mask_path": "d5/uki_w1_q4_d4_d5_04_mask.png",
      "area": 2150,
      "bb_left": 253,
      "bb_top": 194,
      "bb_width": 48,
      "bb_height": 64
    },
    {
      "masked_path": "d5/uki_w1_q4_d4_d5_05_masked.png",
      "mask_path": "d5/uki_w1_q4_d4_d5_05_mask.png",
      "area": 490,
      "bb_left": 271,
      "bb_top": 185,
      "bb_width": 38,
      "bb_height": 34
    },
    {
      "masked_path": "d5/uki_w1_q4_d4_d5_06_masked.png",
      "mask_path": "d5/uki_w1_q4_d4_d5_06_mask.png",
      "area": 768,
      "bb_left": 240,
      "bb_top": 209,
      "bb_width": 26,
      "bb_height": 40
    },
    {
      "masked_path": "d5/uki_w1_q4_d4_d5_07_masked.png",
      "mask_path": "d5/uki_w1_q4_d4_d5_07_mask.png",
      "area": 2606,
      "bb_left": 193,
      "bb_top": 181,
      "bb_width": 52,
      "bb_height": 62
    },
    {
      "masked_path": "d5/uki_w1_q4_d4_d5_08_masked.png",
      "mask_path": "d5/uki_w1_q4_d4_d5_08_mask.png",
      "area": 214,
      "bb_left": 242,
      "bb_top": 197,
      "bb_width": 18,
      "bb_height": 18
    }
  ]
}