{
  "path_d1": "uki_w1_s3_c6_d1.png",
  "path_d5": "uki_w1_s3_c6_d5.png",
  "masked_path_d1": "uki_w1_s3_c6_d1_masked.png",
  "masked_path_d5": "uki_w1_s3_c6_d5_masked.png",
  "mask_path_d1": "uki_w1_s3_c6_d1_mask.png",
  "mask_path_d5": "uki_w1_s3_c6_d5_mask.png",
  "metadata_path": "uki_w1_s3_c6_metadata.json",
  "week": 1,
  "shelf_row": "s",
  "shelf_column": "3",
  "well_row": "c",
  "well_column": "6",
  "num_leaves_d1": 2,
  "num_leaves_d5": 8,
  "area_d1": 5959,
  "area_d5": 19034,
  "leaves_d1": [
    {
      "masked_path": "d1/uki_w1_s3_c6_d1_01_masked.png",
      "mask_path": "d1/uki_w1_s3_c6_d1_01_mask.png",
      "area": 4018,
      "bb_left": 192,
      "bb_top": 210,
      "bb_width": 85,
      "bb_height": 65
    },
    {
      "masked_path": "d1/uki_w1_s3_c6_d1_02_masked.png",
      "mask_path": "d1/uki_w1_s3_c6_d1_02_mask.png",
      "area": 1975,
      "bb_left": 261,
      "bb_top": 217,
      "bb_width": 54,
      "bb_height": 52
    }
  ],
  "leaves_d5": [
    {
      "masked_path": "d5/uki_w1_s3_c6_d5_01_masked.png",
      "mask_path": "d5/uki_w1_s3_c6_d5_01_mask.png",
      "area": 5679,
      "bb_left": 195,
      "bb_top": 167,
      "bb_width": 78,
      "bb_height": 100
    },
    {
      "masked_path": "d5/uki_w1_s3_c6_d5_02_masked.png",
      "mask_path": "d5/uki_w1_s3_c6_d5_02_mask.png",
      "area": 1283,
      "bb_left": 186,
      "bb_top": 232,
      "bb_width": 42,
      "bb_height": 51
    },
    {
      "masked_path": "d5/uki_w1_s3_c6_d5_03_masked.png",
      "mask_path": "d5/uki_w1_s3_c6_d5_03_mask.png",
      "area": 3333,
      "bb_left": 219,
      "bb_top": 249,
      "bb_width": 82,
      "bb_height": 54
    },
    {
      "masked_path": "d5/uki_w1_s3_c6_d5_04_masked.png",
      "mask_path": "d5/uki_w1_s3_c6_d5_04_mask.png",
      "area": 2755,
      "bb_left": 209,
      "bb_top": 293,
      "bb_width": 64,
      "bb_height": 56
    },
    {
      "masked_path": "d5/uki_w1_s3_c6_d5_05_masked.png",
      "mask_path": "d5/uki_w1_s3_c6_d5_05_mask.png",
      "area": 206,
      "bb_left": 247,
      "bb_top": 230,
      "bb_width": 21,
      "bb_height": 24
    },
    {
      "masked_path": "d5/uki_w1_s3_c6_d5_06_masked.png",
      "mask_path": "d5/uki_w1_s3_c6_d5_06_mask.png",
      "area": 3934,
      "bb_left": 160,
      "bb_top": 283,
      "bb_width": 55,
      "bb_height": 94
    },
    {
      "masked_path": "d5/uki_w1_s3_c6_d5_07_masked.png",
      "mask_path": "d5/uki_w1_s3_c6_d5_07_mask.png",
      "area": 165,
      "bb_left": 181,
      "bb_top": 282,
      "bb_width": 22,
      "bb_height": 17
    },
    {
      "masked_path": "d5/uki_w1_s3_c6_d5_08_masked.png",
      "mask_path": "d5/uki_w1_s3_c6_d5_08_mask.png",
      "area": 1807,
      "bb_left": 125,
      "bb_top": 276,
      "bb_width": 47,
      "bb_height": 51
    }
  ]
}