{
  "path_d1": "uki_w1_r3_a6_d1.png",
  "path_d5": "uki_w1_r3_a6_d5.png",
  "masked_path_d1": "uki_w1_r3_a6_d1_masked.png",
  "masked_path_d5": "uki_w1_r3_a6_d5_masked.png",
  "mask_path_d1": "uki_w1_r3_a6_d1_mask.png",
  "mask_path_d5": "uki_w1_r3_a6_d5_mask.png",
  "metadata_path": "uki_w1_r3_a6_metadata.json",
  "week": 1,
  "shelf_row": "r",
  "shelf_column": "3",
  "well_row": "a",
  "well_column": "6",
  "num_leaves_d1": 4,
  "num_leaves_d5": 8,
  "area_d1": 11066,
  "area_d5": 19016,
  "leaves_d1": [
    {
      "masked_path": "d1/uki_w1_r3_a6_d1_01_masked.png",
      "mask_path": "d1/uki_w1_r3_a6_d1_01_mask.png",
      "area": 3941,
      "bb_left": 160,
      "bb_top": 219,
      "bb_width": 84,
      "bb_height": 67
    },
    {
      "masked_path": "d1/uki_w1_r3_a6_d1_02_masked.png",
      "mask_path": "d1/uki_w1_r3_a6_d1_02_mask.png",
      "area": 1446,
      "bb_left": 190,
      "bb_top": 185,
      "bb_width": 46,
      "bb_height": 42
    },
    {
      "masked_path": "d1/uki_w1_r3_a6_d1_03_masked.png",
      "mask_path": "d1/uki_w1_r3_a6_d1_03_mask.png",
      "area": 3378,
      "bb_left": 209,
      "bb_top": 253,
      "bb_width": 63,
      "bb_height": 73
    },
    {
      "masked_path": "d1/uki_w1_r3_a6_d1_04_masked.png",
      "mask_path": "d1/uki_w1_r3_a6_d1_04_mask.png",
      "area": 2332,
      "bb_left": 265,
      "bb_top": 258,
      "bb_width": 54,
      "bb_height": 57
    }
  ],
  "leaves_d5": [
    {
      "masked_path": "d5/uki_w1_r3_a6_d5_01_masked.png",
      "mask_path": "d5/uki_w1_r3_a6_d5_01_mask.png",
      "area": 3530,
      "bb_left": 254,
      "bb_top": 203,
      "bb_width": 64,
      "bb_height": 68
    },
    {
      "masked_path": "d5/uki_w1_r3_a6_d5_02_masked.png",
      "mask_path": "d5/uki_w1_r3_a6_d5_02_mask.png",
      "area": 3996,
      "bb_left": 164,
      "bb_top": 298,
      "bb_width": 94,
      "bb_height": 57
    },
    {
      "masked_path": "d5/uki_w1_r3_a6_d5_03_masked.png",
      "mask_path": "d5/uki_w1_r3_a6_d5_03_mask.png",
      "area": 3473,
      "bb_left": 223,
      "bb_top": 131,
      "bb_width": 68,
      "bb_height": 69
    },
    {
      "masked_path": "d5/uki_w1_r3_a6_d5_04_masked.png",
      "mask_path": "d5/uki_w1_r3_a6_d5_04_mask.png",
      "area": 3022,
      "bb_left": 238,
      "bb_top": 272,
      "bb_width": 73,
      "bb_height": 56
    },
    {
      "masked_path": "d5/uki_w1_r3_a6_d5_05_masked.png",
      "mask_path": "d5/uki_w1_r3_a6_d5_05_mask.png",
      "area": 1366,
      "bb_left": 214,
      "bb_top": 262,
      "bb_width": 45,
      "bb_height": 46
    },
    {
      "masked_path": "d5/uki_w1_r3_a6_d5_06_masked.png",
      "mask_path": "d5/uki_w1_r3_a6_d5_06_mask.png",
      "area": 1006,
      "bb_left": 232,
      "bb_top": 188,
      "bb_width": 51,
      "bb_height": 41
    },
    {
      "masked_path": "d5/uki_w1_r3_a6_d5_07_masked.png",
      "mask_path": "d5/uki_w1_r3_a6_d5_07_mask.png",
      "area": 1860,
      "bb_left": 204,
      "bb_top": 191,
      "bb_width": 50,
      "bb_height": 59
    },
    {
      "masked_path": "d5/uki_w1_r3_a6_d5_08_masked.png",
      "mask_path": "d5/uki_w1_r3_a6_d5_08_mask.png",
      "area": 850,
      "bb_left": 221,
      "bb_top": 336,
      "bb_width": 43,
      "bb_height": 34
    }
  ]
}