{
  "path_d1": "uki_w1_p3_a4_d1.png",
  "path_d5": "uki_w1_p3_a4_d5.png",
  "masked_path_d1": "uki_w1_p3_a4_d1_masked.png",
  "masked_path_d5": "uki_w1_p3_a4_d5_masked.png",
  "mask_path_d1": "uki_w1_p3_a4_d1_mask.png",
  "mask_path_d5": "uki_w1_p3_a4_d5_mask.png",
  "metadata_path": "uki_w1_p3_a4_metadata.json",
  "week": 1,
  "shelf_row": "p",
  "shelf_column": "3",
  "well_row": "a",
  "well_column": "4",
  "num_leaves_d1": 2,
  "num_leaves_d5": 5,
  "area_d1": 5204,
  "area_d5": 12832,
  "leaves_d1": [
    {
      "masked_path": "d1/uki_w1_p3_a4_d1_01_masked.png",
      "mask_path": "d1/uki_w1_p3_a4_d1_01_mask.png",
      "area": 3368,
      "bb_left": 218,
      "bb_top": 225,
      "bb_width": 72,
      "bb_height": 66
    },
    {
      "masked_path": "d1/uki_w1_p3_a4_d1_02_masked.png",
      "mask_path": "d1/uki_w1_p3_a4_d1_02_mask.png",
      "area": 1836,
      "bb_left": 277,
      "bb_top": 231,
      "bb_width": 52,
      "bb_height": 51
    }
  ],
  "leaves_d5": [
    {
      "masked_path": "d5/uki_w1_p3_a4_d5_01_masked.png",
      "mask_path": "d5/uki_w1_p3_a4_d5_01_mask.png",
      "area": 3179,
      "bb_left": 177,
      "bb_top": 200,
      "bb_width": 59,
      "bb_height": 71
    },
    {
      "masked_path": "d5/uki_w1_p3_a4_d5_02_masked.png",
      "mask_path": "d5/uki_w1_p3_a4_d5_02_mask.png",
      "area": 3130,
      "bb_left": 184,
      "bb_top": 268,
      "bb_width": 52,
      "bb_height": 82
    },
    {
      "masked_path": "d5/uki_w1_p3_a4_d5_03_masked.png",
      "mask_path": "d5/uki_w1_p3_a4_d5_03_mask.png",
      "area": 4250,
      "bb_left": 215,
      "bb_top": 244,
      "bb_width": 78,
      "bb_height": 71
    },
    {
      "masked_path": "d5/uki_w1_p3_a4_d5_04_masked.png",
      "mask_path": "d5/uki_w1_p3_a4_d5_04_mask.png",
      "area": 1746,
      "bb_left": 141,
      "bb_top": 232,
      "bb_width": 44,
      "bb_height": 53
    },
    {
      "masked_path": "d5/uki_w1_p3_a4_d5_05_masked.png",
      "mask_path": "d5/uki_w1_p3_a4_d5_05_mask.png",
      "area": 615,
      "bb_left": 167,
      "bb_top": 270,
      "bb_width": 32,
      "bb_height": 40
    }
  ]
}