{
  "path_d1": "uki_w1_s4_d1_d1.png",
  "path_d5": "uki_w1_s4_d1_d5.png",
  "masked_path_d1": "uki_w1_s4_d1_d1_masked.png",
  "masked_path_d5": "uki_w1_s4_d1_d5_masked.png",
  "mask_path_d1": "uki_w1_s4_d1_d1_mask.png",
  "mask_path_d5": "uki_w1_s4_d1_d5_mask.png",
  "metadata_path": "uki_w1_s4_d1_metadata.json",
  "week": 1,
  "shelf_row": "s",
  "shelf_column": "4",
  "well_row": "d",
  "well_column": "1",
  "num_leaves_d1": 4,
  "num_leaves_d5": 11,
  "area_d1": 11906,
  "area_d5": 28741,
  "leaves_d1": [
    {
      "masked_path": "d1/uki_w1_s4_d1_d1_01_masked.png",
      "mask_path": "d1/uki_w1_s4_d1_d1_01_mask.png",
      "area": 4339,
      "bb_left": 237,
      "bb_top": 240,
      "bb_width": 90,
      "bb_height": 63
    },
    {
      "masked_path": "d1/uki_w1_s4_d1_d1_02_masked.png",
      "mask_path": "d1/uki_w1_s4_d1_d1_02_mask.png",
      "area": 2373,
      "bb_left": 210,
      "bb_top": 255,
      "bb_width": 49,
      "bb_height": 78
    },
    {
      "masked_path": "d1/uki_w1_s4_d1_d1_03_masked.png",
      "mask_path": "d1/uki_w1_s4_d1_d1_03_mask.png",
      "area": 438,
      "bb_left": 207,
      "bb_top": 254,
      "bb_width": 26,
      "bb_height": 29
    },
    {
      "masked_path": "d1/uki_w1_s4_d1_d1_04_masked.png",
      "mask_path": "d1/uki_w1_s4_d1_d1_04_mask.png",
      "area": 4778,
      "bb_left": 208,
      "bb_top": 174,
      "bb_width": 84,
      "bb_height": 79
    }
  ],
  "leaves_d5": [
    {
      "masked_path": "d5/uki_w1_s4_d1_d5_01_masked.png",
      "mask_path": "d5/uki_w1_s4_d1_d5_01_mask.png",
      "area": 4365,
      "bb_left": 188,
      "bb_top": 185,
      "bb_width": 59,
      "bb_height": 90
    },
    {
      "masked_path": "d5/uki_w1_s4_d1_d5_02_masked.png",
      "mask_path": "d5/uki_w1_s4_d1_d5_02_mask.png",
      "area": 4572,
      "bb_left": 312,
      "bb_top": 177,
      "bb_width": 83,
      "bb_height": 75
    },
    {
      "masked_path": "d5/uki_w1_s4_d1_d5_03_masked.png",
      "mask_path": "d5/uki_w1_s4_d1_d5_03_mask.png",
      "area": 2791,
      "bb_left": 275,
      "bb_top": 266,
      "bb_width": 75,
      "bb_height": 52
    },
    {
      "masked_path": "d5/uki_w1_s4_d1_d5_04_masked.png",
      "mask_path": "d5/uki_w1_s4_d1_d5_04_mask.png",
      "area": 1962,
      "bb_left": 183,
      "bb_top": 257,
      "bb_width": 45,
      "bb_height": 58
    },
    {
      "masked_path": "d5/uki_w1_s4_d1_d5_05_masked.png",
      "mask_path": "d5/uki_w1_s4_d1_d5_05_mask.png",
      "area": 2993,
      "bb_left": 135,
      "bb_top": 246,
      "bb_width": 62,
      "bb_height": 65
    },
    {
      "masked_path": "d5/uki_w1_s4_d1_d5_06_masked.png",
      "mask_path": "d5/uki_w1_s4_d1_d5_06_mask.png",
      "area": 4082,
      "bb_left": 210,
      "bb_top": 279,
      "bb_width": 83,
      "bb_height": 70
    },
    {
      "masked_path": "d5/uki_w1_s4_d1_d5_07_masked.png",
      "mask_path": "d5/uki_w1_s4_d1_d5_07_mask.png",
      "area": 1209,
      "bb_left": 265,
      "bb_top": 306,
      "bb_width": 43,
      "bb_height": 46
    },
    {
      "masked_path": "d5/uki_w1_s4_d1_d5_08_masked.png",
      "mask_path": "d5/uki_w1_s4_d1_d5_08_mask.png",
      "area": 257,
      "bb_left": 282,
      "bb_top": 258,
      "bb_width": 26,
      "bb_height": 14
    },
    {
      "masked_path": "d5/uki_w1_s4_d1_d5_09_masked.png",
      "mask_path": "d5/uki_w1_s4_d1_d5_09_mask.png",
      "area": 1294,
      "bb_left": 315,
      "bb_top": 246,
      "bb_width": 52,
      "bb_height": 36
    },
    {
      "masked_path": "d5/uki_w1_s4_d1_d5_10_masked.png",
      "mask_path": "d5/uki_w1_s4_d1_d5_10_mask.png",
      "area": 5104,
      "bb_left": 246,
      "bb_top": 156,
      "bb_width": 79,
      "bb_height": 83
    },
    {
      "masked_path": "d5/uki_w1_s4_d1_d5_11_masked.png",
      "mask_path": "d5/uki_w1_s4_d1_d5_11_mask.png",
      "area": 351,
      "bb_left": 281,
      "bb_top": 238,
      "bb_width": 31,
      "bb_height": 14
    }
  ]
}