{
  "path_d1": "uki_w1_q2_d3_d1.png",
  "path_d5": "uki_w1_q2_d3_d5.png",
  "masked_path_d1": "uki_w1_q2_d3_d1_masked.png",
  "masked_path_d5": "uki_w1_q2_d3_d5_masked.png",
  "mask_path_d1": "uki_w1_q2_d3_d1_mask.png",
  "mask_path_d5": "uki_w1_q2_d3_d5_mask.png",
  "metadata_path": "uki_w1_q2_d3_metadata.json",
  "week": 1,
  "shelf_row": "q",
  "shelf_column": "2",
  "well_row": "d",
  "well_column": "3",
  "num_leaves_d1": 3,
  "num_leaves_d5": 6,
  "area_d1": 5794,
  "area_d5": 14694,
  "leaves_d1": [
    {
      "masked_path": "d1/uki_w1_q2_d3_d1_01_masked.png",
      "mask_path": "d1/uki_w1_q2_d3_d1_01_mask.png",
      "area": 3289,
      "bb_left": 288,
      "bb_top": 204,
      "bb_width": 49,
      "bb_height": 80
    },
    {
      "masked_path": "d1/uki_w1_q2_d3_d1_02_masked.png",
      "mask_path": "d1/uki_w1_q2_d3_d1_02_mask.png",
      "area": 156,
      "bb_left": 297,
      "bb_top": 196,
      "bb_width": 19,
      "bb_height": 15
    },
    {
      "masked_path": "d1/uki_w1_q2_d3_d1_03_masked.png",
      "mask_path": "d1/uki_w1_q2_d3_d1_03_mask.png",
      "area": 2371,
      "bb_left": 243,
      "bb_top": 183,
      "bb_width": 55,
      "bb_height": 56
    }
  ],
  "leaves_d5": [
    {
      "masked_path": "d5/uki_w1_q2_d3_d5_01_masked.png",
      "mask_path": "d5/uki_w1_q2_d3_d5_01_mask.png",
      "area": 3262,
      "bb_left": 225,
      "bb_top": 218,
      "bb_width": 81,
      "bb_height": 55
    },
    {
      "masked_path": "d5/uki_w1_q2_d3_d5_02_masked.png",
      "mask_path": "d5/uki_w1_q2_d3_d5_02_mask.png",
      "area": 547,
      "bb_left": 226,
      "bb_top": 239,
      "bb_width": 27,
      "bb_height": 37
    },
    {
      "masked_path": "d5/uki_w1_q2_d3_d5_03_masked.png",
      "mask_path": "d5/uki_w1_q2_d3_d5_03_mask.png",
      "area": 3783,
      "bb_left": 217,
      "bb_top": 157,
      "bb_width": 68,
      "bb_height": 69
    },
    {
      "masked_path": "d5/uki_w1_q2_d3_d5_04_masked.png",
      "mask_path": "d5/uki_w1_q2_d3_d5_04_mask.png",
      "area": 2906,
      "bb_left": 151,
      "bb_top": 245,
      "bb_width": 61,
      "bb_height": 66
    },
    {
      "masked_path": "d5/uki_w1_q2_d3_d5_05_masked.png",
      "mask_path": "d5/uki_w1_q2_d3_d5_05_mask.png",
      "area": 3478,
      "bb_left": 163,
      "bb_top": 180,
      "bb_width": 62,
      "bb_height": 75
    },
    {
      "masked_path": "d5/uki_w1_q2_d3_d5_06_masked.png",
      "mask_path": "d5/uki_w1_q2_d3_d5_06_mask.png",
      "area": 783,
      "bb_left": 194,
      "bb_top": 251,
      "bb_width": 35,
      "bb_height": 35
    }
  ]
}