{
  "path_d1": "uki_w1_q4_b5_d1.png",
  "path_d5": "uki_w1_q4_b5_d5.png",
  "masked_path_d1": "uki_w1_q4_b5_d1_masked.png",
  "masked_path_d5": "uki_w1_q4_b5_d5_masked.png",
  "mask_path_d1": "uki_w1_q4_b5_d1_mask.png",
  "mask_path_d5": "uki_w1_q4_b5_d5_mask.png",
  "metadata_path": "uki_w1_q4_b5_metadata.json",
  "week": 1,
  "shelf_row": "q",
  "shelf_column": "4",
  "well_row": "b",
  "well_column": "5",
  "num_leaves_d1": 2,
  "num_leaves_d5": 8,
  "area_d1": 5059,
  "area_d5": 17105,
  "leaves_d1": [
    {
      "masked_path": "d1/uki_w1_q4_b5_d1_01_masked.png",
      "mask_path": "d1/uki_w1_q4_b5_d1_01_mask.png",
      "area": 2940,
      "bb_left": 197,
      "bb_top": 236,
      "bb_width": 73,
      "bb_height": 56
    },
    {
      "masked_path": "d1/uki_w1_q4_b5_d1_02_masked.png",
      "mask_path": "d1/uki_w1_q4_b5_d1_02_mask.png",
      "area": 2136,
      "bb_left": 249,
      "bb_top": 222,
      "bb_width": 55,
      "bb_height": 55
    }
  ],
  "leaves_d5": [
    {
      "masked_path": "d5/uki_w1_q4_b5_d5_01_masked.png",
      "mask_path": "d5/uki_w1_q4_b5_d5_01_mask.png",
      "area": 5182,
      "bb_left": 266,
      "bb_top": 228,
      "bb_width": 94,
      "bb_height": 75
    },
    {
      "masked_path": "d5/uki_w1_q4_b5_d5_02_masked.png",
      "mask_path": "d5/uki_w1_q4_b5_d5_02_mask.png",
      "area": 3147,
      "bb_left": 242,
      "bb_top": 256,
      "bb_width": 51,
      "bb_height": 85
    },
    {
      "masked_path": "d5/uki_w1_q4_b5_d5_03_masked.png",
      "mask_path": "d5/uki_w1_q4_b5_d5_03_mask.png",
      "area": 149,
      "bb_left": 266,
      "bb_top": 245,
      "bb_width": 18,
      "bb_height": 18
    },
    {
      "masked_path": "d5/uki_w1_q4_b5_d5_04_masked.png",
      "mask_path": "d5/uki_w1_q4_b5_d5_04_mask.png",
      "area": 3542,
      "bb_left": 163,
      "bb_top": 192,
      "bb_width": 70,
      "bb_height": 65
    },
    {
      "masked_path": "d5/uki_w1_q4_b5_d5_05_masked.png",
      "mask_path": "d5/uki_w1_q4_b5_d5_05_mask.png",
      "area": 2767,
      "bb_left": 232,
      "bb_top": 173,
      "bb_width": 53,
      "bb_height": 66
    },
    {
      "masked_path": "d5/uki_w1_q4_b5_d5_06_masked.png",
      "mask_path": "d5/uki_w1_q4_b5_d5_06_mask.png",
      "area": 570,
      "bb_left": 209,
      "bb_top": 229,
      "bb_width": 33,
      "bb_height": 33
    },
    {
      "masked_path": "d5/uki_w1_q4_b5_d5_07_masked.png",
      "mask_path": "d5/uki_w1_q4_b5_d5_07_mask.png",
      "area": 210,
      "bb_left": 253,
      "bb_top": 225,
      "bb_width": 20,
      "bb_height": 18
    },
    {
      "masked_path": "d5/uki_w1_q4_b5_d5_08_masked.png",
      "mask_path": "d5/uki_w1_q4_b5_d5_08_mask.png",
      "area": 1657,
      "bb_left": 209,
      "bb_top": 248,
      "bb_width": 46,
      "bb_height": 58
    }
  ]
}