{
  "path_d1": "uki_w1_p3_b1_d1.png",
  "path_d5": "uki_w1_p3_b1_d5.png",
  "masked_path_d1": "uki_w1_p3_b1_d1_masked.png",
  "masked_path_d5": "uki_w1_p3_b1_d5_masked.png",
  "mask_path_d1": "uki_w1_p3_b1_d1_mask.png",
  "mask_path_d5": "uki_w1_p3_b1_d5_mask.png",
  "metadata_path": "uki_w1_p3_b1_metadata.json",
  "week": 1,
  "shelf_row": "p",
  "shelf_column": "3",
  "well_row": "b",
  "well_column": "1",
  "num_leaves_d1": 2,
  "num_leaves_d5": 4,
  "area_d1": 7720,
  "area_d5": 12020,
  "leaves_d1": [
    {
      "masked_path": "d1/uki_w1_p3_b1_d1_01_masked.png",
      "mask_path": "d1/uki_w1_p3_b1_d1_01_mask.png",
      "area": 5466,
      "bb_left": 239,
      "bb_top": 208,
      "bb_width": 80,
      "bb_height": 91
    },
    {
      "masked_path": "d1/uki_w1_p3_b1_d1_02_masked.png",
      "mask_path": "d1/uki_w1_p3_b1_d1_02_mask.png",
      "area": 2254,
      "bb_left": 194,
      "bb_top": 245,
      "bb_width": 53,
      "bb_height": 57
    }
  ],
  "leaves_d5": [
    {
      "masked_path": "d5/uki_w1_p3_b1_d5_01_masked.png",
      "mask_path": "d5/uki_w1_p3_b1_d5_01_mask.png",
      "area": 5137,
      "bb_left": 178,
      "bb_top": 239,
      "bb_width": 71,
      "bb_height": 93
    },
    {
      "masked_path": "d5/uki_w1_p3_b1_d5_02_masked.png",
      "mask_path": "d5/uki_w1_p3_b1_d5_02_mask.png",
      "area": 4312,
      "bb_left": 218,
      "bb_top": 211,
      "bb_width": 91,
      "bb_height": 65
    },
    {
      "masked_path": "d5/uki_w1_p3_b1_d5_03_masked.png",
      "mask_path": "d5/uki_w1_p3_b1_d5_03_mask.png",
      "area": 1417,
      "bb_left": 164,
      "bb_top": 218,
      "bb_width": 38,
      "bb_height": 57
    },
    {
      "masked_path": "d5/uki_w1_p3_b1_d5_04_masked.png",
      "mask_path": "d5/uki_w1_p3_b1_d5_04_mask.png",
      "area": 1233,
      "bb_left": 203,
      "bb_top": 201,
      "bb_width": 47,
      "bb_height": 41
    }
  ]
}