{
  "path_d1": "uki_w1_r4_a5_d1.png",
  "path_d5": "uki_w1_r4_a5_d5.png",
  "masked_path_d1": "uki_w1_r4_a5_d1_masked.png",
  "masked_path_d5": "uki_w1_r4_a5_d5_masked.png",
  "mask_path_d1": "uki_w1_r4_a5_d1_mask.png",
  "mask_path_d5": "uki_w1_r4_a5_d5_mask.png",
  "metadata_path": "uki_w1_r4_a5_metadata.json",
  "week": 1,
  "shelf_row": "r",
  "shelf_column": "4",
  "well_row": "a",
  "well_column": "5",
  "num_leaves_d1": 2,
  "num_leaves_d5": 6,
  "area_d1": 5889,
  "area_d5": 14681,
  "leaves_d1": [
    {
      "masked_path": "d1/uki_w1_r4_a5_d1_01_masked.png",
      "mask_path": "d1/uki_w1_r4_a5_d1_01_mask.png",
      "area": 4210,
      "bb_left": 228,
      "bb_top": 206,
      "bb_width": 69,
      "bb_height": 75
    },
    {
      "masked_path": "d1/uki_w1_r4_a5_d1_02_masked.png",
      "mask_path": "d1/uki_w1_r4_a5_d1_02_mask.png",
      "area": 1680,
      "bb_left": 244,
      "bb_top": 277,
      "bb_width": 50,
      "bb_height": 41
    }
  ],
  "leaves_d5": [
    {
      "masked_path": "d5/uki_w1_r4_a5_d5_01_masked.png",
      "mask_path": "d5/uki_w1_r4_a5_d5_01_mask.png",
      "area": 4048,
      "bb_left": 266,
      "bb_top": 215,
      "bb_width": 73,
      "bb_height": 68
    },
    {
      "masked_path": "d5/uki_w1_r4_a5_d5_02_masked.png",
      "mask_path": "d5/uki_w1_r4_a5_d5_02_mask.png",
      "area": 384,
      "bb_left": 252,
      "bb_top": 248,
      "bb_width": 17,
      "bb_height": 29
    },
    {
      "masked_path": "d5/uki_w1_r4_a5_d5_03_masked.png",
      "mask_path": "d5/uki_w1_r4_a5_d5_03_mask.png",
      "area": 2794,
      "bb_left": 258,
      "bb_top": 281,
      "bb_width": 58,
      "bb_height": 57
    },
    {
      "masked_path": "d5/uki_w1_r4_a5_d5_04_masked.png",
      "mask_path": "d5/uki_w1_r4_a5_d5_04_mask.png",
      "area": 3512,
      "bb_left": 182,
      "bb_top": 192,
      "bb_width": 73,
      "bb_height": 62
    },
    {
      "masked_path": "d5/uki_w1_r4_a5_d5_05_masked.png",
      "mask_path": "d5/uki_w1_r4_a5_d5_05_mask.png",
      "area": 3037,
      "bb_left": 186,
      "bb_top": 250,
      "bb_width": 67,
      "bb_height": 56
    },
    {
      "masked_path": "d5/uki_w1_r4_a5_d5_06_masked.png",
      "mask_path": "d5/uki_w1_r4_a5_d5_06_mask.png",
      "area": 977,
      "bb_left": 239,
      "bb_top": 203,
      "bb_width": 36,
      "bb_height": 43
    }
  ]
}