{
  "path_d1": "uki_w1_t2_a5_d1.png",
  "path_d5": "uki_w1_t2_a5_d5.png",
  "masked_path_d1": "uki_w1_t2_a5_d1_masked.png",
  "masked_path_d5": "uki_w1_t2_a5_d5_masked.png",
  "mask_path_d1": "uki_w1_t2_a5_d1_mask.png",
  "mask_path_d5": "uki_w1_t2_a5_d5_mask.png",
  "metadata_path": "uki_w1_t2_a5_metadata.json",
  "week": 1,
  "shelf_row": "t",
  "shelf_column": "2",
  "well_row": "a",
  "well_column": "5",
  "num_leaves_d1": 1,
  "num_leaves_d5": 6,
  "area_d1": 3446,
  "area_d5": 19405,
  "leaves_d1": [
    {
      "masked_path": "d1/uki_w1_t2_a5_d1_01_masked.png",
      "mask_path": "d1/uki_w1_t2_a5_d1_01_mask.png",
      "area": 3446,
      "bb_left": 220,
      "bb_top": 221,
      "bb_width": 65,
      "bb_height": 72
    }
  ],
  "leaves_d5": [
    {
      "masked_path": "d5/uki_w1_t2_a5_d5_01_masked.png",
      "mask_path": "d5/uki_w1_t2_a5_d5_01_mask.png",
      "area": 6439,
      "bb_left": 223,
      "bb_top": 260,
      "bb_width": 79,
      "bb_height": 110
    },
    {
      "masked_path": "d5/uki_w1_t2_a5_d5_02_masked.png",
      "mask_path": "d5/uki_w1_t2_a5_d5_02_mask.png",
      "area": 3384,
      "bb_left": 167,
      "bb_top": 221,
      "bb_width": 75,
      "bb_height": 60
    },
    {
      "masked_path": "d5/uki_w1_t2_a5_d5_03_masked.png",
      "mask_path": "d5/uki_w1_t2_a5_d5_03_mask.png",
      "area": 3644,
      "bb_left": 247,
      "bb_top": 228,
      "bb_width": 75,
      "bb_height": 70
    },
    {
      "masked_path": "d5/uki_w1_t2_a5_d5_04_masked.png",
      "mask_path": "d5/uki_w1_t2_a5_d5_04_mask.png",
      "area": 214,
      "bb_left": 232,
      "bb_top": 236,
      "bb_width": 16,
      "bb_height": 23
    },
    {
      "masked_path": "d5/uki_w1_t2_a5_d5_05_masked.png",
      "mask_path": "d5/uki_w1_t2_a5_d5_05_mask.png",
      "area": 1100,
      "bb_left": 200,
      "bb_top": 270,
      "bb_width": 31,
      "bb_height": 51
    },
    {
      "masked_path": "d5/uki_w1_t2_a5_d5_06_masked.png",
      "mask_path": "d5/uki_w1_t2_a5_d5_06_mask.png",
      "area": 4724,
      "bb_left": 193,
      "bb_top": 146,
      "bb_width": 74,
      "bb_height": 83
    }
  ]
}