{
  "path_d1": "uki_w1_s1_b6_d1.png",
  "path_d5": "uki_w1_s1_b6_d5.png",
  "masked_path_d1": "uki_w1_s1_b6_d1_masked.png",
  "masked_path_d5": "uki_w1_s1_b6_d5_masked.png",
  "mask_path_d1": "uki_w1_s1_b6_d1_mask.png",
  "mask_path_d5": "uki_w1_s1_b6_d5_mask.png",
  "metadata_path": "uki_w1_s1_b6_metadata.json",
  "week": 1,
  "shelf_row": "s",
  "shelf_column": "1",
  "well_row": "b",
  "well_column": "6",
  "num_leaves_d1": 3,
  "num_leaves_d5": 10,
  "area_d1": 7017,
  "area_d5": 20078,
  "leaves_d1": [
    {
      "masked_path": "d1/uki_w1_s1_b6_d1_01_masked.png",
      "mask_path": "d1/uki_w1_s1_b6_d1_01_mask.png",
      "area": 3890,
      "bb_left": 199,
      "bb_top": 255,
      "bb_width": 72,
      "bb_height": 71
    },
    {
      "masked_path": "d1/uki_w1_s1_b6_d1_02_masked.png",
      "mask_path": "d1/uki_w1_s1_b6_d1_02_mask.png",
      "area": 2993,
      "bb_left": 225,
      "bb_top": 196,
      "bb_width": 57,
      "bb_height": 77
    },
    {
      "masked_path": "d1/uki_w1_s1_b6_d1_03_masked.png",
      "mask_path": "d1/uki_w1_s1_b6_d1_03_mask.png",
      "area": 160,
      "bb_left": 281,
      "bb_top": 235,
      "bb_width": 7,
      "bb_height": 26
    }
  ],
  "leaves_d5": [
    {
      "masked_path": "d5/uki_w1_s1_b6_d5_01_masked.png",
      "mask_path": "d5/uki_w1_s1_b6_d5_01_mask.png",
      "area": 4093,
      "bb_left": 244,
      "bb_top": 270,
      "bb_width": 63,
      "bb_height": 84
    },
    {
      "masked_path": "d5/uki_w1_s1_b6_d5_02_masked.png",
      "mask_path": "d5/uki_w1_s1_b6_d5_02_mask.png",
      "area": 4585,
      "bb_left": 271,
      "bb_top": 217,
      "bb_width": 79,
      "bb_height": 73
    },
    {
      "masked_path": "d5/uki_w1_s1_b6_d5_03_masked.png",
      "mask_path": "d5/uki_w1_s1_b6_d5_03_mask.png",
      "area": 95,
      "bb_left": 284,
      "bb_top": 284,
      "bb_width": 25,
      "bb_height": 11
    },
    {
      "masked_path": "d5/uki_w1_s1_b6_d5_04_masked.png",
      "mask_path": "d5/uki_w1_s1_b6_d5_04_mask.png",
      "area": 3373,
      "bb_left": 218,
      "bb_top": 155,
      "bb_width": 62,
      "bb_height": 65
    },
    {
      "masked_path": "d5/uki_w1_s1_b6_d5_05_masked.png",
      "mask_path": "d5/uki_w1_s1_b6_d5_05_mask.png",
      "area": 2996,
      "bb_left": 171,
      "bb_top": 219,
      "bb_width": 69,
      "bb_height": 55
    },
    {
      "masked_path": "d5/uki_w1_s1_b6_d5_06_masked.png",
      "mask_path": "d5/uki_w1_s1_b6_d5_06_mask.png",
      "area": 998,
      "bb_left": 221,
      "bb_top": 233,
      "bb_width": 39,
      "bb_height": 44
    },
    {
      "masked_path": "d5/uki_w1_s1_b6_d5_07_masked.png",
      "mask_path": "d5/uki_w1_s1_b6_d5_07_mask.png",
      "area": 1505,
      "bb_left": 208,
      "bb_top": 268,
      "bb_width": 39,
      "bb_height": 51
    },
    {
      "masked_path": "d5/uki_w1_s1_b6_d5_08_masked.png",
      "mask_path": "d5/uki_w1_s1_b6_d5_08_mask.png",
      "area": 721,
      "bb_left": 254,
      "bb_top": 228,
      "bb_width": 27,
      "bb_height": 44
    },
    {
      "masked_path": "d5/uki_w1_s1_b6_d5_09_masked.png",
      "mask_path": "d5/uki_w1_s1_b6_d5_09_mask.png",
      "area": 314,
      "bb_left": 223,
      "bb_top": 213,
      "bb_width": 38,
      "bb_height": 17
    },
    {
      "masked_path": "d5/uki_w1_s1_b6_d5_10_masked.png",
      "mask_path": "d5/uki_w1_s1_b6_d5_10_mask.png",
      "area": 1567,
      "bb_left": 183,
      "bb_top": 170,
      "bb_width": 39,
      "bb_height": 52
    }
  ]
}