{
  "path_d1": "uki_w1_s2_c2_d1.png",
  "path_d5": "uki_w1_s2_c2_d5.png",
  "masked_path_d1": "uki_w1_s2_c2_d1_masked.png",
  "masked_path_d5": "uki_w1_s2_c2_d5_masked.png",
  "mask_path_d1": "uki_w1_s2_c2_d1_mask.png",
  "mask_path_d5": "uki_w1_s2_c2_d5_mask.png",
  "metadata_path": "uki_w1_s2_c2_metadata.json",
  "week": 1,
  "shelf_row": "s",
  "shelf_column": "2",
  "well_row": "c",
  "well_column": "2",
  "num_leaves_d1": 5,
  "num_leaves_d5": 12,
  "area_d1": 15699,
  "area_d5": 30677,
  "leaves_d1": [
    {
      "masked_path": "d1/uki_w1_s2_c2_d1_01_masked.png",
      "mask_path": "d1/uki_w1_s2_c2_d1_01_mask.png",
      "area": 5734,
      "bb_left": 226,
      "bb_top": 176,
      "bb_width": 105,
      "bb_height": 73
    },
    {
      "masked_path": "d1/uki_w1_s2_c2_d1_02_masked.png",
      "mask_path": "d1/uki_w1_s2_c2_d1_02_mask.png",
      "area": 4560,
      "bb_left": 251,
      "bb_top": 269,
      "bb_width": 79,
      "bb_height": 75
    },
    {
      "masked_path": "d1/uki_w1_s2_c2_d1_03_masked.png",
      "mask_path": "d1/uki_w1_s2_c2_d1_03_mask.png",
      "area": 2659,
      "bb_left": 206,
      "bb_top": 255,
      "bb_width": 51,
      "bb_height": 74
    },
    {
      "masked_path": "d1/uki_w1_s2_c2_d1_04_masked.png",
      "mask_path": "d1/uki_w1_s2_c2_d1_04_mask.png",
      "area": 741,
      "bb_left": 250,
      "bb_top": 247,
      "bb_width": 39,
      "bb_height": 29
    },
    {
      "masked_path": "d1/uki_w1_s2_c2_d1_05_masked.png",
      "mask_path": "d1/uki_w1_s2_c2_d1_05_mask.png",
      "area": 2069,
      "bb_left": 187,
      "bb_top": 228,
      "bb_width": 54,
      "bb_height": 54
    }
  ],
  "leaves_d5": [
    {
      "masked_path": "d5/uki_w1_s2_c2_d5_01_masked.png",
      "mask_path": "d5/uki_w1_s2_c2_d5_01_mask.png",
      "area": 6264,
      "bb_left": 304,
      "bb_top": 288,
      "bb_width": 80,
      "bb_height": 101
    },
    {
      "masked_path": "d5/uki_w1_s2_c2_d5_02_masked.png",
      "mask_path": "d5/uki_w1_s2_c2_d5_02_mask.png",
      "area": 5925,
      "bb_left": 200,
      "bb_top": 323,
      "bb_width": 98,
      "bb_height": 77
    },
    {
      "masked_path": "d5/uki_w1_s2_c2_d5_03_masked.png",
      "mask_path": "d5/uki_w1_s2_c2_d5_03_mask.png",
      "area": 1037,
      "bb_left": 187,
      "bb_top": 320,
      "bb_width": 36,
      "bb_height": 55
    },
    {
      "masked_path": "d5/uki_w1_s2_c2_d5_04_masked.png",
      "mask_path": "d5/uki_w1_s2_c2_d5_04_mask.png",
      "area": 215,
      "bb_left": 202,
      "bb_top": 382,
      "bb_width": 30,
      "bb_height": 19
    },
    {
      "masked_path": "d5/uki_w1_s2_c2_d5_05_masked.png",
      "mask_path": "d5/uki_w1_s2_c2_d5_05_mask.png",
      "area": 5471,
      "bb_left": 146,
      "bb_top": 197,
      "bb_width": 69,
      "bb_height": 101
    },
    {
      "masked_path": "d5/uki_w1_s2_c2_d5_06_masked.png",
      "mask_path": "d5/uki_w1_s2_c2_d5_06_mask.png",
      "area": 1395,
      "bb_left": 206,
      "bb_top": 250,
      "bb_width": 38,
      "bb_height": 51
    },
    {
      "masked_path": "d5/uki_w1_s2_c2_d5_07_masked.png",
      "mask_path": "d5/uki_w1_s2_c2_d5_07_mask.png",
      "area": 5101,
      "bb_left": 293,
      "bb_top": 207,
      "bb_width": 92,
      "bb_height": 77
    },
    {
      "masked_path": "d5/uki_w1_s2_c2_d5_08_masked.png",
      "mask_path": "d5/uki_w1_s2_c2_d5_08_mask.png",
      "area": 1897,
      "bb_left": 272,
      "bb_top": 205,
      "bb_width": 48,
      "bb_height": 68
    },
    {
      "masked_path": "d5/uki_w1_s2_c2_d5_09_masked.png",
      "mask_path": "d5/uki_w1_s2_c2_d5_09_mask.png",
      "area": 2577,
      "bb_left": 243,
      "bb_top": 256,
      "bb_width": 73,
      "bb_height": 53
    },
    {
      "masked_path": "d5/uki_w1_s2_c2_d5_10_masked.png",
      "mask_path": "d5/uki_w1_s2_c2_d5_10_mask.png",
      "area": 573,
      "bb_left": 277,
      "bb_top": 296,
      "bb_width": 38,
      "bb_height": 27
    },
    {
      "masked_path": "d5/uki_w1_s2_c2_d5_11_masked.png",
      "mask_path": "d5/uki_w1_s2_c2_d5_11_mask.png",
      "area": 298,
      "bb_left": 316,
      "bb_top": 278,
      "bb_width": 29,
      "bb_height": 16
    },
    {
      "masked_path": "d5/uki_w1_s2_c2_d5_12_masked.png",
      "mask_path": "d5/uki_w1_s2_c2_d5_12_mask.png",
      "area": 77,
      "bb_left": 312,
      "bb_top": 289,
      "bb_width": 9,
      "bb_height": 12
    }
  ]
}