{
  "path_d1": "uki_w1_p3_a3_d1.png",
  "path_d5": "uki_w1_p3_a3_d5.png",
  "masked_path_d1": "uki_w1_p3_a3_d1_masked.png",
  "masked_path_d5": "uki_w1_p3_a3_d5_masked.png",
  "mask_path_d1": "uki_w1_p3_a3_d1_mask.png",
  "mask_path_d5": "uki_w1_p3_a3_d5_mask.png",
  "metadata_path": "uki_w1_p3_a3_metadata.json",
  "week": 1,
  "shelf_row": "p",
  "shelf_column": "3",
  "well_row": "a",
  "well_column": "3",
  "num_leaves_d1": 3,
  "num_leaves_d5": 7,
  "area_d1": 8328,
  "area_d5": 19005,
  "leaves_d1": [
    {
      "masked_path": "d1/uki_w1_p3_a3_d1_01_masked.png",
      "mask_path": "d1/uki_w1_p3_a3_d1_01_mask.png",
      "area": 3836,
      "bb_left": 269,
      "bb_top": 212,
      "bb_width": 71,
      "bb_height": 73
    },
    {
      "masked_path": "d1/uki_w1_p3_a3_d1_02_masked.png",
      "mask_path": "d1/uki_w1_p3_a3_d1_02_mask.png",
      "area": 877,
      "bb_left": 283,
      "bb_top": 272,
      "bb_width": 41,
      "bb_height": 32
    },
    {
      "masked_path": "d1/uki_w1_p3_a3_d1_03_masked.png",
      "mask_path": "d1/uki_w1_p3_a3_d1_03_mask.png",
      "area": 3621,
      "bb_left": 204,
      "bb_top": 218,
      "bb_width": 67,
      "bb_height": 66
    }
  ],
  "leaves_d5": [
    {
      "masked_path": "d5/uki_w1_p3_a3_d5_01_masked.png",
      "mask_path": "d5/uki_w1_p3_a3_d5_01_mask.png",
      "area": 5158,
      "bb_left": 265,
      "bb_top": 189,
      "bb_width": 82,
      "bb_height": 80
    },
    {
      "masked_path": "d5/uki_w1_p3_a3_d5_02_masked.png",
      "mask_path": "d5/uki_w1_p3_a3_d5_02_mask.png",
      "area": 3119,
      "bb_left": 339,
      "bb_top": 210,
      "bb_width": 63,
      "bb_height": 64
    },
    {
      "masked_path": "d5/uki_w1_p3_a3_d5_03_masked.png",
      "mask_path": "d5/uki_w1_p3_a3_d5_03_mask.png",
      "area": 3550,
      "bb_left": 297,
      "bb_top": 288,
      "bb_width": 70,
      "bb_height": 64
    },
    {
      "masked_path": "d5/uki_w1_p3_a3_d5_04_masked.png",
      "mask_path": "d5/uki_w1_p3_a3_d5_04_mask.png",
      "area": 857,
      "bb_left": 335,
      "bb_top": 265,
      "bb_width": 39,
      "bb_height": 35
    },
    {
      "masked_path": "d5/uki_w1_p3_a3_d5_05_masked.png",
      "mask_path": "d5/uki_w1_p3_a3_d5_05_mask.png",
      "area": 1034,
      "bb_left": 296,
      "bb_top": 261,
      "bb_width": 45,
      "bb_height": 34
    },
    {
      "masked_path": "d5/uki_w1_p3_a3_d5_06_masked.png",
      "mask_path": "d5/uki_w1_p3_a3_d5_06_mask.png",
      "area": 4061,
      "bb_left": 219,
      "bb_top": 290,
      "bb_width": 80,
      "bb_height": 62
    },
    {
      "masked_path": "d5/uki_w1_p3_a3_d5_07_masked.png",
      "mask_path": "d5/uki_w1_p3_a3_d5_07_mask.png",
      "area": 1439,
      "bb_left": 261,
      "bb_top": 320,
      "bb_width": 59,
      "bb_height": 53
    }
  ]
}