{
  "path_d1": "uki_w1_q3_b2_d1.png",
  "path_d5": "uki_w1_q3_b2_d5.png",
  "masked_path_d1": "uki_w1_q3_b2_d1_masked.png",
  "masked_path_d5": "uki_w1_q3_b2_d5_masked.png",
  "mask_path_d1": "uki_w1_q3_b2_d1_mask.png",
  "mask_path_d5": "uki_w1_q3_b2_d5_mask.png",
  "metadata_path": "uki_w1_q3_b2_metadata.json",
  "week": 1,
  "shelf_row": "q",
  "shelf_column": "3",
  "well_row": "b",
  "well_column": "2",
  "num_leaves_d1": 2,
  "num_leaves_d5": 6,
  "area_d1": 5419,
  "area_d5": 17947,
  "leaves_d1": [
    {
      "masked_path": "d1/uki_w1_q3_b2_d1_01_masked.png",
      "mask_path": "d1/uki_w1_q3_b2_d1_01_mask.png",
      "area": 3416,
      "bb_left": 228,
      "bb_top": 250,
      "bb_width": 70,
      "bb_height": 66
    },
    {
      "masked_path": "d1/uki_w1_q3_b2_d1_02_masked.png",
      "mask_path": "d1/uki_w1_q3_b2_d1_02_mask.png",
      "area": 2005,
      "bb_left": 230,
      "bb_top": 204,
      "bb_width": 49,
      "bb_height": 49
    }
  ],
  "leaves_d5": [
    {
      "masked_path": "d5/uki_w1_q3_b2_d5_01_masked.png",
      "mask_path": "d5/uki_w1_q3_b2_d5_01_mask.png",
      "area": 5523,
      "bb_left": 264,
      "bb_top": 133,
      "bb_width": 77,
      "bb_height": 98
    },
    {
      "masked_path": "d5/uki_w1_q3_b2_d5_02_masked.png",
      "mask_path": "d5/uki_w1_q3_b2_d5_02_mask.png",
      "area": 1645,
      "bb_left": 249,
      "bb_top": 196,
      "bb_width": 50,
      "bb_height": 54
    },
    {
      "masked_path": "d5/uki_w1_q3_b2_d5_03_masked.png",
      "mask_path": "d5/uki_w1_q3_b2_d5_03_mask.png",
      "area": 2730,
      "bb_left": 289,
      "bb_top": 226,
      "bb_width": 70,
      "bb_height": 50
    },
    {
      "masked_path": "d5/uki_w1_q3_b2_d5_04_masked.png",
      "mask_path": "d5/uki_w1_q3_b2_d5_04_mask.png",
      "area": 2991,
      "bb_left": 261,
      "bb_top": 256,
      "bb_width": 64,
      "bb_height": 61
    },
    {
      "masked_path": "d5/uki_w1_q3_b2_d5_05_masked.png",
      "mask_path": "d5/uki_w1_q3_b2_d5_05_mask.png",
      "area": 1457,
      "bb_left": 199,
      "bb_top": 214,
      "bb_width": 47,
      "bb_height": 47
    },
    {
      "masked_path": "d5/uki_w1_q3_b2_d5_06_masked.png",
      "mask_path": "d5/uki_w1_q3_b2_d5_06_mask.png",
      "area": 3683,
      "bb_left": 204,
      "bb_top": 235,
      "bb_width": 63,
      "bb_height": 81
    }
  ]
}