{
  "path_d1": "uki_w1_s4_c2_d1.png",
  "path_d5": "uki_w1_s4_c2_d5.png",
  "masked_path_d1": "uki_w1_s4_c2_d1_masked.png",
  "masked_path_d5": "uki_w1_s4_c2_d5_masked.png",
  "mask_path_d1": "uki_w1_s4_c2_d1_mask.png",
  "mask_path_d5": "uki_w1_s4_c2_d5_mask.png",
  "metadata_path": "uki_w1_s4_c2_metadata.json",
  "week": 1,
  "shelf_row": "s",
  "shelf_column": "4",
  "well_row": "c",
  "well_column": "2",
  "num_leaves_d1": 2,
  "num_leaves_d5": 8,
  "area_d1": 7726,
  "area_d5": 23493,
  "leaves_d1": [
    {
      "masked_path": "d1/uki_w1_s4_c2_d1_01_masked.png",
      "mask_path": "d1/uki_w1_s4_c2_d1_01_mask.png",
      "area": 4284,
      "bb_left": 243,
      "bb_top": 194,
      "bb_width": 60,
      "bb_height": 94
    },
    {
      "masked_path": "d1/uki_w1_s4_c2_d1_02_masked.png",
      "mask_path": "d1/uki_w1_s4_c2_d1_02_mask.png",
      "area": 3478,
      "bb_left": 187,
      "bb_top": 245,
      "bb_width": 76,
      "bb_height": 61
    }
  ],
  "leaves_d5": [
    {
      "masked_path": "d5/uki_w1_s4_c2_d5_01_masked.png",
      "mask_path": "d5/uki_w1_s4_c2_d5_01_mask.png",
      "area": 4247,
      "bb_left": 156,
      "bb_top": 220,
      "bb_width": 84,
      "bb_height": 67
    },
    {
      "masked_path": "d5/uki_w1_s4_c2_d5_02_masked.png",
      "mask_path": "d5/uki_w1_s4_c2_d5_02_mask.png",
      "area": 4751,
      "bb_left": 235,
      "bb_top": 280,
      "bb_width": 62,
      "bb_height": 100
    },
    {
      "masked_path": "d5/uki_w1_s4_c2_d5_03_masked.png",
      "mask_path": "d5/uki_w1_s4_c2_d5_03_mask.png",
      "area": 1196,
      "bb_left": 254,
      "bb_top": 258,
      "bb_width": 38,
      "bb_height": 53
    },
    {
      "masked_path": "d5/uki_w1_s4_c2_d5_04_masked.png",
      "mask_path": "d5/uki_w1_s4_c2_d5_04_mask.png",
      "area": 5153,
      "bb_left": 273,
      "bb_top": 232,
      "bb_width": 85,
      "bb_height": 84
    },
    {
      "masked_path": "d5/uki_w1_s4_c2_d5_05_masked.png",
      "mask_path": "d5/uki_w1_s4_c2_d5_05_mask.png",
      "area": 5009,
      "bb_left": 181,
      "bb_top": 137,
      "bb_width": 74,
      "bb_height": 86
    },
    {
      "masked_path": "d5/uki_w1_s4_c2_d5_06_masked.png",
      "mask_path": "d5/uki_w1_s4_c2_d5_06_mask.png",
      "area": 714,
      "bb_left": 233,
      "bb_top": 228,
      "bb_width": 26,
      "bb_height": 38
    },
    {
      "masked_path": "d5/uki_w1_s4_c2_d5_07_masked.png",
      "mask_path": "d5/uki_w1_s4_c2_d5_07_mask.png",
      "area": 845,
      "bb_left": 169,
      "bb_top": 188,
      "bb_width": 33,
      "bb_height": 42
    },
    {
      "masked_path": "d5/uki_w1_s4_c2_d5_08_masked.png",
      "mask_path": "d5/uki_w1_s4_c2_d5_08_mask.png",
      "area": 1734,
      "bb_left": 203,
      "bb_top": 276,
      "bb_width": 42,
      "bb_height": 55
    }
  ]
}