{
  "path_d1": "uki_w1_s1_a4_d1.png",
  "path_d5": "uki_w1_s1_a4_d5.png",
  "masked_path_d1": "uki_w1_s1_a4_d1_masked.png",
  "masked_path_d5": "uki_w1_s1_a4_d5_masked.png",
  "mask_path_d1": "uki_w1_s1_a4_d1_mask.png",
  "mask_path_d5": "uki_w1_s1_a4_d5_mask.png",
  "metadata_path": "uki_w1_s1_a4_metadata.json",
  "week": 1,
  "shelf_row": "s",
  "shelf_column": "1",
  "well_row": "a",
  "well_column": "4",
  "num_leaves_d1": 2,
  "num_leaves_d5": 8,
  "area_d1": 6740,
  "area_d5": 17731,
  "leaves_d1": [
    {
      "masked_path": "d1/uki_w1_s1_a4_d1_01_masked.png",
      "mask_path": "d1/uki_w1_s1_a4_d1_01_mask.png",
      "area": 3798,
      "bb_left": 205,
      "bb_top": 247,
      "bb_width": 77,
      "bb_height": 65
    },
    {
      "masked_path": "d1/uki_w1_s1_a4_d1_02_masked.png",
      "mask_path": "d1/uki_w1_s1_a4_d1_02_mask.png",
      "area": 2963,
      "bb_left": 246,
      "bb_top": 194,
      "bb_width": 53,
      "bb_height": 79
    }
  ],
  "leaves_d5": [
    {
      "masked_path": "d5/uki_w1_s1_a4_d5_01_masked.png",
      "mask_path": "d5/uki_w1_s1_a4_d5_01_mask.png",
      "area": 5003,
      "bb_left": 186,
      "bb_top": 261,
      "bb_width": 73,
      "bb_height": 91
    },
    {
      "masked_path": "d5/uki_w1_s1_a4_d5_02_masked.png",
      "mask_path": "d5/uki_w1_s1_a4_d5_02_mask.png",
      "area": 3717,
      "bb_left": 147,
      "bb_top": 223,
      "bb_width": 91,
      "bb_height": 57
    },
    {
      "masked_path": "d5/uki_w1_s1_a4_d5_03_masked.png",
      "mask_path": "d5/uki_w1_s1_a4_d5_03_mask.png",
      "area": 3658,
      "bb_left": 279,
      "bb_top": 190,
      "bb_width": 73,
      "bb_height": 64
    },
    {
      "masked_path": "d5/uki_w1_s1_a4_d5_04_masked.png",
      "mask_path": "d5/uki_w1_s1_a4_d5_04_mask.png",
      "area": 1186,
      "bb_left": 200,
      "bb_top": 207,
      "bb_width": 51,
      "bb_height": 40
    },
    {
      "masked_path": "d5/uki_w1_s1_a4_d5_05_masked.png",
      "mask_path": "d5/uki_w1_s1_a4_d5_05_mask.png",
      "area": 1021,
      "bb_left": 223,
      "bb_top": 250,
      "bb_width": 45,
      "bb_height": 43
    },
    {
      "masked_path": "d5/uki_w1_s1_a4_d5_06_masked.png",
      "mask_path": "d5/uki_w1_s1_a4_d5_06_mask.png",
      "area": 2361,
      "bb_left": 237,
      "bb_top": 176,
      "bb_width": 52,
      "bb_height": 67
    },
    {
      "masked_path": "d5/uki_w1_s1_a4_d5_07_masked.png",
      "mask_path": "d5/uki_w1_s1_a4_d5_07_mask.png",
      "area": 689,
      "bb_left": 247,
      "bb_top": 232,
      "bb_width": 38,
      "bb_height": 31
    },
    {
      "masked_path": "d5/uki_w1_s1_a4_d5_08_masked.png",
      "mask_path": "d5/uki_w1_s1_a4_d5_08_mask.png",
      "area": 210,
      "bb_left": 282,
      "bb_top": 184,
      "bb_width": 27,
      "bb_height": 16
    }
  ]
}