{
  "path_d1": "uki_w1_p2_a2_d1.png",
  "path_d5": "uki_w1_p2_a2_d5.png",
  "masked_path_d1": "uki_w1_p2_a2_d1_masked.png",
  "masked_path_d5": "uki_w1_p2_a2_d5_masked.png",
  "mask_path_d1": "uki_w1_p2_a2_d1_mask.png",
  "mask_path_d5": "uki_w1_p2_a2_d5_mask.png",
  "metadata_path": "uki_w1_p2_a2_metadata.json",
  "week": 1,
  "shelf_row": "p",
  "shelf_column": "2",
  "well_row": "a",
  "well_column": "2",
  "num_leaves_d1": 2,
  "num_leaves_d5": 4,
  "area_d1": 4272,
  "area_d5": 10852,
  "leaves_d1": [
    {
      "masked_path": "d1/uki_w1_p2_a2_d1_01_masked.png",
      "mask_path": "d1/uki_w1_p2_a2_d1_01_mask.png",
      "area": 2930,
      "bb_left": 232,
      "bb_top": 201,
      "bb_width": 56,
      "bb_height": 70
    },
    {
      "masked_path": "d1/uki_w1_p2_a2_d1_02_masked.png",
      "mask_path": "d1/uki_w1_p2_a2_d1_02_mask.png",
      "area": 1342,
      "bb_left": 235,
      "bb_top": 260,
      "bb_width": 46,
      "bb_height": 43
    }
  ],
  "leaves_d5": [
    {
      "masked_path": "d5/uki_w1_p2_a2_d5_01_masked.png",
      "mask_path": "d5/uki_w1_p2_a2_d5_01_mask.png",
      "area": 4128,
      "bb_left": 229,
      "bb_top": 193,
      "bb_width": 74,
      "bb_height": 70
    },
    {
      "masked_path": "d5/uki_w1_p2_a2_d5_02_masked.png",
      "mask_path": "d5/uki_w1_p2_a2_d5_02_mask.png",
      "area": 2736,
      "bb_left": 239,
      "bb_top": 260,
      "bb_width": 76,
      "bb_height": 49
    },
    {
      "masked_path": "d5/uki_w1_p2_a2_d5_03_masked.png",
      "mask_path": "d5/uki_w1_p2_a2_d5_03_mask.png",
      "area": 3248,
      "bb_left": 184,
      "bb_top": 249,
      "bb_width": 58,
      "bb_height": 77
    },
    {
      "masked_path": "d5/uki_w1_p2_a2_d5_04_masked.png",
      "mask_path": "d5/uki_w1_p2_a2_d5_04_mask.png",
      "area": 840,
      "bb_left": 234,
      "bb_top": 271,
      "bb_width": 35,
      "bb_height": 46
    }
  ]
}