{
  "path_d1": "uki_w1_p4_a4_d1.png",
  "path_d5": "uki_w1_p4_a4_d5.png",
  "masked_path_d1": "uki_w1_p4_a4_d1_masked.png",
  "masked_path_d5": "uki_w1_p4_a4_d5_masked.png",
  "mask_path_d1": "uki_w1_p4_a4_d1_mask.png",
  "mask_path_d5": "uki_w1_p4_a4_d5_mask.png",
  "metadata_path": "uki_w1_p4_a4_metadata.json",
  "week": 1,
  "shelf_row": "p",
  "shelf_column": "4",
  "well_row": "a",
  "well_column": "4",
  "num_leaves_d1": 2,
  "num_leaves_d5": 7,
  "area_d1": 6674,
  "area_d5": 16109,
  "leaves_d1": [
    {
      "masked_path": "d1/uki_w1_p4_a4_d1_01_masked.png",
      "mask_path": "d1/uki_w1_p4_a4_d1_01_mask.png",
      "area": 4841,
      "bb_left": 207,
      "bb_top": 227,
      "bb_width": 72,
      "bb_height": 91
    },
    {
      "masked_path": "d1/uki_w1_p4_a4_d1_02_masked.png",
      "mask_path": "d1/uki_w1_p4_a4_d1_02_mask.png",
      "area": 1858,
      "bb_left": 263,
      "bb_top": 219,
      "bb_width": 51,
      "bb_height": 52
    }
  ],
  "leaves_d5": [
    {
      "masked_path": "d5/uki_w1_p4_a4_d5_01_masked.png",
      "mask_path": "d5/uki_w1_p4_a4_d5_01_mask.png",
      "area": 4046,
      "bb_left": 172,
      "bb_top": 212,
      "bb_width": 91,
      "bb_height": 57
    },
    {
      "masked_path": "d5/uki_w1_p4_a4_d5_02_masked.png",
      "mask_path": "d5/uki_w1_p4_a4_d5_02_mask.png",
      "area": 4305,
      "bb_left": 269,
      "bb_top": 190,
      "bb_width": 74,
      "bb_height": 78
    },
    {
      "masked_path": "d5/uki_w1_p4_a4_d5_03_masked.png",
      "mask_path": "d5/uki_w1_p4_a4_d5_03_mask.png",
      "area": 2678,
      "bb_left": 286,
      "bb_top": 263,
      "bb_width": 64,
      "bb_height": 51
    },
    {
      "masked_path": "d5/uki_w1_p4_a4_d5_04_masked.png",
      "mask_path": "d5/uki_w1_p4_a4_d5_04_mask.png",
      "area": 951,
      "bb_left": 227,
      "bb_top": 200,
      "bb_width": 43,
      "bb_height": 39
    },
    {
      "masked_path": "d5/uki_w1_p4_a4_d5_05_masked.png",
      "mask_path": "d5/uki_w1_p4_a4_d5_05_mask.png",
      "area": 277,
      "bb_left": 264,
      "bb_top": 238,
      "bb_width": 16,
      "bb_height": 28
    },
    {
      "masked_path": "d5/uki_w1_p4_a4_d5_06_masked.png",
      "mask_path": "d5/uki_w1_p4_a4_d5_06_mask.png",
      "area": 444,
      "bb_left": 306,
      "bb_top": 247,
      "bb_width": 35,
      "bb_height": 17
    },
    {
      "masked_path": "d5/uki_w1_p4_a4_d5_07_masked.png",
      "mask_path": "d5/uki_w1_p4_a4_d5_07_mask.png",
      "area": 3552,
      "bb_left": 206,
      "bb_top": 250,
      "bb_width": 71,
      "bb_height": 71
    }
  ]
}