{
  "path_d1": "uki_w1_q4_c3_d1.png",
  "path_d5": "uki_w1_q4_c3_d5.png",
  "masked_path_d1": "uki_w1_q4_c3_d1_masked.png",
  "masked_path_d5": "uki_w1_q4_c3_d5_masked.png",
  "mask_path_d1": "uki_w1_q4_c3_d1_mask.png",
  "mask_path_d5": "uki_w1_q4_c3_d5_mask.png",
  "metadata_path": "uki_w1_q4_c3_metadata.json",
  "week": 1,
  "shelf_row": "q",
  "shelf_column": "4",
  "well_row": "c",
  "well_column": "3",
  "num_leaves_d1": 2,
  "num_leaves_d5": 8,
  "area_d1": 4540,
  "area_d5": 15614,
  "leaves_d1": [
    {
      "masked_path": "d1/uki_w1_q4_c3_d1_01_masked.png",
      "mask_path": "d1/uki_w1_q4_c3_d1_01_mask.png",
      "area": 2471,
      "bb_left": 217,
      "bb_top": 238,
      "bb_width": 66,
      "bb_height": 50
    },
    {
      "masked_path": "d1/uki_w1_q4_c3_d1_02_masked.png",
      "mask_path": "d1/uki_w1_q4_c3_d1_02_mask.png",
      "area": 2090,
      "bb_left": 262,
      "bb_top": 223,
      "bb_width": 54,
      "bb_height": 52
    }
  ],
  "leaves_d5": [
    {
      "masked_path": "d5/uki_w1_q4_c3_d5_01_masked.png",
      "mask_path": "d5/uki_w1_q4_c3_d5_01_mask.png",
      "area": 3944,
      "bb_left": 181,
      "bb_top": 161,
      "bb_width": 71,
      "bb_height": 71
    },
    {
      "masked_path": "d5/uki_w1_q4_c3_d5_02_masked.png",
      "mask_path": "d5/uki_w1_q4_c3_d5_02_mask.png",
      "area": 3506,
      "bb_left": 244,
      "bb_top": 153,
      "bb_width": 61,
      "bb_height": 79
    },
    {
      "masked_path": "d5/uki_w1_q4_c3_d5_03_masked.png",
      "mask_path": "d5/uki_w1_q4_c3_d5_03_mask.png",
      "area": 1883,
      "bb_left": 261,
      "bb_top": 206,
      "bb_width": 55,
      "bb_height": 53
    },
    {
      "masked_path": "d5/uki_w1_q4_c3_d5_04_masked.png",
      "mask_path": "d5/uki_w1_q4_c3_d5_04_mask.png",
      "area": 480,
      "bb_left": 221,
      "bb_top": 217,
      "bb_width": 34,
      "bb_height": 23
    },
    {
      "masked_path": "d5/uki_w1_q4_c3_d5_05_masked.png",
      "mask_path": "d5/uki_w1_q4_c3_d5_05_mask.png",
      "area": 2471,
      "bb_left": 223,
      "bb_top": 258,
      "bb_width": 64,
      "bb_height": 54
    },
    {
      "masked_path": "d5/uki_w1_q4_c3_d5_06_masked.png",
      "mask_path": "d5/uki_w1_q4_c3_d5_06_mask.png",
      "area": 2839,
      "bb_left": 179,
      "bb_top": 238,
      "bb_width": 62,
      "bb_height": 66
    },
    {
      "masked_path": "d5/uki_w1_q4_c3_d5_07_masked.png",
      "mask_path": "d5/uki_w1_q4_c3_d5_07_mask.png",
      "area": 342,
      "bb_left": 199,
      "bb_top": 293,
      "bb_width": 29,
      "bb_height": 20
    },
    {
      "masked_path": "d5/uki_w1_q4_c3_d5_08_masked.png",
      "mask_path": "d5/uki_w1_q4_c3_d5_08_mask.png",
      "area": 245,
      "bb_left": 237,
      "bb_top": 309,
      "bb_width": 26,
      "bb_height": 13
    }
  ]
}