{
  "path_d1": "uki_w1_s1_a5_d1.png",
  "path_d5": "uki_w1_s1_a5_d5.png",
  "masked_path_d1": "uki_w1_s1_a5_d1_masked.png",
  "masked_path_d5": "uki_w1_s1_a5_d5_masked.png",
  "mask_path_d1": "uki_w1_s1_a5_d1_mask.png",
  "mask_path_d5": "uki_w1_s1_a5_d5_mask.png",
  "metadata_path": "uki_w1_s1_a5_metadata.json",
  "week": 1,
  "shelf_row": "s",
  "shelf_column": "1",
  "well_row": "a",
  "well_column": "5",
  "num_leaves_d1": 2,
  "num_leaves_d5": 9,
  "area_d1": 7077,
  "area_d5": 20865,
  "leaves_d1": [
    {
      "masked_path": "d1/uki_w1_s1_a5_d1_01_masked.png",
      "mask_path": "d1/uki_w1_s1_a5_d1_01_mask.png",
      "area": 4199,
      "bb_left": 222,
      "bb_top": 252,
      "bb_width": 73,
      "bb_height": 76
    },
    {
      "masked_path": "d1/uki_w1_s1_a5_d1_02_masked.png",
      "mask_path": "d1/uki_w1_s1_a5_d1_02_mask.png",
      "area": 2907,
      "bb_left": 246,
      "bb_top": 197,
      "bb_width": 62,
      "bb_height": 73
    }
  ],
  "leaves_d5": [
    {
      "masked_path": "d5/uki_w1_s1_a5_d5_01_masked.png",
      "mask_path": "d5/uki_w1_s1_a5_d5_01_mask.png",
      "area": 4284,
      "bb_left": 152,
      "bb_top": 186,
      "bb_width": 85,
      "bb_height": 67
    },
    {
      "masked_path": "d5/uki_w1_s1_a5_d5_02_masked.png",
      "mask_path": "d5/uki_w1_s1_a5_d5_02_mask.png",
      "area": 5182,
      "bb_left": 168,
      "bb_top": 248,
      "bb_width": 75,
      "bb_height": 87
    },
    {
      "masked_path": "d5/uki_w1_s1_a5_d5_03_masked.png",
      "mask_path": "d5/uki_w1_s1_a5_d5_03_mask.png",
      "area": 4439,
      "bb_left": 289,
      "bb_top": 220,
      "bb_width": 62,
      "bb_height": 98
    },
    {
      "masked_path": "d5/uki_w1_s1_a5_d5_04_masked.png",
      "mask_path": "d5/uki_w1_s1_a5_d5_04_mask.png",
      "area": 2247,
      "bb_left": 235,
      "bb_top": 206,
      "bb_width": 50,
      "bb_height": 57
    },
    {
      "masked_path": "d5/uki_w1_s1_a5_d5_05_masked.png",
      "mask_path": "d5/uki_w1_s1_a5_d5_05_mask.png",
      "area": 1042,
      "bb_left": 306,
      "bb_top": 215,
      "bb_width": 47,
      "bb_height": 47
    },
    {
      "masked_path": "d5/uki_w1_s1_a5_d5_06_masked.png",
      "mask_path": "d5/uki_w1_s1_a5_d5_06_mask.png",
      "area": 1238,
      "bb_left": 213,
      "bb_top": 184,
      "bb_width": 47,
      "bb_height": 40
    },
    {
      "masked_path": "d5/uki_w1_s1_a5_d5_07_masked.png",
      "mask_path": "d5/uki_w1_s1_a5_d5_07_mask.png",
      "area": 775,
      "bb_left": 228,
      "bb_top": 242,
      "bb_width": 34,
      "bb_height": 48
    },
    {
      "masked_path": "d5/uki_w1_s1_a5_d5_08_masked.png",
      "mask_path": "d5/uki_w1_s1_a5_d5_08_mask.png",
      "area": 1642,
      "bb_left": 262,
      "bb_top": 186,
      "bb_width": 46,
      "bb_height": 67
    },
    {
      "masked_path": "d5/uki_w1_s1_a5_d5_09_masked.png",
      "mask_path": "d5/uki_w1_s1_a5_d5_09_mask.png",
      "area": 218,
      "bb_left": 280,
      "bb_top": 249,
      "bb_width": 12,
      "bb_height": 28
    }
  ]
}