{
  "path_d1": "uki_w1_t3_d3_d1.png",
  "path_d5": "uki_w1_t3_d3_d5.png",
  "masked_path_d1": "uki_w1_t3_d3_d1_masked.png",
  "masked_path_d5": "uki_w1_t3_d3_d5_masked.png",
  "mask_path_d1": "uki_w1_t3_d3_d1_mask.png",
  "mask_path_d5": "uki_w1_t3_d3_d5_mask.png",
  "metadata_path": "uki_w1_t3_d3_metadata.json",
  "week": 1,
  "shelf_row": "t",
  "shelf_column": "3",
  "well_row": "d",
  "well_column": "3",
  "num_leaves_d1": 2,
  "num_leaves_d5": 10,
  "area_d1": 4993,
  "area_d5": 26744,
  "leaves_d1": [
    {
      "masked_path": "d1/uki_w1_t3_d3_d1_01_masked.png",
      "mask_path": "d1/uki_w1_t3_d3_d1_01_mask.png",
      "area": 2667,
      "bb_left": 208,
      "bb_top": 260,
      "bb_width": 73,
      "bb_height": 46
    },
    {
      "masked_path": "d1/uki_w1_t3_d3_d1_02_masked.png",
      "mask_path": "d1/uki_w1_t3_d3_d1_02_mask.png",
      "area": 2345,
      "bb_left": 245,
      "bb_top": 204,
      "bb_width": 46,
      "bb_height": 62
    }
  ],
  "leaves_d5": [
    {
      "masked_path": "d5/uki_w1_t3_d3_d5_01_masked.png",
      "mask_path": "d5/uki_w1_t3_d3_d5_01_mask.png",
      "area": 5881,
      "bb_left": 278,
      "bb_top": 212,
      "bb_width": 100,
      "bb_height": 75
    },
    {
      "masked_path": "d5/uki_w1_t3_d3_d5_02_masked.png",
      "mask_path": "d5/uki_w1_t3_d3_d5_02_mask.png",
      "area": 4329,
      "bb_left": 102,
      "bb_top": 198,
      "bb_width": 93,
      "bb_height": 62
    },
    {
      "masked_path": "d5/uki_w1_t3_d3_d5_03_masked.png",
      "mask_path": "d5/uki_w1_t3_d3_d5_03_mask.png",
      "area": 3633,
      "bb_left": 136,
      "bb_top": 243,
      "bb_width": 73,
      "bb_height": 66
    },
    {
      "masked_path": "d5/uki_w1_t3_d3_d5_04_masked.png",
      "mask_path": "d5/uki_w1_t3_d3_d5_04_mask.png",
      "area": 3437,
      "bb_left": 244,
      "bb_top": 257,
      "bb_width": 59,
      "bb_height": 82
    },
    {
      "masked_path": "d5/uki_w1_t3_d3_d5_05_masked.png",
      "mask_path": "d5/uki_w1_t3_d3_d5_05_mask.png",
      "area": 567,
      "bb_left": 288,
      "bb_top": 283,
      "bb_width": 40,
      "bb_height": 21
    },
    {
      "masked_path": "d5/uki_w1_t3_d3_d5_06_masked.png",
      "mask_path": "d5/uki_w1_t3_d3_d5_06_mask.png",
      "area": 2326,
      "bb_left": 251,
      "bb_top": 204,
      "bb_width": 55,
      "bb_height": 71
    },
    {
      "masked_path": "d5/uki_w1_t3_d3_d5_07_masked.png",
      "mask_path": "d5/uki_w1_t3_d3_d5_07_mask.png",
      "area": 2956,
      "bb_left": 189,
      "bb_top": 177,
      "bb_width": 49,
      "bb_height": 73
    },
    {
      "masked_path": "d5/uki_w1_t3_d3_d5_08_masked.png",
      "mask_path": "d5/uki_w1_t3_d3_d5_08_mask.png",
      "area": 647,
      "bb_left": 221,
      "bb_top": 223,
      "bb_width": 30,
      "bb_height": 33
    },
    {
      "masked_path": "d5/uki_w1_t3_d3_d5_09_masked.png",
      "mask_path": "d5/uki_w1_t3_d3_d5_09_mask.png",
      "area": 2668,
      "bb_left": 186,
      "bb_top": 260,
      "bb_width": 59,
      "bb_height": 68
    },
    {
      "masked_path": "d5/uki_w1_t3_d3_d5_10_masked.png",
      "mask_path": "d5/uki_w1_t3_d3_d5_10_mask.png",
      "area": 526,
      "bb_left": 154,
      "bb_top": 193,
      "bb_width": 37,
      "bb_height": 30
    }
  ]
}