{
  "path_d1": "uki_w1_t4_a6_d1.png",
  "path_d5": "uki_w1_t4_a6_d5.png",
  "masked_path_d1": "uki_w1_t4_a6_d1_masked.png",
  "masked_path_d5": "uki_w1_t4_a6_d5_masked.png",
  "mask_path_d1": "uki_w1_t4_a6_d1_mask.png",
  "mask_path_d5": "uki_w1_t4_a6_d5_mask.png",
  "metadata_path": "uki_w1_t4_a6_metadata.json",
  "week": 1,
  "shelf_row": "t",
  "shelf_column": "4",
  "well_row": "a",
  "well_column": "6",
  "num_leaves_d1": 5,
  "num_leaves_d5": 11,
  "area_d1": 11612,
  "area_d5": 18103,
  "leaves_d1": [
    {
      "masked_path": "d1/uki_w1_t4_a6_d1_01_masked.png",
      "mask_path": "d1/uki_w1_t4_a6_d1_01_mask.png",
      "area": 4540,
      "bb_left": 224,
      "bb_top": 250,
      "bb_width": 90,
      "bb_height": 66
    },
    {
      "masked_path": "d1/uki_w1_t4_a6_d1_02_masked.png",
      "mask_path": "d1/uki_w1_t4_a6_d1_02_mask.png",
      "area": 1824,
      "bb_left": 175,
      "bb_top": 253,
      "bb_width": 59,
      "bb_height": 45
    },
    {
      "masked_path": "d1/uki_w1_t4_a6_d1_03_masked.png",
      "mask_path": "d1/uki_w1_t4_a6_d1_03_mask.png",
      "area": 1586,
      "bb_left": 214,
      "bb_top": 226,
      "bb_width": 52,
      "bb_height": 47
    },
    {
      "masked_path": "d1/uki_w1_t4_a6_d1_04_masked.png",
      "mask_path": "d1/uki_w1_t4_a6_d1_04_mask.png",
      "area": 1262,
      "bb_left": 191,
      "bb_top": 297,
      "bb_width": 42,
      "bb_height": 34
    },
    {
      "masked_path": "d1/uki_w1_t4_a6_d1_05_masked.png",
      "mask_path": "d1/uki_w1_t4_a6_d1_05_mask.png",
      "area": 2459,
      "bb_left": 218,
      "bb_top": 320,
      "bb_width": 66,
      "bb_height": 49
    }
  ],
  "leaves_d5": [
    {
      "masked_path": "d5/uki_w1_t4_a6_d5_01_masked.png",
      "mask_path": "d5/uki_w1_t4_a6_d5_01_mask.png",
      "area": 4254,
      "bb_left": 265,
      "bb_top": 266,
      "bb_width": 72,
      "bb_height": 78
    },
    {
      "masked_path": "d5/uki_w1_t4_a6_d5_02_masked.png",
      "mask_path": "d5/uki_w1_t4_a6_d5_02_mask.png",
      "area": 1941,
      "bb_left": 226,
      "bb_top": 263,
      "bb_width": 40,
      "bb_height": 58
    },
    {
      "masked_path": "d5/uki_w1_t4_a6_d5_03_masked.png",
      "mask_path": "d5/uki_w1_t4_a6_d5_03_mask.png",
      "area": 287,
      "bb_left": 251,
      "bb_top": 301,
      "bb_width": 21,
      "bb_height": 25
    },
    {
      "masked_path": "d5/uki_w1_t4_a6_d5_04_masked.png",
      "mask_path": "d5/uki_w1_t4_a6_d5_04_mask.png",
      "area": 305,
      "bb_left": 275,
      "bb_top": 257,
      "bb_width": 31,
      "bb_height": 16
    },
    {
      "masked_path": "d5/uki_w1_t4_a6_d5_05_masked.png",
      "mask_path": "d5/uki_w1_t4_a6_d5_05_mask.png",
      "area": 4193,
      "bb_left": 256,
      "bb_top": 167,
      "bb_width": 65,
      "bb_height": 84
    },
    {
      "masked_path": "d5/uki_w1_t4_a6_d5_06_masked.png",
      "mask_path": "d5/uki_w1_t4_a6_d5_06_mask.png",
      "area": 1094,
      "bb_left": 237,
      "bb_top": 215,
      "bb_width": 41,
      "bb_height": 46
    },
    {
      "masked_path": "d5/uki_w1_t4_a6_d5_07_masked.png",
      "mask_path": "d5/uki_w1_t4_a6_d5_07_mask.png",
      "area": 342,
      "bb_left": 286,
      "bb_top": 224,
      "bb_width": 31,
      "bb_height": 28
    },
    {
      "masked_path": "d5/uki_w1_t4_a6_d5_08_masked.png",
      "mask_path": "d5/uki_w1_t4_a6_d5_08_mask.png",
      "area": 2032,
      "bb_left": 224,
      "bb_top": 137,
      "bb_width": 39,
      "bb_height": 66
    },
    {
      "masked_path": "d5/uki_w1_t4_a6_d5_09_masked.png",
      "mask_path": "d5/uki_w1_t4_a6_d5_09_mask.png",
      "area": 138,
      "bb_left": 246,
      "bb_top": 181,
      "bb_width": 18,
      "bb_height": 22
    },
    {
      "masked_path": "d5/uki_w1_t4_a6_d5_10_masked.png",
      "mask_path": "d5/uki_w1_t4_a6_d5_10_mask.png",
      "area": 2825,
      "bb_left": 166,
      "bb_top": 164,
      "bb_width": 64,
      "bb_height": 57
    },
    {
      "masked_path": "d5/uki_w1_t4_a6_d5_11_masked.png",
      "mask_path": "d5/uki_w1_t4_a6_d5_11_mask.png",
      "area": 925,
      "bb_left": 201,
      "bb_top": 195,
      "bb_width": 42,
      "bb_height": 38
    }
  ]
}