{
  "path_d1": "uki_w1_q3_d1_d1.png",
  "path_d5": "uki_w1_q3_d1_d5.png",
  "masked_path_d1": "uki_w1_q3_d1_d1_masked.png",
  "masked_path_d5": "uki_w1_q3_d1_d5_masked.png",
  "mask_path_d1": "uki_w1_q3_d1_d1_mask.png",
  "mask_path_d5": "uki_w1_q3_d1_d5_mask.png",
  "metadata_path": "uki_w1_q3_d1_metadata.json",
  "week": 1,
  "shelf_row": "q",
  "shelf_column": "3",
  "well_row": "d",
  "well_column": "1",
  "num_leaves_d1": 4,
  "num_leaves_d5": 10,
  "area_d1": 9043,
  "area_d5": 32254,
  "leaves_d1": [
    {
      "masked_path": "d1/uki_w1_q3_d1_d1_01_masked.png",
      "mask_path": "d1/uki_w1_q3_d1_d1_01_mask.png",
      "area": 3469,
      "bb_left": 209,
      "bb_top": 247,
      "bb_width": 63,
      "bb_height": 73
    },
    {
      "masked_path": "d1/uki_w1_q3_d1_d1_02_masked.png",
      "mask_path": "d1/uki_w1_q3_d1_d1_02_mask.png",
      "area": 3766,
      "bb_left": 238,
      "bb_top": 195,
      "bb_width": 85,
      "bb_height": 56
    },
    {
      "masked_path": "d1/uki_w1_q3_d1_d1_03_masked.png",
      "mask_path": "d1/uki_w1_q3_d1_d1_03_mask.png",
      "area": 560,
      "bb_left": 259,
      "bb_top": 251,
      "bb_width": 27,
      "bb_height": 30
    },
    {
      "masked_path": "d1/uki_w1_q3_d1_d1_04_masked.png",
      "mask_path": "d1/uki_w1_q3_d1_d1_04_mask.png",
      "area": 1301,
      "bb_left": 214,
      "bb_top": 195,
      "bb_width": 44,
      "bb_height": 45
    }
  ],
  "leaves_d5": [
    {
      "masked_path": "d5/uki_w1_q3_d1_d5_01_masked.png",
      "mask_path": "d5/uki_w1_q3_d1_d5_01_mask.png",
      "area": 5496,
      "bb_left": 254,
      "bb_top": 147,
      "bb_width": 77,
      "bb_height": 99
    },
    {
      "masked_path": "d5/uki_w1_q3_d1_d5_02_masked.png",
      "mask_path": "d5/uki_w1_q3_d1_d5_02_mask.png",
      "area": 3689,
      "bb_left": 278,
      "bb_top": 248,
      "bb_width": 85,
      "bb_height": 60
    },
    {
      "masked_path": "d5/uki_w1_q3_d1_d5_03_masked.png",
      "mask_path": "d5/uki_w1_q3_d1_d5_03_mask.png",
      "area": 3227,
      "bb_left": 219,
      "bb_top": 202,
      "bb_width": 68,
      "bb_height": 69
    },
    {
      "masked_path": "d5/uki_w1_q3_d1_d5_04_masked.png",
      "mask_path": "d5/uki_w1_q3_d1_d5_04_mask.png",
      "area": 3758,
      "bb_left": 240,
      "bb_top": 271,
      "bb_width": 70,
      "bb_height": 72
    },
    {
      "masked_path": "d5/uki_w1_q3_d1_d5_05_masked.png",
      "mask_path": "d5/uki_w1_q3_d1_d5_05_mask.png",
      "area": 537,
      "bb_left": 249,
      "bb_top": 246,
      "bb_width": 60,
      "bb_height": 28
    },
    {
      "masked_path": "d5/uki_w1_q3_d1_d5_06_masked.png",
      "mask_path": "d5/uki_w1_q3_d1_d5_06_mask.png",
      "area": 1112,
      "bb_left": 308,
      "bb_top": 199,
      "bb_width": 38,
      "bb_height": 50
    },
    {
      "masked_path": "d5/uki_w1_q3_d1_d5_07_masked.png",
      "mask_path": "d5/uki_w1_q3_d1_d5_07_mask.png",
      "area": 5441,
      "bb_left": 112,
      "bb_top": 276,
      "bb_width": 82,
      "bb_height": 89
    },
    {
      "masked_path": "d5/uki_w1_q3_d1_d5_08_masked.png",
      "mask_path": "d5/uki_w1_q3_d1_d5_08_mask.png",
      "area": 3730,
      "bb_left": 68,
      "bb_top": 253,
      "bb_width": 85,
      "bb_height": 63
    },
    {
      "masked_path": "d5/uki_w1_q3_d1_d5_09_masked.png",
      "mask_path": "d5/uki_w1_q3_d1_d5_09_mask.png",
      "area": 1355,
      "bb_left": 90,
      "bb_top": 225,
      "bb_width": 56,
      "bb_height": 35
    },
    {
      "masked_path": "d5/uki_w1_q3_d1_d5_10_masked.png",
      "mask_path": "d5/uki_w1_q3_d1_d5_10_mask.png",
      "area": 4052,
      "bb_left": 134,
      "bb_top": 184,
      "bb_width": 57,
      "bb_height": 90
    }
  ]
}