{
  "path_d1": "uki_w1_s2_b2_d1.png",
  "path_d5": "uki_w1_s2_b2_d5.png",
  "masked_path_d1": "uki_w1_s2_b2_d1_masked.png",
  "masked_path_d5": "uki_w1_s2_b2_d5_masked.png",
  "mask_path_d1": "uki_w1_s2_b2_d1_mask.png",
  "mask_path_d5": "uki_w1_s2_b2_d5_mask.png",
  "metadata_path": "uki_w1_s2_b2_metadata.json",
  "week": 1,
  "shelf_row": "s",
  "shelf_column": "2",
  "well_row": "b",
  "well_column": "2",
  "num_leaves_d1": 4,
  "num_leaves_d5": 12,
  "area_d1": 9444,
  "area_d5": 30513,
  "leaves_d1": [
    {
      "masked_path": "d1/uki_w1_s2_b2_d1_01_masked.png",
      "mask_path": "d1/uki_w1_s2_b2_d1_01_mask.png",
      "area": 3936,
      "bb_left": 268,
      "bb_top": 239,
      "bb_width": 55,
      "bb_height": 89
    },
    {
      "masked_path": "d1/uki_w1_s2_b2_d1_02_masked.png",
      "mask_path": "d1/uki_w1_s2_b2_d1_02_mask.png",
      "area": 200,
      "bb_left": 294,
      "bb_top": 238,
      "bb_width": 22,
      "bb_height": 22
    },
    {
      "masked_path": "d1/uki_w1_s2_b2_d1_03_masked.png",
      "mask_path": "d1/uki_w1_s2_b2_d1_03_mask.png",
      "area": 3249,
      "bb_left": 222,
      "bb_top": 189,
      "bb_width": 60,
      "bb_height": 72
    },
    {
      "masked_path": "d1/uki_w1_s2_b2_d1_04_masked.png",
      "mask_path": "d1/uki_w1_s2_b2_d1_04_mask.png",
      "area": 2148,
      "bb_left": 214,
      "bb_top": 241,
      "bb_width": 56,
      "bb_height": 53
    }
  ],
  "leaves_d5": [
    {
      "masked_path": "d5/uki_w1_s2_b2_d5_01_masked.png",
      "mask_path": "d5/uki_w1_s2_b2_d5_01_mask.png",
      "area": 5491,
      "bb_left": 248,
      "bb_top": 301,
      "bb_width": 84,
      "bb_height": 93
    },
    {
      "masked_path": "d5/uki_w1_s2_b2_d5_02_masked.png",
      "mask_path": "d5/uki_w1_s2_b2_d5_02_mask.png",
      "area": 4701,
      "bb_left": 265,
      "bb_top": 247,
      "bb_width": 81,
      "bb_height": 76
    },
    {
      "masked_path": "d5/uki_w1_s2_b2_d5_03_masked.png",
      "mask_path": "d5/uki_w1_s2_b2_d5_03_mask.png",
      "area": 122,
      "bb_left": 256,
      "bb_top": 287,
      "bb_width": 12,
      "bb_height": 14
    },
    {
      "masked_path": "d5/uki_w1_s2_b2_d5_04_masked.png",
      "mask_path": "d5/uki_w1_s2_b2_d5_04_mask.png",
      "area": 2032,
      "bb_left": 215,
      "bb_top": 308,
      "bb_width": 46,
      "bb_height": 63
    },
    {
      "masked_path": "d5/uki_w1_s2_b2_d5_05_masked.png",
      "mask_path": "d5/uki_w1_s2_b2_d5_05_mask.png",
      "area": 4092,
      "bb_left": 257,
      "bb_top": 188,
      "bb_width": 90,
      "bb_height": 60
    },
    {
      "masked_path": "d5/uki_w1_s2_b2_d5_06_masked.png",
      "mask_path": "d5/uki_w1_s2_b2_d5_06_mask.png",
      "area": 3816,
      "bb_left": 253,
      "bb_top": 110,
      "bb_width": 59,
      "bb_height": 81
    },
    {
      "masked_path": "d5/uki_w1_s2_b2_d5_07_masked.png",
      "mask_path": "d5/uki_w1_s2_b2_d5_07_mask.png",
      "area": 288,
      "bb_left": 299,
      "bb_top": 160,
      "bb_width": 17,
      "bb_height": 28
    },
    {
      "masked_path": "d5/uki_w1_s2_b2_d5_08_masked.png",
      "mask_path": "d5/uki_w1_s2_b2_d5_08_mask.png",
      "area": 2599,
      "bb_left": 213,
      "bb_top": 142,
      "bb_width": 61,
      "bb_height": 63
    },
    {
      "masked_path": "d5/uki_w1_s2_b2_d5_09_masked.png",
      "mask_path": "d5/uki_w1_s2_b2_d5_09_mask.png",
      "area": 3396,
      "bb_left": 173,
      "bb_top": 256,
      "bb_width": 59,
      "bb_height": 72
    },
    {
      "masked_path": "d5/uki_w1_s2_b2_d5_10_masked.png",
      "mask_path": "d5/uki_w1_s2_b2_d5_10_mask.png",
      "area": 647,
      "bb_left": 231,
      "bb_top": 261,
      "bb_width": 22,
      "bb_height": 37
    },
    {
      "masked_path": "d5/uki_w1_s2_b2_d5_11_masked.png",
      "mask_path": "d5/uki_w1_s2_b2_d5_11_mask.png",
      "area": 3342,
      "bb_left": 166,
      "bb_top": 202,
      "bb_width": 67,
      "bb_height": 62
    },
    {
      "masked_path": "d5/uki_w1_s2_b2_d5_12_masked.png",
      "mask_path": "d5/uki_w1_s2_b2_d5_12_mask.png",
      "area": 156,
      "bb_left": 175,
      "bb_top": 254,
      "bb_width": 20,
      "bb_height": 16
    }
  ]
}