{
  "path_d1": "uki_w1_t4_b2_d1.png",
  "path_d5": "uki_w1_t4_b2_d5.png",
  "masked_path_d1": "uki_w1_t4_b2_d1_masked.png",
  "masked_path_d5": "uki_w1_t4_b2_d5_masked.png",
  "mask_path_d1": "uki_w1_t4_b2_d1_mask.png",
  "mask_path_d5": "uki_w1_t4_b2_d5_mask.png",
  "metadata_path": "uki_w1_t4_b2_metadata.json",
  "week": 1,
  "shelf_row": "t",
  "shelf_column": "4",
  "well_row": "b",
  "well_column": "2",
  "num_leaves_d1": 4,
  "num_leaves_d5": 21,
  "area_d1": 13881,
  "area_d5": 63518,
  "leaves_d1": [
    {
      "masked_path": "d1/uki_w1_t4_b2_d1_01_masked.png",
      "mask_path": "d1/uki_w1_t4_b2_d1_01_mask.png",
      "area": 5364,
      "bb_left": 245,
      "bb_top": 194,
      "bb_width": 89,
      "bb_height": 80
    },
    {
      "masked_path": "d1/uki_w1_t4_b2_d1_02_masked.png",
      "mask_path": "d1/uki_w1_t4_b2_d1_02_mask.png",
      "area": 4684,
      "bb_left": 182,
      "bb_top": 171,
      "bb_width": 76,
      "bb_height": 78
    },
    {
      "masked_path": "d1/uki_w1_t4_b2_d1_03_masked.png",
      "mask_path": "d1/uki_w1_t4_b2_d1_03_mask.png",
      "area": 685,
      "bb_left": 212,
      "bb_top": 249,
      "bb_width": 33,
      "bb_height": 24
    },
    {
      "masked_path": "d1/uki_w1_t4_b2_d1_04_masked.png",
      "mask_path": "d1/uki_w1_t4_b2_d1_04_mask.png",
      "area": 3221,
      "bb_left": 249,
      "bb_top": 265,
      "bb_width": 64,
      "bb_height": 61
    }
  ],
  "leaves_d5": [
    {
      "masked_path": "d5/uki_w1_t4_b2_d5_01_masked.png",
      "mask_path": "d5/uki_w1_t4_b2_d5_01_mask.png",
      "area": 6209,
      "bb_left": 112,
      "bb_top": 308,
      "bb_width": 86,
      "bb_height": 91
    },
    {
      "masked_path": "d5/uki_w1_t4_b2_d5_02_masked.png",
      "mask_path": "d5/uki_w1_t4_b2_d5_02_mask.png",
      "area": 5322,
      "bb_left": 228,
      "bb_top": 313,
      "bb_width": 77,
      "bb_height": 89
    },
    {
      "masked_path": "d5/uki_w1_t4_b2_d5_03_masked.png",
      "mask_path": "d5/uki_w1_t4_b2_d5_03_mask.png",
      "area": 5077,
      "bb_left": 317,
      "bb_top": 322,
      "bb_width": 88,
      "bb_height": 76
    },
    {
      "masked_path": "d5/uki_w1_t4_b2_d5_04_masked.png",
      "mask_path": "d5/uki_w1_t4_b2_d5_04_mask.png",
      "area": 500,
      "bb_left": 302,
      "bb_top": 318,
      "bb_width": 19,
      "bb_height": 36
    },
    {
      "masked_path": "d5/uki_w1_t4_b2_d5_05_masked.png",
      "mask_path": "d5/uki_w1_t4_b2_d5_05_mask.png",
      "area": 5038,
      "bb_left": 192,
      "bb_top": 115,
      "bb_width": 78,
      "bb_height": 79
    },
    {
      "masked_path": "d5/uki_w1_t4_b2_d5_06_masked.png",
      "mask_path": "d5/uki_w1_t4_b2_d5_06_mask.png",
      "area": 4558,
      "bb_left": 260,
      "bb_top": 94,
      "bb_width": 72,
      "bb_height": 84
    },
    {
      "masked_path": "d5/uki_w1_t4_b2_d5_07_masked.png",
      "mask_path": "d5/uki_w1_t4_b2_d5_07_mask.png",
      "area": 4215,
      "bb_left": 222,
      "bb_top": 255,
      "bb_width": 75,
      "bb_height": 76
    },
    {
      "masked_path": "d5/uki_w1_t4_b2_d5_08_masked.png",
      "mask_path": "d5/uki_w1_t4_b2_d5_08_mask.png",
      "area": 677,
      "bb_left": 280,
      "bb_top": 160,
      "bb_width": 40,
      "bb_height": 32
    },
    {
      "masked_path": "d5/uki_w1_t4_b2_d5_09_masked.png",
      "mask_path": "d5/uki_w1_t4_b2_d5_09_mask.png",
      "area": 623,
      "bb_left": 237,
      "bb_top": 175,
      "bb_width": 36,
      "bb_height": 32
    },
    {
      "masked_path": "d5/uki_w1_t4_b2_d5_10_masked.png",
      "mask_path": "d5/uki_w1_t4_b2_d5_10_mask.png",
      "area": 4423,
      "bb_left": 235,
      "bb_top": 180,
      "bb_width": 78,
      "bb_height": 86
    },
    {
      "masked_path": "d5/uki_w1_t4_b2_d5_11_masked.png",
      "mask_path": "d5/uki_w1_t4_b2_d5_11_mask.png",
      "area": 2627,
      "bb_left": 296,
      "bb_top": 167,
      "bb_width": 60,
      "bb_height": 72
    },
    {
      "masked_path": "d5/uki_w1_t4_b2_d5_12_masked.png",
      "mask_path": "d5/uki_w1_t4_b2_d5_12_mask.png",
      "area": 1672,
      "bb_left": 116,
      "bb_top": 265,
      "bb_width": 47,
      "bb_height": 48
    },
    {
      "masked_path": "d5/uki_w1_t4_b2_d5_13_masked.png",
      "mask_path": "d5/uki_w1_t4_b2_d5_13_mask.png",
      "area": 3809,
      "bb_left": 144,
      "bb_top": 143,
      "bb_width": 75,
      "bb_height": 77
    },
    {
      "masked_path": "d5/uki_w1_t4_b2_d5_14_masked.png",
      "mask_path": "d5/uki_w1_t4_b2_d5_14_mask.png",
      "area": 4216,
      "bb_left": 135,
      "bb_top": 74,
      "bb_width": 78,
      "bb_height": 76
    },
    {
      "masked_path": "d5/uki_w1_t4_b2_d5_15_masked.png",
      "mask_path": "d5/uki_w1_t4_b2_d5_15_mask.png",
      "area": 3266,
      "bb_left": 193,
      "bb_top": 62,
      "bb_width": 71,
      "bb_height": 59
    },
    {
      "masked_path": "d5/uki_w1_t4_b2_d5_16_masked.png",
      "mask_path": "d5/uki_w1_t4_b2_d5_16_mask.png",
      "area": 2184,
      "bb_left": 88,
      "bb_top": 248,
      "bb_width": 61,
      "bb_height": 68
    },
    {
      "masked_path": "d5/uki_w1_t4_b2_d5_17_masked.png",
      "mask_path": "d5/uki_w1_t4_b2_d5_17_mask.png",
      "area": 713,
      "bb_left": 99,
      "bb_top": 303,
      "bb_width": 26,
      "bb_height": 47
    },
    {
      "masked_path": "d5/uki_w1_t4_b2_d5_18_masked.png",
      "mask_path": "d5/uki_w1_t4_b2_d5_18_mask.png",
      "area": 2861,
      "bb_left": 152,
      "bb_top": 265,
      "bb_width": 61,
      "bb_height": 66
    },
    {
      "masked_path": "d5/uki_w1_t4_b2_d5_19_masked.png",
      "mask_path": "d5/uki_w1_t4_b2_d5_19_mask.png",
      "area": 1041,
      "bb_left": 304,
      "bb_top": 353,
      "bb_width": 37,
      "bb_height": 43
    },
    {
      "masked_path": "d5/uki_w1_t4_b2_d5_20_masked.png",
      "mask_path": "d5/uki_w1_t4_b2_d5_20_mask.png",
      "area": 2701,
      "bb_left": 302,
      "bb_top": 279,
      "bb_width": 68,
      "bb_height": 58
    },
    {
      "masked_path": "d5/uki_w1_t4_b2_d5_21_masked.png",
      "mask_path": "d5/uki_w1_t4_b2_d5_21_mask.png",
      "area": 2383,
      "bb_left": 112,
      "bb_top": 211,
      "bb_width": 87,
      "bb_height": 54
    }
  ]
}