{
  "path_d1": "uki_w1_q3_c4_d1.png",
  "path_d5": "uki_w1_q3_c4_d5.png",
  "masked_path_d1": "uki_w1_q3_c4_d1_masked.png",
  "masked_path_d5": "uki_w1_q3_c4_d5_masked.png",
  "mask_path_d1": "uki_w1_q3_c4_d1_mask.png",
  "mask_path_d5": "uki_w1_q3_c4_d5_mask.png",
  "metadata_path": "uki_w1_q3_c4_metadata.json",
  "week": 1,
  "shelf_row": "q",
  "shelf_column": "3",
  "well_row": "c",
  "well_column": "4",
  "num_leaves_d1": 2,
  "num_leaves_d5": 6,
  "area_d1": 4686,
  "area_d5": 13712,
  "leaves_d1": [
    {
      "masked_path": "d1/uki_w1_q3_c4_d1_01_masked.png",
      "mask_path": "d1/uki_w1_q3_c4_d1_01_mask.png",
      "area": 2296,
      "bb_left": 244,
      "bb_top": 256,
      "bb_width": 56,
      "bb_height": 49
    },
    {
      "masked_path": "d1/uki_w1_q3_c4_d1_02_masked.png",
      "mask_path": "d1/uki_w1_q3_c4_d1_02_mask.png",
      "area": 2414,
      "bb_left": 208,
      "bb_top": 225,
      "bb_width": 44,
      "bb_height": 72
    }
  ],
  "leaves_d5": [
    {
      "masked_path": "d5/uki_w1_q3_c4_d5_01_masked.png",
      "mask_path": "d5/uki_w1_q3_c4_d5_01_mask.png",
      "area": 5317,
      "bb_left": 230,
      "bb_top": 251,
      "bb_width": 77,
      "bb_height": 91
    },
    {
      "masked_path": "d5/uki_w1_q3_c4_d5_02_masked.png",
      "mask_path": "d5/uki_w1_q3_c4_d5_02_mask.png",
      "area": 2933,
      "bb_left": 190,
      "bb_top": 230,
      "bb_width": 78,
      "bb_height": 57
    },
    {
      "masked_path": "d5/uki_w1_q3_c4_d5_03_masked.png",
      "mask_path": "d5/uki_w1_q3_c4_d5_03_mask.png",
      "area": 213,
      "bb_left": 264,
      "bb_top": 245,
      "bb_width": 22,
      "bb_height": 17
    },
    {
      "masked_path": "d5/uki_w1_q3_c4_d5_04_masked.png",
      "mask_path": "d5/uki_w1_q3_c4_d5_04_mask.png",
      "area": 2621,
      "bb_left": 267,
      "bb_top": 202,
      "bb_width": 70,
      "bb_height": 48
    },
    {
      "masked_path": "d5/uki_w1_q3_c4_d5_05_masked.png",
      "mask_path": "d5/uki_w1_q3_c4_d5_05_mask.png",
      "area": 1378,
      "bb_left": 258,
      "bb_top": 174,
      "bb_width": 49,
      "bb_height": 41
    },
    {
      "masked_path": "d5/uki_w1_q3_c4_d5_06_masked.png",
      "mask_path": "d5/uki_w1_q3_c4_d5_06_mask.png",
      "area": 1327,
      "bb_left": 218,
      "bb_top": 202,
      "bb_width": 50,
      "bb_height": 34
    }
  ]
}