{
  "path_d1": "uki_w1_q3_a5_d1.png",
  "path_d5": "uki_w1_q3_a5_d5.png",
  "masked_path_d1": "uki_w1_q3_a5_d1_masked.png",
  "masked_path_d5": "uki_w1_q3_a5_d5_masked.png",
  "mask_path_d1": "uki_w1_q3_a5_d1_mask.png",
  "mask_path_d5": "uki_w1_q3_a5_d5_mask.png",
  "metadata_path": "uki_w1_q3_a5_metadata.json",
  "week": 1,
  "shelf_row": "q",
  "shelf_column": "3",
  "well_row": "a",
  "well_column": "5",
  "num_leaves_d1": 3,
  "num_leaves_d5": 10,
  "area_d1": 8185,
  "area_d5": 34898,
  "leaves_d1": [
    {
      "masked_path": "d1/uki_w1_q3_a5_d1_01_masked.png",
      "mask_path": "d1/uki_w1_q3_a5_d1_01_mask.png",
      "area": 4154,
      "bb_left": 228,
      "bb_top": 253,
      "bb_width": 76,
      "bb_height": 73
    },
    {
      "masked_path": "d1/uki_w1_q3_a5_d1_02_masked.png",
      "mask_path": "d1/uki_w1_q3_a5_d1_02_mask.png",
      "area": 3018,
      "bb_left": 231,
      "bb_top": 201,
      "bb_width": 65,
      "bb_height": 59
    },
    {
      "masked_path": "d1/uki_w1_q3_a5_d1_03_masked.png",
      "mask_path": "d1/uki_w1_q3_a5_d1_03_mask.png",
      "area": 1032,
      "bb_left": 208,
      "bb_top": 265,
      "bb_width": 33,
      "bb_height": 45
    }
  ],
  "leaves_d5": [
    {
      "masked_path": "d5/uki_w1_q3_a5_d5_01_masked.png",
      "mask_path": "d5/uki_w1_q3_a5_d5_01_mask.png",
      "area": 5344,
      "bb_left": 149,
      "bb_top": 301,
      "bb_width": 96,
      "bb_height": 78
    },
    {
      "masked_path": "d5/uki_w1_q3_a5_d5_02_masked.png",
      "mask_path": "d5/uki_w1_q3_a5_d5_02_mask.png",
      "area": 4755,
      "bb_left": 210,
      "bb_top": 318,
      "bb_width": 80,
      "bb_height": 85
    },
    {
      "masked_path": "d5/uki_w1_q3_a5_d5_03_masked.png",
      "mask_path": "d5/uki_w1_q3_a5_d5_03_mask.png",
      "area": 4511,
      "bb_left": 231,
      "bb_top": 252,
      "bb_width": 95,
      "bb_height": 66
    },
    {
      "masked_path": "d5/uki_w1_q3_a5_d5_04_masked.png",
      "mask_path": "d5/uki_w1_q3_a5_d5_04_mask.png",
      "area": 140,
      "bb_left": 244,
      "bb_top": 303,
      "bb_width": 22,
      "bb_height": 13
    },
    {
      "masked_path": "d5/uki_w1_q3_a5_d5_05_masked.png",
      "mask_path": "d5/uki_w1_q3_a5_d5_05_mask.png",
      "area": 2821,
      "bb_left": 203,
      "bb_top": 222,
      "bb_width": 64,
      "bb_height": 61
    },
    {
      "masked_path": "d5/uki_w1_q3_a5_d5_06_masked.png",
      "mask_path": "d5/uki_w1_q3_a5_d5_06_mask.png",
      "area": 1484,
      "bb_left": 176,
      "bb_top": 270,
      "bb_width": 60,
      "bb_height": 39
    },
    {
      "masked_path": "d5/uki_w1_q3_a5_d5_07_masked.png",
      "mask_path": "d5/uki_w1_q3_a5_d5_07_mask.png",
      "area": 5563,
      "bb_left": 183,
      "bb_top": 111,
      "bb_width": 86,
      "bb_height": 83
    },
    {
      "masked_path": "d5/uki_w1_q3_a5_d5_08_masked.png",
      "mask_path": "d5/uki_w1_q3_a5_d5_08_mask.png",
      "area": 4479,
      "bb_left": 277,
      "bb_top": 135,
      "bb_width": 75,
      "bb_height": 82
    },
    {
      "masked_path": "d5/uki_w1_q3_a5_d5_09_masked.png",
      "mask_path": "d5/uki_w1_q3_a5_d5_09_mask.png",
      "area": 3000,
      "bb_left": 216,
      "bb_top": 141,
      "bb_width": 66,
      "bb_height": 91
    },
    {
      "masked_path": "d5/uki_w1_q3_a5_d5_10_masked.png",
      "mask_path": "d5/uki_w1_q3_a5_d5_10_mask.png",
      "area": 3029,
      "bb_left": 279,
      "bb_top": 200,
      "bb_width": 67,
      "bb_height": 62
    }
  ]
}