{
  "path_d1": "uki_w1_s3_c5_d1.png",
  "path_d5": "uki_w1_s3_c5_d5.png",
  "masked_path_d1": "uki_w1_s3_c5_d1_masked.png",
  "masked_path_d5": "uki_w1_s3_c5_d5_masked.png",
  "mask_path_d1": "uki_w1_s3_c5_d1_mask.png",
  "mask_path_d5": "uki_w1_s3_c5_d5_mask.png",
  "metadata_path": "uki_w1_s3_c5_metadata.json",
  "week": 1,
  "shelf_row": "s",
  "shelf_column": "3",
  "well_row": "c",
  "well_column": "5",
  "num_leaves_d1": 2,
  "num_leaves_d5": 6,
  "area_d1": 3707,
  "area_d5": 17509,
  "leaves_d1": [
    {
      "masked_path": "d1/uki_w1_s3_c5_d1_01_masked.png",
      "mask_path": "d1/uki_w1_s3_c5_d1_01_mask.png",
      "area": 3581,
      "bb_left": 229,
      "bb_top": 230,
      "bb_width": 84,
      "bb_height": 56
    },
    {
      "masked_path": "d1/uki_w1_s3_c5_d1_02_masked.png",
      "mask_path": "d1/uki_w1_s3_c5_d1_02_mask.png",
      "area": 134,
      "bb_left": 236,
      "bb_top": 232,
      "bb_width": 23,
      "bb_height": 13
    }
  ],
  "leaves_d5": [
    {
      "masked_path": "d5/uki_w1_s3_c5_d5_01_masked.png",
      "mask_path": "d5/uki_w1_s3_c5_d5_01_mask.png",
      "area": 4754,
      "bb_left": 271,
      "bb_top": 224,
      "bb_width": 89,
      "bb_height": 68
    },
    {
      "masked_path": "d5/uki_w1_s3_c5_d5_02_masked.png",
      "mask_path": "d5/uki_w1_s3_c5_d5_02_mask.png",
      "area": 3973,
      "bb_left": 259,
      "bb_top": 271,
      "bb_width": 72,
      "bb_height": 81
    },
    {
      "masked_path": "d5/uki_w1_s3_c5_d5_03_masked.png",
      "mask_path": "d5/uki_w1_s3_c5_d5_03_mask.png",
      "area": 3392,
      "bb_left": 211,
      "bb_top": 205,
      "bb_width": 78,
      "bb_height": 55
    },
    {
      "masked_path": "d5/uki_w1_s3_c5_d5_04_masked.png",
      "mask_path": "d5/uki_w1_s3_c5_d5_04_mask.png",
      "area": 122,
      "bb_left": 276,
      "bb_top": 228,
      "bb_width": 17,
      "bb_height": 20
    },
    {
      "masked_path": "d5/uki_w1_s3_c5_d5_05_masked.png",
      "mask_path": "d5/uki_w1_s3_c5_d5_05_mask.png",
      "area": 4434,
      "bb_left": 252,
      "bb_top": 144,
      "bb_width": 75,
      "bb_height": 75
    },
    {
      "masked_path": "d5/uki_w1_s3_c5_d5_06_masked.png",
      "mask_path": "d5/uki_w1_s3_c5_d5_06_mask.png",
      "area": 910,
      "bb_left": 243,
      "bb_top": 254,
      "bb_width": 32,
      "bb_height": 44
    }
  ]
}